SID,NAME,time,lat,lon,wind,pres,age_h,basin_bob,year,month,season,month_sin,month_cos,dlat_p6,dlon_p6,dlat_p12,dlon_p12,dwind_p6,dwind_p12,dwind_p24,speed_kmh,heading_sin,heading_cos,y_dlat_6,y_dlon_6,y_dwind_6,y_dlat_12,y_dlon_12,y_dwind_12,y_dlat_18,y_dlon_18,y_dwind_18,y_dlat_24,y_dlon_24,y_dwind_24,y_ri,y_peak_wind,y_peak_grade,split,c_sst_c,c_msla,c_vort850,c_shear_200_850,c_rh_mid_mean,c_div200,c_tp6,c_t_upper_anom,c_thick_anom,c_t850_t500,c_dp6,c_dp12,c_airsea_dt,c_lsm,c_dist_land_km,d200_max_vort850,d200_min_msla,d200_mean_tp6,d300_mean_rh_mid_mean,d500_mean_shear_200_850,d300_mean_sst_c,d300_mean_div200,d300_mean_rh_mid_min,ring_steer_u,ring_steer_v,ring_steer_lo_u,ring_steer_lo_v,ring_steer_hi_u,ring_steer_hi_v,env_pres,pres_drop,land_ahead_12,land_ahead_24,mpi_kt,mpi_gap,coriolis
2007133N15091,AKASH,2007-05-12 21:00:00,15.0,90.5,25.0,998.0,0.0,1,2007,5,0,0.49999999999999994,-0.8660254037844387,,,,,,,,,,,-0.09999999999999964,0.29999999999999716,0.0,0.40000000000000036,0.4000000000000057,0.0,1.0,0.4000000000000057,5.0,1.6000000000000014,0.7999999999999972,10.0,0.0,57.0,4.0,test,30.523834228515625,-2.15167236328125,14.572463035583496,18.219724655151367,97.68814849853516,8.0494384765625,24.58905029296875,1.61846923828125,26.2255859375,21.67578125,-3.3743896484375,-0.85186767578125,3.750213623046875,0.0,343.317138671875,28.681896209716797,-3.24676513671875,21.107229232788086,86.92723083496094,14.507765769958496,30.56722068786621,3.601853609085083,76.38863372802734,1.5363019704818726,0.9450789093971252,3.6466140747070312,-0.5838596820831299,0.17710088193416595,1.8519412279129028,1004.1806640625,6.1806640625,0.0,0.0,176.3881072998047,151.3881072998047,3.774668717584183
2007133N15091,AKASH,2007-05-13 00:00:00,14.8,90.7,25.0,998.0,3.0,1,2007,5,0,0.49999999999999994,-0.8660254037844387,,,,,,,,,,,0.3999999999999986,0.09999999999999432,0.0,0.7999999999999989,0.20000000000000284,0.0,1.3999999999999986,0.20000000000000284,5.0,2.3999999999999986,0.7000000000000028,20.0,0.0,57.0,4.0,test,30.29730987548828,-3.465041399002075,23.591543197631836,13.502555847167969,96.9644546508789,13.07382869720459,19.505874633789062,1.2494573593139648,31.747852325439453,22.054208755493164,-3.1320972442626953,-2.345573663711548,3.559252977371216,0.0,312.9787292480469,28.820592880249023,-3.9630126953125,22.671255111694336,89.3333511352539,15.661357879638672,30.337724685668945,4.025068283081055,80.80149841308594,1.1962774991989136,1.820309042930603,3.8203279972076416,0.3351764976978302,-0.5928746461868286,2.838439464569092,1004.5865478515625,6.5865478515625,0.0,0.0,170.72837829589844,145.72837829589844,3.7254720228871565
2007133N15091,AKASH,2007-05-13 03:00:00,14.9,90.8,25.0,996.0,6.0,1,2007,5,0,0.49999999999999994,-0.8660254037844387,-0.09999999999999964,0.29999999999999716,,,0.0,,,5.68345110707568,0.9453427689943118,-0.32607828678120737,0.5,0.10000000000000853,0.0,1.0999999999999996,0.10000000000000853,5.0,1.700000000000001,0.5,10.0,2.9999999999999982,0.7999999999999972,20.0,0.0,57.0,4.0,test,30.309263229370117,-4.212206840515137,19.945213317871094,11.45007038116455,95.18051147460938,2.8861095905303955,10.882418632507324,1.7255462408065796,40.22996139526367,22.391464233398438,-0.42179930210113525,-3.787592887878418,3.0313282012939453,0.0,314.34710693359375,38.00260925292969,-4.6092529296875,23.201608657836914,86.34054565429688,14.864786148071289,30.363492965698242,2.6770153045654297,74.6988754272461,1.2116762399673462,2.2055506706237793,3.1347556114196777,0.5311778783798218,-0.13121631741523743,3.431610584259033,1005.8984375,9.8984375,0.0,0.0,171.22039794921875,146.22039794921875,3.750076081926721
2007133N15091,AKASH,2007-05-13 06:00:00,15.2,90.8,25.0,996.0,9.0,1,2007,5,0,0.49999999999999994,-0.8660254037844387,0.3999999999999986,0.09999999999999432,,,0.0,,,7.625680541188871,0.23452553627454856,0.9721099592305057,0.40000000000000036,0.10000000000000853,0.0,1.0,0.10000000000000853,5.0,2.0,0.6000000000000085,20.0,3.6000000000000014,0.7999999999999972,20.0,0.0,57.0,4.0,test,30.36754608154297,-4.404052734375,24.518110275268555,14.16956901550293,96.66798400878906,8.344114303588867,14.628754615783691,1.5418951511383057,35.60663986206055,22.026611328125,-0.4986914098262787,-3.574294328689575,3.1237597465515137,0.0,340.3683166503906,36.28019714355469,-5.25225830078125,23.342174530029297,84.18171691894531,14.76388168334961,30.4227237701416,1.7095142602920532,72.40855407714844,1.6590230464935303,2.4169092178344727,3.1247856616973877,0.8741244673728943,0.6750195026397705,3.62680721282959,1005.3455200195312,9.34552001953125,0.0,0.0,172.58914184570312,147.58914184570312,3.8238194191340993
2007133N15091,AKASH,2007-05-13 09:00:00,15.4,90.9,25.0,996.0,12.0,1,2007,5,0,0.49999999999999994,-0.8660254037844387,0.5,0.10000000000000853,0.40000000000000036,0.4000000000000057,0.0,0.0,,9.43693387706703,0.18933160189232145,0.9819132062075994,0.5999999999999996,0.0,5.0,1.200000000000001,0.3999999999999915,10.0,2.4999999999999982,0.6999999999999886,20.0,3.9000000000000004,0.7999999999999972,20.0,0.0,57.0,4.0,test,30.47379493713379,-4.747751235961914,39.899810791015625,16.56100845336914,97.00881958007812,-7.2057976722717285,30.39750862121582,2.172799587249756,40.766056060791016,22.1573543548584,-3.361071825027466,-3.953300714492798,2.9521093368530273,0.0,350.275634765625,43.40372848510742,-5.78192138671875,21.551246643066406,81.61127471923828,14.557004928588867,30.448143005371094,1.7198902368545532,70.47258758544922,2.0748074054718018,2.0593597888946533,3.7282941341400146,0.920894980430603,1.0813060998916626,3.0449557304382324,1003.2335205078125,7.2335205078125,0.0,0.0,174.05630493164062,149.05630493164062,3.8729235286511168
2007133N15091,AKASH,2007-05-13 12:00:00,15.6,90.9,25.0,996.0,15.0,1,2007,5,0,0.49999999999999994,-0.8660254037844387,0.40000000000000036,0.10000000000000853,0.7999999999999989,0.20000000000000284,0.0,0.0,,7.624875491865885,0.2340996949815254,0.9722125965083752,0.5999999999999996,0.0,5.0,1.5999999999999996,0.5,20.0,3.200000000000001,0.6999999999999886,20.0,4.299999999999999,1.0,20.0,0.0,57.0,4.0,test,30.582077026367188,-4.615637302398682,28.72135353088379,13.01794719696045,97.2164077758789,-1.5098503828048706,31.06235694885254,2.113150119781494,46.279296875,20.444316864013672,-2.374221086502075,-3.3365161418914795,3.1368165016174316,0.0,356.54742431640625,37.65000915527344,-6.09051513671875,19.393810272216797,83.00344848632812,15.903204917907715,30.47822380065918,2.560283899307251,69.75572967529297,1.8696799278259277,1.9958949089050293,4.26670503616333,1.2421315908432007,0.5091952085494995,2.6936488151550293,1003.3587036132812,7.35870361328125,0.0,0.0,174.85511779785156,149.85511779785156,3.9219804478171585
2007133N15091,AKASH,2007-05-13 15:00:00,16.0,90.9,30.0,994.0,18.0,1,2007,5,0,0.49999999999999994,-0.8660254037844387,0.5999999999999996,0.0,1.0999999999999996,0.10000000000000853,5.0,5.0,,11.119499999999993,0.0,1.0,0.6000000000000014,0.3999999999999915,5.0,1.8999999999999986,0.6999999999999886,15.0,3.3000000000000007,0.7999999999999972,15.0,4.600000000000001,1.0999999999999943,15.0,0.0,57.0,4.0,test,30.747661590576172,-5.40423583984375,34.981502532958984,18.144866943359375,101.19960021972656,4.956185340881348,26.32999038696289,0.9951385259628296,45.98066329956055,20.536815643310547,0.36524659395217896,-3.613659620285034,3.4063477516174316,0.0,351.1421203613281,45.04768753051758,-6.73468017578125,20.55462074279785,84.81725311279297,16.817806243896484,30.534997940063477,2.4498300552368164,75.02376556396484,1.4441204071044922,2.283907413482666,3.833437204360962,1.2521166801452637,0.1790173351764679,3.0761542320251465,1005.0680541992188,11.06805419921875,0.0,0.0,178.12307739257812,148.12307739257812,4.019950324706279
2007133N15091,AKASH,2007-05-13 18:00:00,16.2,90.9,30.0,994.0,21.0,1,2007,5,0,0.49999999999999994,-0.8660254037844387,0.5999999999999996,0.0,1.0,0.10000000000000853,5.0,5.0,,11.119499999999993,0.0,1.0,1.0,0.5,15.0,2.6000000000000014,0.6999999999999886,15.0,3.6999999999999993,1.0,15.0,5.0,1.1999999999999886,27.0,0.0,57.0,4.0,test,30.80922508239746,-6.948847770690918,46.935699462890625,16.07811164855957,97.99327087402344,25.827747344970703,37.054195404052734,2.734657049179077,62.38917922973633,21.691377639770508,-1.7451928853988647,-4.792917251586914,3.2820117473602295,0.0,350.2592468261719,58.79757308959961,-8.72882080078125,25.671127319335938,86.14381408691406,17.296998977661133,30.56053924560547,2.3378288745880127,77.04487609863281,1.4529192447662354,2.7565250396728516,3.697406768798828,1.3916015625,0.2852942943572998,3.674600839614868,1004.6271362304688,10.62713623046875,0.0,0.0,179.64932250976562,149.64932250976562,4.068862088697328
2007133N15091,AKASH,2007-05-13 21:00:00,16.6,91.3,35.0,990.0,24.0,1,2007,5,0,0.49999999999999994,-0.8660254037844387,0.6000000000000014,0.3999999999999915,1.200000000000001,0.3999999999999915,5.0,10.0,10.0,13.19510284484528,0.5383849847964698,0.8426990021031857,1.2999999999999972,0.29999999999999716,10.0,2.6999999999999993,0.4000000000000057,10.0,4.0,0.7000000000000028,10.0,5.5,0.9000000000000057,13.0,0.0,57.0,4.0,test,30.907350540161133,-8.654746055603027,37.690391540527344,9.41350269317627,88.16053009033203,9.75192928314209,16.543806076049805,1.4213043451309204,66.83671569824219,21.045127868652344,-4.402563571929932,-5.877402305603027,3.223602294921875,0.0,310.98626708984375,47.0875129699707,-10.0308837890625,29.00250244140625,87.97665405273438,17.3905029296875,30.546594619750977,1.9484162330627441,77.73489379882812,1.9955308437347412,3.079329252243042,3.8386173248291016,1.6348663568496704,1.0509082078933716,4.028192520141602,1003.3606567382812,13.36065673828125,0.0,0.0,180.00477600097656,145.00477600097656,4.166536287907616
2007133N15091,AKASH,2007-05-14 00:00:00,17.2,91.4,45.0,988.0,27.0,1,2007,5,0,0.49999999999999994,-0.8660254037844387,1.0,0.5,1.5999999999999996,0.5,15.0,20.0,20.0,20.537983626513697,0.4309988888874559,0.9023524576227288,1.6000000000000014,0.19999999999998863,0.0,2.6999999999999993,0.5,0.0,4.0,0.6999999999999886,12.0,5.800000000000001,1.0,-5.0,0.0,57.0,4.0,test,30.427827835083008,-11.209333419799805,51.86612319946289,4.713549613952637,92.18779754638672,-10.47614860534668,9.022930145263672,2.0417985916137695,90.56273651123047,19.515186309814453,-5.468554496765137,-8.474660873413086,2.378377676010132,0.0,316.1802062988281,68.08537292480469,-11.398193359375,31.386667251586914,86.27117919921875,19.010528564453125,30.25328826904297,3.2634379863739014,78.460693359375,2.0359601974487305,4.115461826324463,3.987873077392578,2.473487615585327,0.9239045977592468,5.39209508895874,1003.7119750976562,15.71197509765625,0.0,0.847057580947876,171.58045959472656,126.58045959472656,4.312665343452386
2007133N15091,AKASH,2007-05-14 03:00:00,17.9,91.6,45.0,988.0,30.0,1,2007,5,0,0.49999999999999994,-0.8660254037844387,1.2999999999999972,0.29999999999999716,1.8999999999999986,0.6999999999999886,10.0,15.0,20.0,24.666318006093622,0.21448790961268105,0.976726643759646,1.4000000000000021,0.10000000000000853,0.0,2.700000000000003,0.4000000000000057,0.0,4.200000000000003,0.6000000000000085,3.0,,,,,57.0,4.0,test,30.33751678466797,-14.404682159423828,63.69002151489258,6.2129316329956055,84.2722396850586,-3.555556297302246,2.3103301525115967,1.9239587783813477,113.50093841552734,20.10855484008789,-5.486574649810791,-12.143628120422363,1.68310546875,0.0,270.5188293457031,81.19189453125,-14.58514404296875,30.249942779541016,88.26642608642578,18.756437301635742,30.277070999145508,3.480400800704956,80.3322982788086,2.105431318283081,4.595094680786133,3.5662918090820312,3.0349175930023193,1.3140345811843872,5.918705940246582,1005.5223388671875,17.5223388671875,0.0,0.9998921751976013,170.68539428710938,125.68539428710938,4.482550385315946
2007133N15091,AKASH,2007-05-14 06:00:00,18.8,91.6,45.0,988.0,33.0,1,2007,5,0,0.49999999999999994,-0.8660254037844387,1.6000000000000014,0.19999999999998863,2.6000000000000014,0.6999999999999886,0.0,15.0,20.0,29.85887588367666,0.11751130539166767,0.9930715448068916,1.0999999999999979,0.30000000000001137,0.0,2.3999999999999986,0.5,12.0,4.199999999999999,0.8000000000000114,-5.0,,,,,57.0,4.0,test,30.359233856201172,-15.06270980834961,61.82981491088867,5.303226470947266,78.99443817138672,-5.075385570526123,10.194964408874512,1.5477148294448853,108.59648132324219,21.007715225219727,-6.928217887878418,-13.459203720092773,1.4957324266433716,0.0,217.29420471191406,64.44156646728516,-15.55804443359375,26.135536193847656,90.11988067626953,17.685256958007812,30.35401725769043,3.177351951599121,81.49899291992188,2.8316919803619385,5.1118998527526855,3.8233299255371094,3.427626132965088,2.363430976867676,6.531347274780273,1004.8048095703125,16.8048095703125,0.955681324005127,0.9985443949699402,170.43948364257812,125.43948364257812,4.69998735238082
2007133N15091,AKASH,2007-05-14 09:00:00,19.3,91.7,45.0,988.0,36.0,1,2007,5,0,0.49999999999999994,-0.8660254037844387,1.4000000000000021,0.10000000000000853,2.6999999999999993,0.4000000000000057,0.0,10.0,20.0,26.004390359301343,0.06726168502143504,0.9977353685863187,1.3000000000000007,0.29999999999999716,0.0,2.8000000000000007,0.5,3.0,,,,,,,,57.0,4.0,test,30.367202758789062,-15.265761375427246,46.81827163696289,4.4936604499816895,80.52607727050781,-3.1417934894561768,9.63387680053711,2.349660634994507,103.31343841552734,21.774110794067383,-11.307146072387695,-14.510344505310059,1.2656152248382568,0.0,171.57337951660156,77.8891830444336,-17.0247802734375,26.783872604370117,88.14730072021484,17.37086296081543,30.3651123046875,1.5985255241394043,80.47640228271484,3.4093055725097656,5.020176887512207,4.298698902130127,3.3910748958587646,3.013127565383911,6.328674793243408,1002.60498046875,14.60498046875,0.9959786534309387,0.9896954298019409,170.44996643066406,125.44996643066406,4.820288006208188
2007133N15091,AKASH,2007-05-14 12:00:00,19.9,91.9,45.0,988.0,39.0,1,2007,5,0,0.49999999999999994,-0.8660254037844387,1.0999999999999979,0.30000000000001137,2.6999999999999993,0.5,0.0,0.0,20.0,21.045387855089338,0.2484043986332217,0.9686564172810024,1.3000000000000007,0.19999999999998863,12.0,3.1000000000000014,0.5,-5.0,,,,,,,,57.0,4.0,test,30.411344528198242,-16.64694595336914,69.73848724365234,10.293383598327637,95.49176025390625,-3.3392107486724854,21.276113510131836,3.4296343326568604,113.60765838623047,21.282821655273438,-11.947810173034668,-15.088044166564941,2.170048713684082,0.0,110.91190338134766,73.98475646972656,-17.92437744140625,23.77995491027832,90.45271301269531,17.40118408203125,30.36208152770996,2.539461612701416,83.57141876220703,3.3216636180877686,5.258461952209473,4.516120433807373,3.4955625534057617,2.6861143112182617,6.803892612457275,1003.0933227539062,15.09332275390625,1.0,0.9838842749595642,170.73110961914062,125.73110961914062,4.964163436217166
2007133N15091,AKASH,2007-05-14 15:00:00,20.6,92.0,45.0,988.0,42.0,1,2007,5,0,0.49999999999999994,-0.8660254037844387,1.3000000000000007,0.29999999999999716,2.700000000000003,0.4000000000000057,0.0,0.0,15.0,24.647937054130093,0.21114371528925438,0.9774550278625868,1.5,0.20000000000000284,3.0,,,,,,,,,,,57.0,4.0,test,30.323688507080078,-16.207677841186523,73.57516479492188,13.903508186340332,93.68416595458984,10.155511856079102,33.45050811767578,3.4332122802734375,112.2210922241211,21.713916778564453,-9.013989448547363,-14.954381942749023,2.628857374191284,0.016077136620879173,50.766502380371094,79.1516342163086,-18.30047607421875,15.636624336242676,88.17621612548828,16.644039154052734,30.35687255859375,3.036290407180786,80.86260223388672,3.3450429439544678,5.525303363800049,4.105356693267822,3.345694065093994,3.0506434440612793,7.24306058883667,1005.18359375,17.18359375,0.9998394250869751,0.971470296382904,171.07748413085938,126.07748413085938,5.131328968663853
2007133N15091,AKASH,2007-05-14 18:00:00,21.2,92.1,57.0,988.0,45.0,1,2007,5,0,0.49999999999999994,-0.8660254037844387,1.3000000000000007,0.19999999999998863,2.3999999999999986,0.5,12.0,12.0,27.0,24.33881844800389,0.14198134459926956,0.9898693336929796,1.8000000000000007,0.30000000000001137,-17.0,,,,,,,,,,,57.0,4.0,test,,-13.627463340759277,82.93136596679688,20.26659393310547,97.13804626464844,3.026618003845215,35.104515075683594,4.225322246551514,108.0980453491211,21.556678771972656,-6.492580413818359,-12.049389839172363,,0.5749741792678833,15.673368453979492,96.2125015258789,-15.72113037109375,15.523630142211914,87.5336685180664,17.00153350830078,30.35756492614746,3.9595775604248047,80.91455078125,3.6894278526306152,5.997674465179443,4.082136631011963,3.4844348430633545,3.6235432624816895,7.854126930236816,1005.6541748046875,17.6541748046875,0.9999687671661377,0.9960549473762512,169.20225524902344,112.20225524902344,5.2740050549912505
2007133N15091,AKASH,2007-05-14 21:00:00,22.1,92.2,48.0,988.0,48.0,1,2007,5,0,0.49999999999999994,-0.8660254037844387,1.5,0.20000000000000284,2.8000000000000007,0.5,3.0,3.0,13.0,28.010071093121457,0.12260512866637664,0.9924555317114723,,,,,,,,,,,,,,48.0,4.0,test,,-9.700881004333496,58.3277587890625,18.943477630615234,99.7070541381836,6.536378383636475,41.0743293762207,3.3803632259368896,83.9936294555664,17.959980010986328,-6.203808784484863,-8.533703804016113,,0.9467100501060486,0.0,98.8529052734375,-10.665771484375,21.018077850341797,90.28807830810547,18.814743041992188,30.3914737701416,3.88094162940979,84.08700561523438,4.61907958984375,6.346961975097656,4.217557907104492,3.0755083560943604,5.00457239151001,8.703560829162598,1004.9786376953125,16.9786376953125,0.9747739434242249,0.999740481376648,167.5716094970703,119.57160949707031,5.486929898477136
2007133N15091,AKASH,2007-05-15 00:00:00,23.0,92.4,40.0,988.0,51.0,1,2007,5,0,0.49999999999999994,-0.8660254037844387,1.8000000000000007,0.30000000000001137,3.1000000000000014,0.5,-17.0,-5.0,-5.0,33.74879497446296,0.1516432471990457,0.9884352915486826,,,,,,,,,,,,,,40.0,3.0,test,,-6.0706787109375,30.383020401000977,13.90039348602295,95.99569702148438,1.729353666305542,41.921993255615234,2.349221706390381,42.56660079956055,17.988916397094727,-1.72625732421875,-4.054736137390137,,0.9597631096839905,0.0,51.72904586791992,-6.498046875,22.54323959350586,93.09879302978516,18.376279830932617,30.14620018005371,2.1678977012634277,86.49687194824219,5.291810512542725,6.97980260848999,3.799163341522217,3.0342345237731934,6.379998683929443,9.891581535339355,1006.661376953125,18.661376953125,1.0,0.9980013370513916,,,5.698500924113266
2007151N14072,GONU,2007-06-01 03:00:00,14.5,70.5,20.0,1002.0,21.0,0,2007,6,1,1.2246467991473532e-16,-1.0,0.1999999999999993,-0.7999999999999972,0.40000000000000036,-1.2000000000000028,7.0,7.0,,14.82459037750026,-0.9682396984156079,0.2500237716939185,0.40000000000000036,-1.0999999999999943,6.0,0.5999999999999996,-2.0,6.0,0.5999999999999996,-2.5,5.0,0.5,-3.0,10.0,0.0,127.0,7.0,test,30.678375244140625,-1.49871826171875,8.525298118591309,10.456707000732422,92.8905258178711,16.69457244873047,60.81962966918945,1.4384002685546875,19.048828125,22.430419921875,0.07061767578125,-1.96246337890625,3.848876953125,0.0,366.93377685546875,81.45745086669922,-3.572021484375,15.545310020446777,78.36922454833984,14.784130096435547,30.369478225708008,3.9811203479766846,69.6766586303711,-1.165460467338562,1.631712794303894,-0.6064435839653015,2.253507614135742,-1.633589506149292,1.174917221069336,1008.24462890625,6.24462890625,0.0,0.0,174.52764892578125,154.52764892578125,3.6515920551307848
2007151N14072,GONU,2007-06-01 06:00:00,14.7,70.0,26.0,1002.0,24.0,0,2007,6,1,1.2246467991473532e-16,-1.0,0.29999999999999893,-0.9000000000000057,0.5,-1.5,13.0,13.0,13.0,17.064413568168927,-0.9454353998769327,0.32580961413000736,0.3000000000000007,-1.2000000000000028,0.0,0.40000000000000036,-1.7999999999999972,-1.0,0.40000000000000036,-2.0999999999999943,-1.0,0.3000000000000007,-2.799999999999997,14.0,0.0,127.0,7.0,test,30.454547882080078,-3.4217772483825684,35.216033935546875,6.194849967956543,81.02742004394531,-1.6193032264709473,106.4618148803711,2.0065765380859375,32.448631286621094,22.923778533935547,0.9088989496231079,-3.541857957839966,2.50634765625,0.0,404.4130554199219,68.5155258178711,-4.568359375,18.827533721923828,79.98159790039062,14.051453590393066,30.336271286010742,4.18919038772583,72.25025939941406,-1.0450400114059448,1.8079979419708252,-0.6635546088218689,2.4042696952819824,-1.383433222770691,1.3724244832992554,1008.488525390625,6.488525390625,0.0,0.0,171.61679077148438,145.61679077148438,3.7008566154137217
2007151N14072,GONU,2007-06-01 09:00:00,14.9,69.4,26.0,1002.0,27.0,0,2007,6,1,1.2246467991473532e-16,-1.0,0.40000000000000036,-1.0999999999999943,0.5999999999999996,-1.8999999999999915,6.0,13.0,13.0,21.048858276787115,-0.9359320538896101,0.35218062198533284,0.1999999999999993,-0.9000000000000057,0.0,0.1999999999999993,-1.4000000000000057,-1.0,0.09999999999999964,-1.9000000000000057,4.0,0.1999999999999993,-2.3000000000000114,9.0,0.0,127.0,7.0,test,30.204078674316406,-3.8636670112609863,39.48749542236328,10.876395225524902,91.5224380493164,12.754866600036621,42.659454345703125,2.8569891452789307,41.71839904785156,22.853984832763672,-2.568418025970459,-3.7980077266693115,2.287607431411743,0.0,454.144775390625,69.33773803710938,-4.704833984375,19.551044464111328,78.58622741699219,12.844588279724121,30.29314613342285,2.182476282119751,70.6054458618164,-0.45928969979286194,1.7471107244491577,-0.2781003415584564,2.1250641345977783,-0.6708513498306274,1.4634755849838257,1006.8978271484375,4.8978271484375,0.0,0.0,168.3451690673828,142.3451690673828,3.750076081926721
2007151N14072,GONU,2007-06-01 12:00:00,15.0,68.8,26.0,1002.0,30.0,0,2007,6,1,1.2246467991473532e-16,-1.0,0.3000000000000007,-1.2000000000000028,0.5999999999999996,-2.1000000000000085,0.0,13.0,13.0,22.189047387618512,-0.9681003458863747,0.2505628070857316,0.09999999999999964,-0.5999999999999943,-1.0,0.09999999999999964,-0.8999999999999915,-1.0,0.0,-1.5999999999999943,14.0,0.1999999999999993,-1.7000000000000028,19.0,0.0,127.0,7.0,test,30.274860382080078,-2.42205810546875,15.42976188659668,2.2954294681549072,93.9634780883789,11.622682571411133,25.557804107666016,1.8705260753631592,22.443164825439453,22.116064071655273,-4.124963283538818,-2.128833055496216,2.4383788108825684,0.0,510.3976135253906,40.41425704956055,-3.01788330078125,14.299707412719727,80.674560546875,12.616074562072754,30.27125358581543,1.4022935628890991,71.18938446044922,0.008438999764621258,1.4660476446151733,0.25257059931755066,1.5449665784835815,-0.10203199088573456,1.3599669933319092,1005.7944946289062,3.79449462890625,0.0,0.0,167.91571044921875,141.91571044921875,3.774668717584183
2007151N14072,GONU,2007-06-01 15:00:00,15.1,68.5,26.0,1002.0,33.0,0,2007,6,1,1.2246467991473532e-16,-1.0,0.1999999999999993,-0.9000000000000057,0.5999999999999996,-2.0,0.0,6.0,13.0,16.52441604190902,-0.9745191199344819,0.2243044468621225,0.0,-0.5,-1.0,-0.09999999999999964,-1.0,4.0,0.0,-1.4000000000000057,9.0,0.09999999999999964,-1.4000000000000057,19.0,0.0,127.0,7.0,test,30.355133056640625,-2.639294385910034,18.558427810668945,6.054258346557617,95.47825622558594,5.347063064575195,12.862014770507812,1.7206329107284546,26.0693359375,21.612060546875,-1.9871337413787842,-3.0302367210388184,2.458984375,0.0,538.0303344726562,32.95594024658203,-3.24468994140625,7.79853630065918,76.53878784179688,11.701919555664062,30.26325798034668,1.0945192575454712,66.02104949951172,0.11095862835645676,1.3686760663986206,0.05205607786774635,1.4649139642715454,0.13238394260406494,1.1223747730255127,1006.9385986328125,4.9385986328125,0.0,0.0,168.17828369140625,142.17828369140625,3.799249854946112
2007151N14072,GONU,2007-06-01 18:00:00,15.1,68.2,25.0,1002.0,36.0,0,2007,6,1,1.2246467991473532e-16,-1.0,0.09999999999999964,-0.5999999999999943,0.40000000000000036,-1.7999999999999972,-1.0,-1.0,12.0,10.894359157976451,-0.9854249124145359,0.1701109696427726,0.0,-0.29999999999999716,0.0,-0.09999999999999964,-1.0,15.0,0.09999999999999964,-1.1000000000000085,20.0,0.20000000000000107,-1.1000000000000085,20.0,0.0,127.0,7.0,test,30.3615779876709,-2.607041120529175,19.821701049804688,7.510015487670898,94.01022338867188,5.9818878173828125,21.897811889648438,1.5474835634231567,28.48113250732422,21.096229553222656,0.6394067406654358,-3.7123851776123047,3.2026171684265137,0.0,568.5241088867188,28.24088478088379,-3.2657470703125,6.831293106079102,76.58705139160156,11.297771453857422,30.25848388671875,1.3117001056671143,65.58011627197266,0.07702501118183136,1.417285680770874,-0.3776102364063263,1.8125920295715332,0.2760277986526489,0.878607451915741,1007.9689331054688,5.96893310546875,0.0,0.0,168.57888793945312,143.57888793945312,3.799249854946112
2007151N14072,GONU,2007-06-01 21:00:00,15.1,68.0,25.0,1002.0,39.0,0,2007,6,1,1.2246467991473532e-16,-1.0,0.0,-0.5,0.1999999999999993,-1.4000000000000057,-1.0,-1.0,12.0,8.946310765884618,-1.0,6.123233995736766e-17,-0.09999999999999964,-0.5,5.0,0.0,-0.9000000000000057,10.0,0.09999999999999964,-0.9000000000000057,20.0,0.3000000000000007,-1.0999999999999943,20.0,0.0,127.0,7.0,test,30.3264217376709,-3.3406739234924316,25.677553176879883,7.560377597808838,94.03905487060547,12.245678901672363,28.032875061035156,2.064288377761841,35.767189025878906,21.890527725219727,-2.2179808616638184,-4.042101860046387,3.6840577125549316,0.0,588.8953247070312,29.81752586364746,-3.8365478515625,11.493143081665039,77.06584930419922,11.738858222961426,30.260896682739258,1.5337611436843872,66.80089569091797,0.5364429354667664,1.5091122388839722,-0.08076512068510056,2.2337276935577393,0.7648102045059204,0.7710851430892944,1006.3139038085938,4.31390380859375,0.0,0.0,169.05296325683594,144.05296325683594,3.799249854946112
2007151N14072,GONU,2007-06-02 00:00:00,15.1,67.9,25.0,1002.0,42.0,0,2007,6,1,1.2246467991473532e-16,-1.0,0.0,-0.29999999999999716,0.09999999999999964,-0.8999999999999915,0.0,-1.0,12.0,5.36778645953072,-1.0,6.123233995736766e-17,-0.09999999999999964,-0.7000000000000028,15.0,0.09999999999999964,-0.8000000000000114,20.0,0.20000000000000107,-0.8000000000000114,20.0,0.7000000000000011,-0.9000000000000057,30.0,1.0,127.0,7.0,test,30.181724548339844,-3.4948511123657227,29.04182243347168,15.544168472290039,98.52578735351562,7.754647254943848,35.211639404296875,1.877840518951416,35.25113296508789,21.082910537719727,-3.365102529525757,-2.674084424972534,3.188847541809082,0.0,599.1029663085938,31.028467178344727,-3.8841552734375,16.666702270507812,84.54589080810547,14.970402717590332,30.144088745117188,3.1179146766662598,75.11042022705078,0.43410420417785645,1.1973960399627686,0.5757316946983337,2.4904744625091553,0.24485130608081818,0.17078176140785217,1006.2152099609375,4.2152099609375,0.0,0.0,166.71102905273438,141.71102905273438,3.799249854946112
2007151N14072,GONU,2007-06-02 03:00:00,15.0,67.5,30.0,1000.0,45.0,0,2007,6,1,1.2246467991473532e-16,-1.0,-0.09999999999999964,-0.5,-0.09999999999999964,-1.0,5.0,4.0,10.0,9.140359302857078,-0.9792295785411131,-0.202754611563323,0.09999999999999964,-0.4000000000000057,5.0,0.1999999999999993,-0.4000000000000057,15.0,0.40000000000000036,-0.5999999999999943,15.0,1.0,-0.4000000000000057,25.0,0.0,127.0,7.0,test,30.187896728515625,-3.6417236328125,30.878793716430664,15.701142311096191,98.16963958740234,9.885284423828125,72.07059478759766,2.8535003662109375,36.91796875,22.60888671875,-0.63433837890625,-2.39935302734375,3.280517578125,0.0,642.1575927734375,36.483707427978516,-4.52716064453125,17.44961166381836,83.39238739013672,15.415855407714844,30.165592193603516,3.424410104751587,74.30841064453125,0.09358494728803635,1.2930331230163574,0.5152658820152283,2.2012860774993896,-0.347305566072464,0.5006258487701416,1007.2354125976562,7.23541259765625,0.0,0.0,167.73162841796875,137.73162841796875,3.774668717584183
2007151N14072,GONU,2007-06-02 06:00:00,15.0,67.2,40.0,999.0,48.0,0,2007,6,1,1.2246467991473532e-16,-1.0,-0.09999999999999964,-0.7000000000000028,-0.09999999999999964,-1.0,15.0,15.0,14.0,12.667017624651832,-0.9892395064332267,-0.14630515681870557,0.1999999999999993,-0.10000000000000853,5.0,0.3000000000000007,-0.10000000000000853,5.0,0.8000000000000007,-0.20000000000000284,15.0,1.5,-0.10000000000000853,15.0,0.0,127.0,7.0,test,30.282623291015625,-2.9996705055236816,24.93720245361328,16.747589111328125,95.4455337524414,16.302404403686523,48.74238967895508,2.641711473464966,25.459178924560547,23.104442596435547,1.427893042564392,-2.4061279296875,3.1473145484924316,0.0,672.798828125,37.6638069152832,-4.6343994140625,16.415945053100586,82.29996490478516,15.571334838867188,30.19278907775879,2.256643533706665,74.01763153076172,-0.18112154304981232,1.6486070156097412,0.31095826625823975,2.256514072418213,-0.7345419526100159,1.0582228899002075,1007.970703125,8.970703125,0.0,0.0,169.22608947753906,129.22608947753906,3.774668717584183
2007151N14072,GONU,2007-06-02 09:00:00,15.1,67.1,35.0,998.0,51.0,0,2007,6,1,1.2246467991473532e-16,-1.0,0.09999999999999964,-0.4000000000000057,0.0,-0.9000000000000057,5.0,10.0,9.0,7.3930968076417445,-0.9680718106261016,0.25067303299537674,0.09999999999999964,0.0,10.0,0.3000000000000007,-0.19999999999998863,10.0,0.9000000000000004,0.0,20.0,1.799999999999999,-0.19999999999998863,20.0,0.0,127.0,7.0,test,30.336606979370117,-3.0352563858032227,22.910831451416016,13.250226020812988,91.5101318359375,0.024305349215865135,40.579891204833984,1.8844420909881592,28.825702667236328,22.41634750366211,-1.2908178567886353,-2.211494207382202,3.495351552963257,0.0,680.9825439453125,36.55258560180664,-4.84796142578125,21.712074279785156,81.83722686767578,14.913520812988281,30.198524475097656,3.5289738178253174,72.83075714111328,0.06875040382146835,1.6719107627868652,0.5653105974197388,2.1591687202453613,-0.518761157989502,1.1947500705718994,1006.1677856445312,8.16778564453125,0.0,0.0,170.05123901367188,135.05123901367188,3.799249854946112
2007151N14072,GONU,2007-06-02 12:00:00,15.2,67.1,45.0,992.0,54.0,0,2007,6,1,1.2246467991473532e-16,-1.0,0.1999999999999993,-0.10000000000000853,0.09999999999999964,-0.8000000000000114,5.0,20.0,19.0,4.11540726614849,-0.4345661808714984,0.9006399027595658,0.10000000000000142,0.0,0.0,0.6000000000000014,-0.09999999999999432,10.0,1.3000000000000007,0.0,10.0,2.3000000000000007,-0.3999999999999915,10.0,0.0,127.0,7.0,test,30.355436325073242,-3.958911180496216,27.942495346069336,8.904119491577148,99.6440658569336,8.865527153015137,33.40559005737305,2.2925591468811035,31.8780460357666,23.236854553222656,-3.576486825942993,-2.367622137069702,3.1343164443969727,0.0,678.9376831054688,40.02749252319336,-5.25048828125,23.390207290649414,86.3441162109375,13.878382682800293,30.197359085083008,4.189484596252441,78.06089782714844,-0.10360118746757507,1.1884477138519287,0.8936185240745544,1.409113883972168,-0.998635470867157,0.7613407373428345,1005.116943359375,13.116943359375,0.0,0.0,170.01190185546875,125.01190185546875,3.8238194191340993
2007151N14072,GONU,2007-06-02 15:00:00,15.2,67.1,45.0,992.0,57.0,0,2007,6,1,1.2246467991473532e-16,-1.0,0.09999999999999964,0.0,0.1999999999999993,-0.4000000000000057,10.0,15.0,19.0,1.8532499999999932,0.0,1.0,0.20000000000000107,-0.19999999999998863,0.0,0.8000000000000007,0.0,10.0,1.6999999999999993,-0.19999999999998863,10.0,2.400000000000002,-0.5999999999999943,10.0,0.0,127.0,7.0,test,30.355436325073242,-4.634814262390137,30.185190200805664,15.631118774414062,96.97476959228516,27.94902992248535,39.68748474121094,2.9728918075561523,42.44581985473633,22.818096160888672,-1.6800609827041626,-2.9606592655181885,3.3511524200439453,0.0,678.9376831054688,44.92339324951172,-6.18310546875,16.68730354309082,84.76408386230469,14.721146583557129,30.197359085083008,3.1614372730255127,74.99725341796875,-0.3986963927745819,1.0901501178741455,0.8679561018943787,1.563799262046814,-1.5692793130874634,0.5553604960441589,1006.012939453125,14.012939453125,0.0,0.0,170.01190185546875,125.01190185546875,3.8238194191340993
2007151N14072,GONU,2007-06-02 18:00:00,15.3,67.1,45.0,992.0,60.0,0,2007,6,1,1.2246467991473532e-16,-1.0,0.10000000000000142,0.0,0.3000000000000007,-0.10000000000000853,0.0,5.0,20.0,1.853250000000026,0.0,1.0,0.5,-0.09999999999999432,10.0,1.1999999999999993,0.0,10.0,2.1999999999999993,-0.3999999999999915,10.0,2.6999999999999993,-1.0,20.0,0.0,127.0,7.0,test,30.366764068603516,-5.272807598114014,33.77069854736328,13.530655860900879,96.14581298828125,7.966409206390381,55.182552337646484,2.592539072036743,38.46171951293945,23.10724639892578,0.2135278284549713,-3.4407544136047363,3.198867082595825,0.0,677.1146240234375,45.98275375366211,-6.84051513671875,15.073872566223145,82.0968246459961,15.398604393005371,30.198719024658203,2.2670681476593018,72.63432312011719,-0.7448170781135559,1.2132693529129028,0.5609663724899292,1.8776276111602783,-1.9534096717834473,0.6434750556945801,1006.746337890625,14.746337890625,0.0,0.0,169.96405029296875,124.96405029296875,3.848377335304992
2007151N14072,GONU,2007-06-02 21:00:00,15.4,66.9,45.0,992.0,63.0,0,2007,6,1,1.2246467991473532e-16,-1.0,0.20000000000000107,-0.19999999999998863,0.3000000000000007,-0.19999999999998863,0.0,10.0,20.0,5.148540569961365,-0.6940645736856534,0.7199127499597102,0.5999999999999996,0.19999999999998863,10.0,1.4999999999999982,0.0,10.0,2.200000000000001,-0.4000000000000057,10.0,2.700000000000001,-1.0,20.0,0.0,127.0,7.0,test,30.482389450073242,-5.528185844421387,33.36599349975586,15.295072555541992,97.35163116455078,13.420482635498047,74.45903015136719,2.8694145679473877,46.043670654296875,22.924776077270508,-1.9212085008621216,-4.141181468963623,3.468447208404541,0.0,696.0987548828125,50.23472595214844,-7.4105224609375,19.021747589111328,80.06161499023438,15.152828216552734,30.217544555664062,1.8983120918273926,70.07482147216797,-0.49134400486946106,1.3632463216781616,0.8405299186706543,2.069561004638672,-1.6649248600006104,0.859636664390564,1004.8229370117188,12.82293701171875,0.0,0.0,171.21656799316406,126.21656799316406,3.8729235286511168
2007151N14072,GONU,2007-06-03 00:00:00,15.8,67.0,55.0,988.0,66.0,0,2007,6,1,1.2246467991473532e-16,-1.0,0.5,-0.09999999999999432,0.6000000000000014,-0.09999999999999432,10.0,10.0,30.0,9.436275751914858,-0.1889760900794134,0.9819816889220987,0.6999999999999993,0.09999999999999432,0.0,1.6999999999999993,-0.29999999999999716,0.0,2.1999999999999993,-0.9000000000000057,10.0,2.8000000000000007,-1.7000000000000028,22.0,0.0,127.0,7.0,test,30.283306121826172,-7.352624416351318,46.86037826538086,9.653542518615723,92.26325225830078,0.9446560144424438,29.71657943725586,3.2798829078674316,61.9091796875,22.664745330810547,-3.6380372047424316,-4.227246284484863,2.7618408203125,0.0,672.5320434570312,50.31712341308594,-8.020263671875,20.756568908691406,84.3450698852539,14.797110557556152,30.072473526000977,1.809757113456726,75.38002014160156,-0.4574833810329437,1.3678853511810303,1.6050591468811035,2.4691359996795654,-1.8808056116104126,0.5946401357650757,1004.32666015625,16.32666015625,0.0,0.0,167.25115966796875,112.25115966796875,3.9709895788891445
2007151N14072,GONU,2007-06-03 03:00:00,16.0,67.1,55.0,988.0,69.0,0,2007,6,1,1.2246467991473532e-16,-1.0,0.5999999999999996,0.19999999999998863,0.8000000000000007,0.0,10.0,10.0,25.0,11.676371613858379,0.3051390101156462,0.9523078202480769,0.8999999999999986,-0.19999999999998863,0.0,1.6000000000000014,-0.5999999999999943,0.0,2.1000000000000014,-1.1999999999999886,10.0,2.6999999999999993,-2.0,35.0,1.0,127.0,7.0,test,30.1547908782959,-7.597790718078613,38.20182800292969,11.877168655395508,90.92750549316406,8.219744682312012,13.255688667297363,1.9358398914337158,65.2847671508789,22.485742568969727,0.08126220852136612,-2.74871826171875,2.12158203125,0.0,653.826904296875,50.313812255859375,-8.51629638671875,19.7435302734375,81.22666931152344,16.109474182128906,30.05271339416504,2.8242831230163574,71.42536926269531,-0.8764593601226807,1.4153131246566772,1.2596739530563354,2.1907382011413574,-2.366039276123047,0.9168452024459839,1005.531005859375,17.531005859375,0.0,0.0,165.8282470703125,110.8282470703125,4.019950324706279
2007151N14072,GONU,2007-06-03 06:00:00,16.5,67.1,55.0,988.0,72.0,0,2007,6,1,1.2246467991473532e-16,-1.0,0.6999999999999993,0.09999999999999432,1.1999999999999993,0.0,0.0,10.0,15.0,13.09388148293563,0.13570709922494212,0.9907490011198354,1.0,-0.3999999999999915,0.0,1.5,-1.0,10.0,2.1000000000000014,-1.7999999999999972,22.0,2.6000000000000014,-2.3999999999999915,47.0,1.0,127.0,7.0,test,29.9633846282959,-8.0989990234375,46.38612747192383,12.350215911865234,88.08606719970703,9.998409271240234,6.664180755615234,1.4824981689453125,67.7357406616211,21.139745712280273,1.118896484375,-3.019116163253784,1.71142578125,0.0,609.0271606445312,53.773006439208984,-8.92352294921875,17.92078399658203,81.82485961914062,16.193599700927734,30.029151916503906,2.723188877105713,72.54360961914062,-1.194534420967102,1.8838900327682495,0.523884117603302,2.108036756515503,-2.4449210166931152,1.7965137958526611,1006.09375,18.09375,0.0,0.0,162.93505859375,107.93505859375,4.142136590230948
2007151N14072,GONU,2007-06-03 09:00:00,16.9,66.9,55.0,988.0,75.0,0,2007,6,1,1.2246467991473532e-16,-1.0,0.8999999999999986,-0.19999999999998863,1.4999999999999982,0.0,0.0,10.0,20.0,17.052112570315543,-0.20797596395668733,0.9781339368492878,0.7000000000000028,-0.4000000000000057,0.0,1.2000000000000028,-1.0,10.0,1.8000000000000007,-1.8000000000000114,35.0,2.6000000000000014,-2.4000000000000057,60.0,1.0,127.0,7.0,test,29.876432418823242,-9.10821533203125,49.370182037353516,7.5215229988098145,79.75999450683594,3.6285529136657715,6.688614368438721,1.0614086389541626,70.82304382324219,21.060020446777344,-2.4799633026123047,-4.411025524139404,1.466123104095459,0.0,582.2844848632812,53.86307907104492,-9.5555419921875,18.56406593322754,79.73799896240234,16.185461044311523,30.026792526245117,1.8459912538528442,72.1635513305664,-1.1466103792190552,2.098330497741699,0.25069308280944824,1.9508352279663086,-2.187603235244751,2.3005998134613037,1004.4800415039062,16.48004150390625,0.0,0.0,161.66403198242188,106.66403198242188,4.239658931875634
2007151N14072,GONU,2007-06-03 12:00:00,17.5,66.7,55.0,988.0,78.0,0,2007,6,1,1.2246467991473532e-16,-1.0,1.0,-0.3999999999999915,1.6999999999999993,-0.29999999999999716,0.0,0.0,10.0,19.835248810328515,-0.35643131192864336,0.9343215291733495,0.5,-0.6000000000000085,10.0,1.1000000000000014,-1.4000000000000057,22.0,1.6000000000000014,-2.0,47.0,2.5,-2.6000000000000085,60.0,1.0,127.0,7.0,test,29.7758846282959,-10.964452743530273,54.08808135986328,8.632942199707031,80.0562515258789,9.820934295654297,9.609031677246094,0.7291259765625,95.17402648925781,19.249902725219727,-7.554528713226318,-9.535120010375977,1.4941895008087158,0.0,541.1411743164062,64.60713958740234,-11.0120849609375,20.107955932617188,83.05657196044922,17.963329315185547,30.009639739990234,2.389327049255371,74.8663330078125,-1.2135151624679565,2.020547866821289,-0.03564300015568733,1.4448786973953247,-1.9800225496292114,2.555133819580078,1002.8013305664062,14.80133056640625,0.0,0.0,159.66102600097656,104.66102600097656,4.385553521130221
2007151N14072,GONU,2007-06-03 15:00:00,17.6,66.5,55.0,988.0,81.0,0,2007,6,1,1.2246467991473532e-16,-1.0,0.7000000000000028,-0.4000000000000057,1.6000000000000014,-0.5999999999999943,0.0,0.0,10.0,14.772292739005762,-0.4783280798174047,0.8781812159561343,0.5,-0.5999999999999943,10.0,1.0999999999999979,-1.4000000000000057,35.0,1.8999999999999986,-2.0,60.0,2.5,-2.700000000000003,72.0,1.0,127.0,7.0,test,29.771587371826172,-11.852124214172363,59.57624435424805,7.012393474578857,83.06198120117188,9.620047569274902,10.885332107543945,1.494573950767517,101.2027359008789,20.115625381469727,-5.162255764007568,-10.299120903015137,1.4362304210662842,0.0,546.3997802734375,60.891204833984375,-11.865478515625,19.459869384765625,79.57559967041016,18.069883346557617,30.01968765258789,1.5747660398483276,68.30181884765625,-1.6161998510360718,2.0838334560394287,-0.3903481066226959,1.5883017778396606,-2.3751840591430664,2.477325439453125,1003.7156982421875,15.7156982421875,0.0,0.0,159.89854431152344,104.89854431152344,4.409822960682633
2007151N14072,GONU,2007-06-03 18:00:00,18.0,66.1,65.0,980.0,84.0,0,2007,6,1,1.2246467991473532e-16,-1.0,0.5,-0.6000000000000085,1.5,-1.0,10.0,10.0,20.0,14.06057561655142,-0.7521223327795641,0.6590235174363861,0.6000000000000014,-0.7999999999999972,12.0,1.1000000000000014,-1.3999999999999915,37.0,2.0,-2.0,50.0,2.5,-2.6999999999999957,62.0,1.0,127.0,7.0,test,29.761821746826172,-12.0233154296875,60.246585845947266,10.434638977050781,84.939453125,8.44139289855957,23.927593231201172,1.6454131603240967,101.06913757324219,20.622509002685547,-2.8138670921325684,-10.678869247436523,1.5293457508087158,0.0,544.7322998046875,61.330108642578125,-12.0654296875,17.420047760009766,79.35413360595703,17.11566162109375,30.021137237548828,2.3137705326080322,67.10411834716797,-2.051630973815918,2.2273149490356445,-1.0493580102920532,1.5942184925079346,-2.661594867706299,2.616748094558716,1004.4542846679688,24.45428466796875,0.0,0.0,160.03765869140625,95.03765869140625,4.506765649363108
2007151N14072,GONU,2007-06-03 21:00:00,18.1,65.9,65.0,980.0,87.0,0,2007,6,1,1.2246467991473532e-16,-1.0,0.5,-0.5999999999999943,1.2000000000000028,-1.0,10.0,10.0,20.0,14.056053471725612,-0.7519365018847989,0.6592355399500636,0.5999999999999979,-0.8000000000000114,25.0,1.3999999999999986,-1.4000000000000057,50.0,2.0,-2.1000000000000085,62.0,2.5,-2.700000000000003,50.0,1.0,127.0,7.0,test,29.843463897705078,-12.42648696899414,69.72604370117188,6.542211532592773,82.6849594116211,5.6241888999938965,28.137357711791992,1.5178052186965942,104.07445526123047,20.177871704101562,-4.252500057220459,-10.430461883544922,2.0450780391693115,0.0,552.7706909179688,74.70075225830078,-13.34063720703125,20.694923400878906,77.14221954345703,17.413177490234375,30.03437614440918,1.7391376495361328,61.182674407958984,-2.1221566200256348,2.5623092651367188,-1.177960753440857,1.7378621101379395,-2.740997791290283,3.0779688358306885,1003.0497436523438,23.04974365234375,0.0,0.0,160.988037109375,95.988037109375,4.530967185020519
2007151N14072,GONU,2007-06-04 00:00:00,18.6,65.3,77.0,974.0,90.0,0,2007,6,1,1.2246467991473532e-16,-1.0,0.6000000000000014,-0.7999999999999972,1.1000000000000014,-1.4000000000000057,12.0,22.0,22.0,17.919016401900443,-0.7841733123985415,0.6205418729803005,0.5,-0.5999999999999943,25.0,1.3999999999999986,-1.2000000000000028,38.0,1.8999999999999986,-1.8999999999999986,50.0,2.099999999999998,-2.5,38.0,1.0,127.0,7.0,test,29.965747833251953,-15.487378120422363,80.16509246826172,9.45404052734375,88.03994750976562,1.8624155521392822,56.61941146850586,2.9417688846588135,116.55258178710938,20.929746627807617,-10.949294090270996,-13.22707748413086,1.8133984804153442,0.0,559.8497314453125,92.79606628417969,-15.79376220703125,27.80211639404297,81.13245391845703,17.707651138305664,29.92457389831543,2.3299238681793213,64.44507598876953,-1.872082233428955,2.4911415576934814,-1.2140965461730957,2.2324652671813965,-2.216608762741089,2.5858020782470703,1002.6218872070312,28.62188720703125,0.0,0.0,160.82598876953125,83.82598876953125,4.651766358664912
2007151N14072,GONU,2007-06-04 03:00:00,18.7,65.1,90.0,960.0,93.0,0,2007,6,1,1.2246467991473532e-16,-1.0,0.5999999999999979,-0.8000000000000114,1.0999999999999979,-1.4000000000000057,25.0,35.0,35.0,17.912528206514217,-0.7839953922727505,0.6207666428659775,0.8000000000000007,-0.5999999999999943,25.0,1.4000000000000021,-1.2999999999999972,37.0,1.9000000000000021,-1.8999999999999915,25.0,2.3000000000000007,-3.0999999999999943,25.0,0.0,127.0,7.0,test,29.968952178955078,-16.611957550048828,81.15592193603516,9.326766967773438,87.16216278076172,5.013864517211914,49.43653106689453,4.1692891120910645,133.4649200439453,21.306161880493164,-7.179624080657959,-13.336935997009277,1.7849609851837158,0.0,568.1741943359375,85.11737060546875,-17.390380859375,29.577693939208984,84.46939086914062,18.030132293701172,29.922176361083984,1.3332040309906006,71.9547348022461,-2.2764642238616943,2.5611050128936768,-1.558919072151184,1.8645985126495361,-2.674633026123047,2.9208617210388184,1003.9342041015625,43.9342041015625,0.0,0.0,161.1785888671875,71.1785888671875,4.67588397729962
2007151N14072,GONU,2007-06-04 06:00:00,19.1,64.7,102.0,952.0,96.0,0,2007,6,1,1.2246467991473532e-16,-1.0,0.5,-0.5999999999999943,1.1000000000000014,-1.3999999999999915,25.0,37.0,47.0,14.009567845838006,-0.7500131013575208,0.6614229719264922,0.8999999999999986,-0.6000000000000085,13.0,1.3999999999999986,-1.3000000000000043,25.0,1.5999999999999979,-1.9000000000000057,13.0,2.299999999999997,-3.1000000000000014,0.0,0.0,127.0,7.0,test,29.858522415161133,-18.019092559814453,92.18280029296875,7.853212356567383,88.26323699951172,4.560112476348877,46.71941375732422,4.252568244934082,136.9617156982422,21.55133819580078,-6.073798656463623,-14.832012176513672,1.284326195716858,0.0,574.6083374023438,95.77275085449219,-18.4508056640625,29.58732795715332,85.02799224853516,17.558382034301758,29.912019729614258,0.2512432336807251,74.78752899169922,-2.299130916595459,2.817509651184082,-1.9129563570022583,1.7575386762619019,-2.562857151031494,3.3888962268829346,1005.2914428710938,53.29144287109375,0.0,0.0,161.40402221679688,59.404022216796875,4.772211282291047
2007151N14072,GONU,2007-06-04 09:00:00,19.5,64.5,115.0,934.0,99.0,0,2007,6,1,1.2246467991473532e-16,-1.0,0.8000000000000007,-0.5999999999999943,1.3999999999999986,-1.4000000000000057,25.0,50.0,60.0,18.156991878579124,-0.577281860910301,0.8165449485876084,0.6000000000000014,-0.7000000000000028,12.0,1.1000000000000014,-1.2999999999999972,0.0,1.5,-2.5,0.0,1.8999999999999986,-3.299999999999997,-13.0,0.0,127.0,7.0,test,29.786529541015625,-19.26470947265625,91.21085357666016,5.021866321563721,79.89385223388672,3.2774658203125,14.232154846191406,4.508636474609375,142.7978515625,22.827392578125,-8.15625,-15.1925048828125,1.0654296875,0.0,568.8707275390625,93.36781311035156,-19.26470947265625,28.194570541381836,81.83807373046875,16.910327911376953,29.89735221862793,-0.24835528433322906,71.02943420410156,-1.8305273056030273,2.6752285957336426,-1.7269539833068848,1.4385329484939575,-1.9796136617660522,3.3600218296051025,1004.42431640625,70.42431640625,0.0,0.0,160.80113220214844,45.80113220214844,4.8683059964371616
2007151N14072,GONU,2007-06-04 12:00:00,20.0,64.1,115.0,934.0,102.0,0,2007,6,1,1.2246467991473532e-16,-1.0,0.8999999999999986,-0.6000000000000085,1.3999999999999986,-1.2000000000000028,13.0,38.0,60.0,19.68189890660349,-0.5308894302532635,0.8474410969768726,0.5,-0.6999999999999957,12.0,0.6999999999999993,-1.2999999999999972,0.0,1.3999999999999986,-2.499999999999993,-13.0,1.6000000000000014,-2.999999999999993,-25.0,0.0,127.0,7.0,test,29.848247528076172,-20.798181533813477,99.71725463867188,10.830241203308105,91.10879516601562,-2.088425397872925,33.94947052001953,4.248370170593262,152.7927703857422,21.9228515625,-14.196741104125977,-17.646753311157227,1.240478515625,0.0,529.6322631835938,120.37291717529297,-22.343994140625,27.983613967895508,79.6485366821289,14.468316078186035,29.87700843811035,1.958603024482727,69.5511474609375,-1.5755467414855957,2.0618655681610107,-1.9531420469284058,0.9900351166725159,-1.3775259256362915,2.662776231765747,1003.0049438476562,69.00494384765625,0.0,0.0,160.5733184814453,45.57331848144531,4.988090174290218
2007151N14072,GONU,2007-06-04 15:00:00,20.1,63.8,127.0,920.0,105.0,0,2007,6,1,1.2246467991473532e-16,-1.0,0.6000000000000014,-0.7000000000000028,1.4000000000000021,-1.2999999999999972,12.0,37.0,72.0,16.494237623815156,-0.7385994573809113,0.6741445257187982,0.5,-0.5999999999999943,-12.0,0.8999999999999986,-1.7999999999999972,-12.0,1.2999999999999972,-2.5999999999999943,-25.0,1.7999999999999972,-2.8999999999999986,-50.0,0.0,127.0,7.0,test,29.88707733154297,-21.510536193847656,105.66260528564453,7.007994651794434,80.6160888671875,6.240572452545166,45.229225158691406,4.405781269073486,153.82273864746094,22.322216033935547,-11.43166732788086,-18.414209365844727,1.3591991662979126,0.0,496.66937255859375,122.00765991210938,-22.75384521484375,26.82596778869629,77.09919738769531,14.535063743591309,29.86354637145996,2.357896089553833,65.47570037841797,-1.967908501625061,1.8908456563949585,-2.049001932144165,0.6280243992805481,-1.9664175510406494,2.601290702819824,1003.824951171875,83.824951171875,0.0,0.0,161.2955780029297,34.29557800292969,5.012001717775542
2007151N14072,GONU,2007-06-04 18:00:00,20.5,63.4,127.0,920.0,108.0,0,2007,6,1,1.2246467991473532e-16,-1.0,0.5,-0.6999999999999957,1.3999999999999986,-1.3000000000000043,12.0,25.0,62.0,15.281210495680464,-0.7951735333079047,0.6063819356862656,0.1999999999999993,-0.6000000000000014,-12.0,0.8999999999999986,-1.7999999999999972,-25.0,1.1000000000000014,-2.299999999999997,-37.0,1.5,-2.799999999999997,-50.0,0.0,127.0,7.0,test,29.834186553955078,-23.89581298828125,123.4883041381836,11.551705360412598,89.7885971069336,0.8698190450668335,64.31779479980469,5.27423095703125,176.4060516357422,21.803516387939453,-12.871264457702637,-21.796497344970703,1.4219238758087158,0.0,440.3475341796875,133.49122619628906,-25.27349853515625,25.20064926147461,73.78501892089844,14.542892456054688,29.814373016357422,1.4155844449996948,60.526458740234375,-2.035707712173462,2.0196282863616943,-2.2150261402130127,0.44051501154899597,-2.0335686206817627,2.9164507389068604,1004.8167114257812,84.81671142578125,0.0,0.0,160.32595825195312,33.325958251953125,5.107494489764325
2007151N14072,GONU,2007-06-04 21:00:00,20.6,63.2,115.0,935.0,111.0,0,2007,6,1,1.2246467991473532e-16,-1.0,0.5,-0.5999999999999943,1.1000000000000014,-1.2999999999999972,-12.0,0.0,50.0,13.935585847388479,-0.7469017895361725,0.6649343702860178,0.3999999999999986,-1.2000000000000028,0.0,0.7999999999999972,-2.0,-13.0,1.2999999999999972,-2.3000000000000043,-38.0,1.7999999999999972,-2.8000000000000043,-38.0,0.0,115.0,6.0,test,29.81586456298828,-21.18450927734375,90.40908813476562,13.026668548583984,72.7385025024414,7.273554801940918,54.78801727294922,3.6001551151275635,156.12582397460938,21.941709518432617,-7.981310844421387,-18.820894241333008,1.241064429283142,0.0,416.986083984375,129.97210693359375,-25.19903564453125,29.50301170349121,77.22924041748047,15.351505279541016,29.78693199157715,1.9508322477340698,61.53955841064453,-2.0278196334838867,2.3690240383148193,-2.1638288497924805,0.5659704804420471,-2.1390416622161865,3.469514846801758,1003.69091796875,68.69091796875,0.0,0.0,160.1093292236328,45.10932922363281,5.131328968663853
2007151N14072,GONU,2007-06-05 00:00:00,20.7,62.8,115.0,936.0,114.0,0,2007,6,1,1.2246467991473532e-16,-1.0,0.1999999999999993,-0.6000000000000014,0.6999999999999993,-1.2999999999999972,-12.0,0.0,38.0,11.042322173142454,-0.9419821064551134,0.33566309168329406,0.6999999999999993,-1.1999999999999957,-13.0,0.9000000000000021,-1.6999999999999957,-25.0,1.3000000000000007,-2.1999999999999957,-38.0,1.9000000000000021,-3.0,-38.0,0.0,115.0,6.0,test,29.44083595275879,-20.442188262939453,81.42450714111328,18.5440616607666,78.71529388427734,7.30301570892334,37.4736213684082,3.770939826965332,154.9237518310547,20.894872665405273,-4.637280464172363,-17.215742111206055,1.3977246284484863,0.0,374.04754638671875,155.79905700683594,-29.41497802734375,30.8787899017334,80.61239624023438,17.291549682617188,29.49180793762207,2.083073377609253,66.26890563964844,-1.9660730361938477,2.7836217880249023,-2.4299356937408447,1.0534756183624268,-1.8695553541183472,3.7884042263031006,1003.2232666015625,67.2232666015625,0.0,0.0,153.404541015625,38.404541015625,5.155147816645442
2007151N14072,GONU,2007-06-05 03:00:00,21.0,62.0,115.0,936.0,117.0,0,2007,6,1,1.2246467991473532e-16,-1.0,0.3999999999999986,-1.2000000000000028,0.8999999999999986,-1.7999999999999972,0.0,-12.0,25.0,22.045608572812842,-0.9417701052025104,0.3362574444482271,0.3999999999999986,-0.7999999999999972,-13.0,0.8999999999999986,-1.1000000000000014,-38.0,1.3999999999999986,-1.6000000000000014,-38.0,1.8999999999999986,-2.6000000000000014,-38.0,0.0,115.0,6.0,test,29.154937744140625,-28.64776611328125,144.49107360839844,9.02926254272461,87.29390716552734,4.610316276550293,130.4783935546875,6.0666656494140625,224.7177734375,19.754150390625,-17.734375,-26.9725341796875,0.98486328125,0.0,283.90435791015625,144.49107360839844,-30.7540283203125,29.58111572265625,78.3740234375,18.28564453125,29.30947494506836,4.27204704284668,64.68267822265625,-1.966699242591858,2.974472761154175,-2.4864072799682617,1.252174735069275,-1.8598397970199585,3.9809415340423584,1004.253662109375,68.253662109375,0.0,0.0,148.8242950439453,33.82429504394531,5.2265098497585685
2007151N14072,GONU,2007-06-05 06:00:00,21.4,61.6,102.0,950.0,120.0,0,2007,6,1,1.2246467991473532e-16,-1.0,0.6999999999999993,-1.1999999999999957,0.8999999999999986,-1.7999999999999972,-13.0,-25.0,0.0,24.43399962330244,-0.8474155115079826,0.5309302692968864,0.20000000000000284,-0.5,-12.0,0.6000000000000014,-1.0,-25.0,1.2000000000000028,-1.8000000000000043,-25.0,1.9000000000000021,-2.1000000000000014,-25.0,0.0,102.0,6.0,test,29.034507751464844,-30.2917423248291,137.9142303466797,10.075850486755371,86.24014282226562,-0.29342690110206604,118.15990447998047,5.555488109588623,229.4705047607422,20.215898513793945,-17.106508255004883,-29.2598934173584,0.8298925757408142,0.0,229.74310302734375,142.06454467773438,-30.9766845703125,30.177326202392578,78.83495330810547,18.535341262817383,29.235244750976562,3.015085220336914,66.9672622680664,-1.7520710229873657,3.5323715209960938,-2.2344703674316406,1.783211588859558,-1.7125744819641113,4.617959499359131,1004.7168579101562,54.71685791015625,0.0,0.0,146.1049041748047,44.10490417480469,5.321435998136712
2007151N14072,GONU,2007-06-05 09:00:00,21.4,61.2,102.0,950.0,123.0,0,2007,6,1,1.2246467991473532e-16,-1.0,0.3999999999999986,-0.7999999999999972,0.7999999999999972,-2.0,-13.0,-13.0,-13.0,15.668388207244169,-0.8809989479068235,0.4731182239008237,0.5,-0.30000000000000426,-25.0,1.0,-0.8000000000000043,-25.0,1.5,-1.8000000000000043,-25.0,2.1000000000000014,-1.8000000000000043,-25.0,0.0,102.0,6.0,test,28.895641326904297,-26.644485473632812,116.27704620361328,13.683798789978027,80.19214630126953,2.1874115467071533,89.24028015136719,4.7648491859436035,201.94183349609375,19.546611785888672,-12.822065353393555,-24.416614532470703,0.8405468463897705,0.0,190.20997619628906,144.55718994140625,-31.9686279296875,30.144620895385742,78.22344970703125,17.704322814941406,29.207988739013672,0.3433922231197357,67.86006927490234,-1.7190637588500977,3.766676187515259,-1.7537436485290527,1.9211252927780151,-1.9541503190994263,4.993642330169678,1003.1463012695312,53.14630126953125,0.0,0.0,143.86572265625,41.86572265625,5.321435998136712
2007151N14072,GONU,2007-06-05 12:00:00,21.6,61.1,90.0,960.0,126.0,0,2007,6,1,1.2246467991473532e-16,-1.0,0.20000000000000284,-0.5,0.9000000000000021,-1.6999999999999957,-12.0,-25.0,-25.0,9.379002890316805,-0.9185988599339253,0.3951912632233823,0.3999999999999986,-0.5,-13.0,1.0,-1.3000000000000043,-13.0,1.6999999999999993,-1.6000000000000014,-13.0,2.299999999999997,-2.0,-13.0,0.0,90.0,6.0,test,28.843141555786133,-26.87130355834961,131.60189819335938,17.12461280822754,80.76615142822266,9.906867027282715,62.366580963134766,5.712686061859131,214.0683135986328,20.106943130493164,-6.463520526885986,-22.633512496948242,0.8311328291893005,0.0,173.53431701660156,170.10174560546875,-31.62261962890625,30.535066604614258,82.03999328613281,17.2843074798584,29.189598083496094,0.35693109035491943,74.21847534179688,-1.3214191198349,3.2994232177734375,-1.3502976894378662,1.7411547899246216,-1.433800458908081,4.345971584320068,1001.7151489257812,41.71514892578125,0.0,0.0,142.84507751464844,52.84507751464844,5.3688021012638805
2007151N14072,GONU,2007-06-05 15:00:00,21.9,60.9,77.0,970.0,129.0,0,2007,6,1,1.2246467991473532e-16,-1.0,0.5,-0.30000000000000426,0.8999999999999986,-1.1000000000000014,-25.0,-38.0,-50.0,10.605371250609734,-0.48640801823114066,0.8737317893956098,0.5,-0.5,0.0,1.0,-1.5,0.0,1.6000000000000014,-1.5,0.0,2.200000000000003,-1.8999999999999986,0.0,0.0,77.0,5.0,test,28.784626007080078,-28.199888229370117,158.29824829101562,18.327007293701172,90.97200775146484,1.8079756498336792,91.76605987548828,5.986006259918213,214.50039672851562,20.004043579101562,-3.75225830078125,-22.80091094970703,0.698535144329071,0.0,147.33993530273438,179.32672119140625,-31.14642333984375,33.622459411621094,82.95486450195312,16.598691940307617,29.184955596923828,0.5445303320884705,72.46610260009766,-1.1106235980987549,3.2486274242401123,-0.8778308033943176,1.403673529624939,-1.3365918397903442,4.463667392730713,1001.9508666992188,31.95086669921875,0.0,0.0,141.01858520507812,64.01858520507812,5.439728418642112
2007151N14072,GONU,2007-06-05 18:00:00,22.0,60.6,77.0,970.0,132.0,0,2007,6,1,1.2246467991473532e-16,-1.0,0.3999999999999986,-0.5,0.6000000000000014,-1.0,-13.0,-25.0,-50.0,11.34754335103237,-0.7571257607575353,0.6532691500425559,0.6000000000000014,-0.8000000000000043,0.0,1.3000000000000007,-1.1000000000000014,0.0,1.8999999999999986,-1.5,0.0,2.5,-1.6000000000000014,-12.0,0.0,77.0,5.0,test,28.530132293701172,-24.69305419921875,162.6795196533203,18.222553253173828,91.40742492675781,10.530774116516113,118.72958374023438,5.897879123687744,196.2048797607422,18.922069549560547,0.4842529296875,-16.192394256591797,0.33476561307907104,0.0,114.93803405761719,169.8582763671875,-28.146728515625,34.01519775390625,83.149658203125,16.82232666015625,29.173852920532227,-0.370481938123703,71.61197662353516,-1.3903632164001465,3.7120285034179688,-1.0438605546951294,1.3997831344604492,-1.619573712348938,5.192574501037598,1003.5750732421875,33.5750732421875,0.0,0.0,138.54171752929688,61.541717529296875,5.463337479696344
2007151N14072,GONU,2007-06-05 21:00:00,22.4,60.4,77.0,970.0,135.0,0,2007,6,1,1.2246467991473532e-16,-1.0,0.5,-0.5,1.0,-0.8000000000000043,0.0,-25.0,-38.0,12.61975267994781,-0.6788623280686611,0.7342655783360661,0.5,-1.0,0.0,1.1000000000000014,-1.0,0.0,1.7000000000000028,-1.3999999999999986,0.0,2.400000000000002,-1.6000000000000014,-22.0,0.0,77.0,5.0,test,28.41278839111328,-23.814167022705078,129.6074676513672,10.45667552947998,87.81146240234375,13.366644859313965,51.14238739013672,4.918245792388916,190.7537841796875,19.4605655670166,-5.910561561584473,-15.821921348571777,0.41294801235198975,0.0,94.04020690917969,142.21160888671875,-25.83349609375,38.81684494018555,82.64173889160156,17.980504989624023,29.229623794555664,0.29613780975341797,72.50454711914062,-0.7794463634490967,4.376363754272461,-0.7708877921104431,1.5821187496185303,-0.7256471514701843,6.101088047027588,1002.5213623046875,32.5213623046875,0.0,0.9999838471412659,139.11148071289062,62.111480712890625,5.557606582767668
2007151N14072,GONU,2007-06-06 00:00:00,22.6,59.8,77.0,970.0,138.0,0,2007,6,1,1.2246467991473532e-16,-1.0,0.6000000000000014,-0.8000000000000043,1.0,-1.3000000000000043,0.0,-13.0,-38.0,17.63494650787386,-0.7761585595287043,0.6305377787811979,0.6999999999999993,-0.29999999999999716,0.0,1.2999999999999972,-0.6999999999999957,0.0,1.8999999999999986,-0.7999999999999972,-12.0,2.299999999999997,-1.1999999999999957,-32.0,0.0,77.0,5.0,test,28.5488338470459,-22.66069984436035,130.94044494628906,10.058660507202148,95.62550354003906,-1.2880209684371948,70.94341278076172,5.211360454559326,187.57168579101562,20.026229858398438,-12.742905616760254,-19.923234939575195,0.42970946431159973,0.21136468648910522,35.749267578125,148.37628173828125,-24.8426513671875,38.51964569091797,78.90480041503906,17.97773551940918,29.095312118530273,3.3402204513549805,67.0470199584961,-0.5730057954788208,5.114785194396973,-0.5609834790229797,2.665682077407837,-0.5453755855560303,6.599889755249023,1002.1327514648438,32.13275146484375,0.0,1.0,137.03663635253906,60.03663635253906,5.60463984473511
2007151N14072,GONU,2007-06-06 03:00:00,22.9,59.4,77.0,970.0,141.0,0,2007,6,1,1.2246467991473532e-16,-1.0,0.5,-1.0,1.0,-1.5,0.0,0.0,-38.0,19.42452275145772,-0.8788822637799719,0.4770387472868341,0.6000000000000014,0.0,0.0,1.2000000000000028,-0.3999999999999986,0.0,1.9000000000000021,-0.6000000000000014,-22.0,2.1000000000000014,-1.0,-32.0,0.0,77.0,5.0,test,,-20.590993881225586,105.53176879882812,11.881487846374512,93.23352813720703,5.161694526672363,111.19062805175781,5.029508590698242,173.39402770996094,20.681446075439453,-13.009133338928223,-19.820680618286133,,0.28112196922302246,26.271381378173828,136.4365234375,-24.595458984375,36.739444732666016,75.87825012207031,18.117326736450195,29.25215721130371,1.9947843551635742,65.58563232421875,-0.5401546359062195,5.537666320800781,-0.3623260259628296,2.724212646484375,-0.64788818359375,7.297177314758301,1003.3322143554688,33.33221435546875,0.020419463515281677,1.0,148.5896453857422,71.58964538574219,5.6750615136347955
2007151N14072,GONU,2007-06-06 06:00:00,23.3,59.5,77.0,970.0,144.0,0,2007,6,1,1.2246467991473532e-16,-1.0,0.6999999999999993,-0.29999999999999716,1.3000000000000007,-1.1000000000000014,0.0,0.0,-25.0,13.941551986797682,-0.36626713249054016,0.9305097461376517,0.5999999999999979,-0.3999999999999986,0.0,1.1999999999999993,-0.5,-12.0,1.5999999999999979,-0.8999999999999986,-32.0,1.5999999999999979,-1.2000000000000028,-37.0,0.0,77.0,5.0,test,29.9902400970459,-23.15185546875,126.85490417480469,10.813841819763184,94.85999298095703,13.872212409973145,101.81979370117188,5.507281303405762,187.81893920898438,20.031494140625,-7.773522853851318,-20.576488494873047,1.3623046875,0.0,62.60248947143555,145.96670532226562,-23.3212890625,36.74403381347656,76.06920623779297,16.737789154052734,29.374174118041992,0.0010606596479192376,62.73502731323242,-0.28510528802871704,6.1779327392578125,-0.3223593235015869,2.7045764923095703,-0.22440099716186523,8.389873504638672,1003.947265625,33.947265625,0.9120346903800964,0.9999934434890747,154.15548706054688,77.15548706054688,5.768714718478794
2007151N14072,GONU,2007-06-06 09:00:00,23.5,59.4,77.0,970.0,147.0,0,2007,6,1,1.2246467991473532e-16,-1.0,0.6000000000000014,0.0,1.1000000000000014,-1.0,0.0,0.0,-25.0,11.119500000000025,0.0,1.0,0.6000000000000014,-0.3999999999999986,0.0,1.3000000000000007,-0.6000000000000014,-22.0,1.5,-1.0,-32.0,1.5,-1.1999999999999957,-42.0,0.0,77.0,5.0,test,29.971881866455078,-21.139623641967773,124.0686264038086,8.61255931854248,94.35820007324219,6.981444358825684,83.5968017578125,4.789959907531738,158.70449829101562,19.249706268310547,-4.648633003234863,-16.77325439453125,1.287011742591858,0.0,69.44759368896484,140.77903747558594,-22.138427734375,32.64030456542969,74.85908508300781,14.768821716308594,29.482532501220703,-0.659418523311615,58.716766357421875,0.15281422436237335,6.550701141357422,-0.17209896445274353,2.718902587890625,0.4819910228252411,8.947966575622559,1002.7752685546875,32.7752685546875,1.0,1.0,158.4078369140625,81.4078369140625,5.815436171019575
2007151N14072,GONU,2007-06-06 12:00:00,23.9,59.1,77.0,970.0,150.0,0,2007,6,1,1.2246467991473532e-16,-1.0,0.5999999999999979,-0.3999999999999986,1.2999999999999972,-0.6999999999999957,0.0,0.0,-13.0,13.022133111235844,-0.520449646172322,0.8538923619514961,0.6000000000000014,-0.10000000000000142,-12.0,1.0,-0.5,-32.0,1.0,-0.8000000000000043,-37.0,1.2000000000000028,-0.8999999999999986,-46.0,0.0,77.0,5.0,test,30.31328773498535,-20.53909683227539,134.88058471679688,11.623207092285156,95.6655502319336,4.616992950439453,109.32953643798828,5.2688984870910645,161.5469207763672,20.809852600097656,-11.6639404296875,-17.547523498535156,2.241035223007202,0.0,76.9359359741211,137.81747436523438,-20.93267822265625,32.883365631103516,76.435791015625,14.24090576171875,29.70127296447754,-0.9639917016029358,62.73065185546875,0.9082703590393066,6.2623209953308105,0.3727618157863617,2.8388588428497314,1.3733429908752441,8.268234252929688,1001.7976684570312,31.79766845703125,1.0,1.0,166.11331176757812,89.11331176757812,5.908665929914871
2007151N14072,GONU,2007-06-06 15:00:00,24.1,59.0,77.0,970.0,153.0,0,2007,6,1,1.2246467991473532e-16,-1.0,0.6000000000000014,-0.3999999999999986,1.2000000000000028,-0.3999999999999986,0.0,0.0,0.0,13.016658577801833,-0.5198599713883916,0.8542514911594012,0.6999999999999993,-0.20000000000000284,-22.0,0.8999999999999986,-0.6000000000000014,-32.0,0.8999999999999986,-0.7999999999999972,-42.0,1.1999999999999993,-0.7999999999999972,-51.0,0.0,77.0,5.0,test,30.368755340576172,-20.025121688842773,122.02497863769531,11.738686561584473,92.82263946533203,13.949151039123535,101.9705810546875,5.437982082366943,161.08047485351562,21.5478515625,-9.270129203796387,-16.4422607421875,1.956933617591858,0.0,85.13941955566406,134.27894592285156,-21.950439453125,31.975791931152344,76.22281646728516,14.666845321655273,29.808090209960938,0.17050419747829437,61.99201202392578,1.0824512243270874,5.806384563446045,0.4438023865222931,2.297971248626709,1.5916643142700195,7.869932174682617,1002.3505249023438,32.35052490234375,1.0,1.0,169.05599975585938,92.05599975585938,5.9551731002941946
2007151N14072,GONU,2007-06-06 18:00:00,24.5,59.0,65.0,978.0,156.0,0,2007,6,1,1.2246467991473532e-16,-1.0,0.6000000000000014,-0.10000000000000142,1.1999999999999993,-0.5,-12.0,-12.0,-12.0,11.246651815733172,-0.14994557961622482,0.9886942516033733,0.3999999999999986,-0.3999999999999986,-20.0,0.3999999999999986,-0.7000000000000028,-25.0,0.6000000000000014,-0.7999999999999972,-34.0,1.0,-0.8999999999999986,-43.0,0.0,65.0,5.0,test,30.392974853515625,-19.087890625,111.13402557373047,25.898330688476562,97.861328125,16.216781616210938,77.75831604003906,4.5050048828125,141.2197265625,19.93408203125,-5.24627685546875,-15.54437255859375,1.952392578125,0.0,114.22216033935547,142.64639282226562,-23.56182861328125,31.35718536376953,77.28373718261719,15.010784149169922,29.965909957885742,0.096347875893116,61.95781707763672,1.1066676378250122,5.769911766052246,0.1705409437417984,2.037651777267456,1.7783972024917603,8.006540298461914,1003.7139282226562,25.71392822265625,1.0,1.0,171.1913604736328,106.19136047363281,6.047969189547121
2007151N14072,GONU,2007-06-06 21:00:00,24.8,58.8,55.0,984.0,159.0,0,2007,6,1,1.2246467991473532e-16,-1.0,0.6999999999999993,-0.20000000000000284,1.3000000000000007,-0.6000000000000014,-22.0,-22.0,-22.0,13.401988486244514,-0.25105805960329686,0.967972029920404,0.1999999999999993,-0.3999999999999986,-10.0,0.1999999999999993,-0.5999999999999943,-20.0,0.5,-0.5999999999999943,-29.0,0.8999999999999986,-0.7999999999999972,-37.0,0.0,55.0,4.0,test,30.61957550048828,-17.678342819213867,85.00621032714844,31.275266647338867,96.48806762695312,33.40596008300781,105.16439819335938,4.064374923706055,134.35800170898438,18.858905792236328,-4.1067795753479,-14.660019874572754,2.1081860065460205,0.0,91.62871551513672,165.2423858642578,-24.71380615234375,31.696958541870117,76.13031005859375,15.484341621398926,30.093961715698242,1.4404034614562988,58.8312873840332,1.493431568145752,6.026974678039551,0.1828000694513321,2.3057734966278076,2.3275203704833984,8.297144889831543,1002.9862060546875,18.9862060546875,1.0,1.0,174.28936767578125,119.28936767578125,6.117373060811537
2007151N14072,GONU,2007-06-07 00:00:00,24.9,58.6,45.0,988.0,162.0,0,2007,6,1,1.2246467991473532e-16,-1.0,0.3999999999999986,-0.3999999999999986,1.0,-0.5,-20.0,-32.0,-32.0,10.008178283814427,-0.6718422761130023,0.7406942392291845,0.0,-0.30000000000000426,-5.0,0.20000000000000284,-0.3999999999999986,-14.0,0.6000000000000014,-0.5,-23.0,,,-32.0,0.0,45.0,3.0,test,30.66314125061035,-16.009252548217773,75.59680938720703,25.51131820678711,86.78629302978516,19.740774154663086,78.92160034179688,2.472238063812256,110.61226654052734,20.792139053344727,0.5300732254981995,-9.484379768371582,1.8308874368667603,0.0,90.76521301269531,170.1879119873047,-23.5855712890625,32.8783073425293,75.68135833740234,15.941217422485352,30.0259952545166,3.6809558868408203,58.333457946777344,1.2759217023849487,6.299778461456299,0.3359277844429016,2.895052194595337,1.771108865737915,8.612186431884766,1003.4111938476562,15.41119384765625,0.9999905228614807,1.0,175.2014617919922,130.2014617919922,6.140470509314163
2007151N14072,GONU,2007-06-07 03:00:00,25.0,58.4,45.0,988.0,165.0,0,2007,6,1,1.2246467991473532e-16,-1.0,0.1999999999999993,-0.3999999999999986,0.8999999999999986,-0.6000000000000014,-10.0,-32.0,-32.0,7.673059493241394,-0.8755907120517487,0.4830537288632723,0.0,-0.19999999999999574,-10.0,0.3000000000000007,-0.19999999999999574,-19.0,0.6999999999999993,-0.3999999999999986,-27.0,,,,,45.0,3.0,test,30.788921356201172,-16.87286376953125,72.57609558105469,23.865314483642578,82.05120086669922,8.43386459350586,57.48882293701172,3.1145904064178467,121.4341812133789,21.5361328125,2.63177490234375,-8.557226181030273,2.193798780441284,0.0,83.39624786376953,156.08213806152344,-21.56378173828125,31.41628074645996,70.82466125488281,15.036718368530273,30.086286544799805,4.0148725509643555,52.239437103271484,1.1018747091293335,6.221832752227783,0.12128277122974396,2.872272491455078,1.6769076585769653,8.599055290222168,1004.5151977539062,16.51519775390625,0.9999596476554871,1.0,178.276123046875,133.276123046875,6.163549252878709
2007151N14072,GONU,2007-06-07 06:00:00,24.9,58.3,40.0,988.0,168.0,0,2007,6,1,1.2246467991473532e-16,-1.0,0.0,-0.30000000000000426,0.3999999999999986,-0.7000000000000028,-5.0,-25.0,-37.0,5.042937958457045,-1.0,6.123233995736766e-17,0.20000000000000284,-0.09999999999999432,-9.0,0.6000000000000014,-0.19999999999999574,-18.0,,,-27.0,,,,,40.0,3.0,test,30.843141555786133,-16.862855911254883,87.04647827148438,18.622821807861328,83.47001647949219,9.041815757751465,40.03309631347656,3.208394765853882,123.77226257324219,21.8707218170166,5.499990463256836,-1.544521450996399,1.8578320741653442,0.0,94.5157470703125,142.27117919921875,-19.0054931640625,26.897676467895508,69.7142333984375,14.213935852050781,30.106800079345703,2.3298041820526123,51.531105041503906,0.6222866773605347,6.440577983856201,-0.08572985976934433,3.104548692703247,1.0503700971603394,8.928458213806152,1005.0465698242188,17.04656982421875,0.999989926815033,1.0,178.73175048828125,138.73175048828125,6.140470509314163
2007151N14072,GONU,2007-06-07 09:00:00,25.0,58.2,35.0,988.0,171.0,0,2007,6,1,1.2246467991473532e-16,-1.0,0.0,-0.19999999999999574,0.1999999999999993,-0.5999999999999943,-10.0,-20.0,-42.0,3.359229812651271,-1.0,6.123233995736766e-17,0.3000000000000007,0.0,-9.0,0.6999999999999993,-0.20000000000000284,-17.0,,,,,,,,35.0,3.0,test,30.9270076751709,-14.070666313171387,85.37728118896484,24.078577041625977,88.81742095947266,13.829878807067871,37.79553985595703,3.314627170562744,118.3427734375,21.751171112060547,4.266088962554932,3.85833740234375,1.993749976158142,0.0,83.39624786376953,110.01029205322266,-15.62286376953125,19.70140838623047,70.40457153320312,12.921671867370605,30.152019500732422,0.8024311065673828,50.25923156738281,0.8027821183204651,6.550288677215576,0.21099835634231567,3.169386148452759,1.2108185291290283,9.115949630737305,1003.4560546875,15.4560546875,0.9999875426292419,1.0,180.72267150878906,145.72267150878906,6.163549252878709
2007151N14072,GONU,2007-06-07 12:00:00,25.1,58.2,31.0,988.0,174.0,0,2007,6,1,1.2246467991473532e-16,-1.0,0.20000000000000284,-0.09999999999999432,0.20000000000000284,-0.3999999999999986,-9.0,-14.0,-46.0,4.068740566150809,-0.41247293836554105,0.9109698541203746,0.3999999999999986,-0.10000000000000142,-9.0,,,-18.0,,,,,,,,31.0,2.0,test,30.90825843811035,-9.94934368133545,73.35308074951172,24.891582489013672,75.61032104492188,11.68751049041748,39.049644470214844,1.7633203268051147,96.37601470947266,19.000732421875,4.597185134887695,7.372194766998291,2.0122950077056885,0.002537898952141404,72.27674865722656,109.39080810546875,-12.40936279296875,16.034339904785156,70.99343872070312,12.254889488220215,30.15521812438965,-0.43908020853996277,49.28828048706055,0.845072329044342,5.9172258377075195,0.41874152421951294,2.709899663925171,1.2467893362045288,8.348294258117676,1002.5831298828125,14.5831298828125,0.9999907612800598,1.0,180.75390625,149.75390625,6.1866092212033195
2007151N14072,GONU,2007-06-07 15:00:00,25.3,58.2,26.0,988.0,177.0,0,2007,6,1,1.2246467991473532e-16,-1.0,0.3000000000000007,0.0,0.3000000000000007,-0.19999999999999574,-9.0,-19.0,-51.0,5.559750000000013,0.0,1.0,0.3999999999999986,-0.20000000000000284,-8.0,,,,,,,,,,,26.0,1.0,test,30.861186981201172,-8.835224151611328,64.46788787841797,23.689268112182617,65.46419525146484,11.088571548461914,45.647796630859375,0.6969000101089478,81.34542846679688,19.045848846435547,2.271125555038452,3.5352416038513184,1.6978906393051147,0.050581637769937515,50.037750244140625,102.1843490600586,-10.89892578125,18.01333236694336,71.00325012207031,12.097007751464844,30.210607528686523,1.334327220916748,47.62998580932617,1.0883429050445557,5.363885879516602,0.183447927236557,2.0024373531341553,1.7988414764404297,7.809237957000732,1002.9598999023438,14.95989990234375,0.999977707862854,1.0,181.3608856201172,155.3608856201172,6.2326725512114916
2007151N14072,GONU,2007-06-07 18:00:00,25.5,58.1,22.0,988.0,180.0,0,2007,6,1,1.2246467991473532e-16,-1.0,0.3999999999999986,-0.10000000000000142,0.6000000000000014,-0.19999999999999574,-9.0,-18.0,-43.0,7.599378159618273,-0.22011224380304104,0.9754745512456953,,,-9.0,,,,,,,,,,,22.0,1.0,test,,-9.362548828125,65.86038970947266,21.86473274230957,65.68013763427734,1.0701812505722046,38.79518508911133,0.34808653593063354,80.98457336425781,18.908838272094727,0.35838621854782104,1.0318603515625,,0.1923205405473709,27.798749923706055,98.87161254882812,-10.6357421875,19.449554443359375,70.60993194580078,12.564020156860352,30.264713287353516,1.885433554649353,46.459598541259766,0.9663099646568298,5.2916059494018555,-0.4384478032588959,2.157282829284668,1.9070135354995728,7.547893047332764,1004.3956298828125,16.3956298828125,0.9999953508377075,1.0,181.93313598632812,159.93313598632812,6.278659938071538
2007151N14072,GONU,2007-06-07 21:00:00,25.7,58.0,18.0,988.0,183.0,0,2007,6,1,1.2246467991473532e-16,-1.0,0.3999999999999986,-0.20000000000000284,0.6999999999999993,-0.20000000000000284,-8.0,-17.0,-37.0,8.130628109084379,-0.41077293595543535,0.9117376788783887,,,,,,,,,,,,,,18.0,1.0,test,,-8.893237113952637,50.74909973144531,22.316011428833008,70.20826721191406,5.022156238555908,18.33001708984375,0.48566895723342896,75.10546875,18.362646102905273,-1.386389136314392,-0.9232422113418579,,0.6354617476463318,5.559750080108643,104.54155731201172,-10.5595703125,17.797855377197266,68.8350830078125,12.809979438781738,30.313138961791992,2.301799774169922,44.70785903930664,1.3314028978347778,5.337380886077881,-0.37170112133026123,2.72204852104187,2.339038848876953,7.3873162269592285,1003.953125,15.953125,0.9999703764915466,1.0,182.80636596679688,164.80636596679688,6.3245708214416645
2007172N15088,UNNAMED,2007-06-20 18:00:00,14.5,88.4,22.0,992.0,0.0,1,2007,6,1,1.2246467991473532e-16,-1.0,,,,,,,,,,,0.9000000000000004,-1.3000000000000114,4.0,1.1999999999999993,-3.1000000000000085,4.0,1.4000000000000004,-4.300000000000011,4.0,1.3000000000000007,-5.5,4.0,0.0,44.0,3.0,test,30.224468231201172,-4.373010158538818,27.697345733642578,18.097991943359375,87.95292663574219,-2.202301502227783,0.6271316409111023,0.4828124940395355,39.02714920043945,22.750049591064453,1.0281493663787842,-3.38421630859375,0.98046875,0.0,494.45556640625,28.5870361328125,-4.39239501953125,4.080075263977051,80.97254180908203,19.498790740966797,30.158138275146484,0.29874685406684875,75.37631225585938,-5.966384410858154,1.5668938159942627,-0.34227317571640015,4.19777774810791,-10.09677505493164,-0.07303852587938309,1000.902099609375,8.902099609375,0.0,0.0,167.36500549316406,145.36500549316406,3.6515920551307848
2007172N15088,UNNAMED,2007-06-20 21:00:00,15.0,87.8,25.0,992.0,3.0,1,2007,6,1,1.2246467991473532e-16,-1.0,,,,,,,,,,,0.5999999999999996,-1.5999999999999943,1.0,0.8000000000000007,-3.0999999999999943,1.0,0.9000000000000004,-4.299999999999997,1.0,0.8000000000000007,-5.5,1.0,0.0,44.0,3.0,test,30.135601043701172,-4.164953708648682,22.752384185791016,11.081292152404785,73.88353729248047,-2.940850019454956,0.8070892095565796,0.4439636170864105,35.84492111206055,22.485448837280273,-2.9811158180236816,-4.021899223327637,1.5151245594024658,0.0,537.6921997070312,24.49869728088379,-4.281005859375,3.972555160522461,77.8232650756836,17.391765594482422,30.23017692565918,-0.12487347424030304,69.42549896240234,-6.054237365722656,1.7920119762420654,-0.8524166345596313,3.8908846378326416,-9.864338874816895,0.538735568523407,999.1047973632812,7.10479736328125,0.0,0.0,166.55067443847656,141.55067443847656,3.774668717584183
2007172N15088,UNNAMED,2007-06-21 00:00:00,15.4,87.1,26.0,992.0,6.0,1,2007,6,1,1.2246467991473532e-16,-1.0,0.9000000000000004,-1.3000000000000114,,,4.0,,,28.59548002784355,-0.8122691935943367,0.5832827420193452,0.29999999999999893,-1.7999999999999972,0.0,0.5,-3.0,0.0,0.40000000000000036,-4.199999999999989,0.0,0.29999999999999893,-5.3999999999999915,0.0,0.0,44.0,3.0,test,29.849702835083008,-3.423344612121582,18.267257690429688,24.018421173095703,78.516845703125,-6.401975631713867,2.9504013061523438,0.6759393215179443,32.98097610473633,20.67620086669922,-2.863217830657959,-2.347609758377075,1.712314486503601,0.0,455.7126770019531,24.1252384185791,-3.4591064453125,4.176661491394043,80.30098724365234,20.63237953186035,30.1146240234375,0.24683217704296112,69.2695541381836,-6.675166606903076,1.8957762718200684,-1.5058940649032593,4.564445972442627,-10.427224159240723,0.34986773133277893,999.1553344726562,7.15533447265625,0.0,0.9374904632568359,163.01307678222656,137.01307678222656,3.8729235286511168
2007172N15088,UNNAMED,2007-06-21 03:00:00,15.6,86.2,26.0,992.0,9.0,1,2007,6,1,1.2246467991473532e-16,-1.0,0.5999999999999996,-1.5999999999999943,,,1.0,,,30.647994069152833,-0.9318618493022143,0.3628133043523313,0.20000000000000107,-1.5,0.0,0.3000000000000007,-2.700000000000003,0.0,0.20000000000000107,-3.9000000000000057,0.0,-0.1999999999999993,-5.299999999999997,0.0,0.0,44.0,3.0,test,29.869117736816406,-3.7752392292022705,13.663871765136719,17.606496810913086,72.43669891357422,-3.4871249198913574,4.5534892082214355,0.46886658668518066,36.77652359008789,19.744346618652344,-1.1959741115570068,-3.9117040634155273,1.7780994176864624,0.0,381.61883544921875,29.707592010498047,-3.8974609375,5.933659553527832,76.98192596435547,21.550113677978516,30.013057708740234,-0.029393617063760757,64.53775024414062,-7.00600528717041,1.8436787128448486,-1.5190086364746094,3.898052930831909,-10.931851387023926,0.710611879825592,999.9891967773438,7.98919677734375,0.0,0.9943392872810364,160.71424865722656,134.71424865722656,3.9219804478171585
2007172N15088,UNNAMED,2007-06-21 06:00:00,15.7,85.3,26.0,992.0,12.0,1,2007,6,1,1.2246467991473532e-16,-1.0,0.29999999999999893,-1.7999999999999972,1.1999999999999993,-3.1000000000000085,0.0,4.0,,32.59166723482485,-0.9853424309896377,0.17058808191497718,0.20000000000000107,-1.2000000000000028,0.0,0.10000000000000142,-2.3999999999999915,0.0,0.0,-3.5999999999999943,0.0,-0.3999999999999986,-5.099999999999994,0.0,0.0,44.0,3.0,test,29.72743797302246,-3.672429084777832,13.230152130126953,17.175928115844727,81.42987823486328,-9.048140525817871,10.309809684753418,0.7520214915275574,35.78335952758789,20.668594360351562,-0.42991942167282104,-4.878913402557373,2.2911815643310547,0.0,312.5902099609375,47.83783721923828,-4.03314208984375,11.967828750610352,82.42501068115234,20.979326248168945,29.916711807250977,0.49171265959739685,73.97771453857422,-6.487671375274658,1.8899807929992676,-1.2324624061584473,3.210949420928955,-10.194925308227539,1.2789443731307983,999.4683837890625,7.4683837890625,0.006952325813472271,0.9884983897209167,158.92991638183594,132.92991638183594,3.9464910242011904
2007172N15088,UNNAMED,2007-06-21 09:00:00,15.8,84.7,26.0,992.0,15.0,1,2007,6,1,1.2246467991473532e-16,-1.0,0.20000000000000107,-1.5,0.8000000000000007,-3.0999999999999943,0.0,1.0,,27.004038921562397,-0.9905354352849752,0.13725724550931626,0.09999999999999964,-1.2000000000000028,0.0,0.0,-2.4000000000000057,0.0,-0.40000000000000036,-3.799999999999997,0.0,-0.10000000000000142,-5.1000000000000085,-1.0,0.0,44.0,3.0,test,29.67716407775879,-4.634325981140137,19.49863624572754,16.790325164794922,84.14366912841797,2.3411526679992676,1.7993541955947876,1.4495129585266113,41.836483001708984,21.08123016357422,-3.911979913711548,-5.327724456787109,1.8456250429153442,0.0,259.6286926269531,49.97787094116211,-4.79229736328125,12.3543062210083,83.86568450927734,20.286266326904297,29.844898223876953,0.344915509223938,77.71429443359375,-5.6854681968688965,1.6732285022735596,-0.7768720388412476,2.665207624435425,-9.155845642089844,1.204451084136963,998.0364379882812,6.03643798828125,0.07103042304515839,0.9894923567771912,157.90235900878906,131.90235900878906,3.9709895788891445
2007172N15088,UNNAMED,2007-06-21 12:00:00,15.9,84.1,26.0,992.0,18.0,1,2007,6,1,1.2246467991473532e-16,-1.0,0.20000000000000107,-1.2000000000000028,0.5,-3.0,0.0,0.0,,21.706951503903216,-0.9853140814922382,0.1707517520059664,-0.09999999999999964,-1.1999999999999886,0.0,-0.20000000000000107,-2.3999999999999915,0.0,-0.5999999999999996,-3.8999999999999915,0.0,0.40000000000000036,-5.099999999999994,-4.0,0.0,44.0,3.0,test,29.618804931640625,-5.648205757141113,18.577253341674805,14.023626327514648,82.15493774414062,2.096107244491577,10.194223403930664,0.36917054653167725,44.4885139465332,19.46002960205078,-4.131596565246582,-5.478515625,1.4593359231948853,0.0,210.5584259033203,41.72757339477539,-5.80621337890625,10.96918773651123,86.49954986572266,20.08449935913086,29.797143936157227,0.15187253057956696,80.49132537841797,-5.418516159057617,1.3460791110992432,-1.128543734550476,3.1957895755767822,-8.494020462036133,0.1799449622631073,997.705322265625,5.705322265625,0.45357608795166016,0.9877914786338806,156.898681640625,130.898681640625,3.9954760372541736
2007172N15088,UNNAMED,2007-06-21 15:00:00,15.9,83.5,26.0,992.0,21.0,1,2007,6,1,1.2246467991473532e-16,-1.0,0.09999999999999964,-1.2000000000000028,0.3000000000000007,-2.700000000000003,0.0,0.0,,21.468305403671383,-0.9962670355624472,0.08632493180775519,-0.09999999999999964,-1.2000000000000028,0.0,-0.5,-2.5999999999999943,0.0,-0.20000000000000107,-3.9000000000000057,-1.0,0.7000000000000011,-5.0,-8.0,0.0,44.0,3.0,test,29.7092342376709,-6.2486572265625,18.596376419067383,13.10604190826416,92.79985809326172,-2.874094247817993,5.933470249176025,1.6791778802871704,57.108985900878906,21.624950408935547,-1.4082520008087158,-4.944628715515137,1.911718726158142,0.0,161.59254455566406,41.291236877441406,-6.34722900390625,12.891631126403809,86.43136596679688,21.236772537231445,29.743898391723633,1.390267014503479,78.86492919921875,-5.542700290679932,1.2097326517105103,-1.1458231210708618,3.3931002616882324,-8.71618938446045,-0.27421677112579346,999.515869140625,7.515869140625,0.676185131072998,0.9972501993179321,157.17330932617188,131.17330932617188,3.9954760372541736
2007172N15088,UNNAMED,2007-06-21 18:00:00,15.8,82.9,26.0,992.0,24.0,1,2007,6,1,1.2246467991473532e-16,-1.0,-0.09999999999999964,-1.1999999999999886,0.10000000000000142,-2.3999999999999915,0.0,0.0,4.0,21.478866825136176,-0.9962707126176291,-0.08628248478319085,-0.10000000000000142,-1.2000000000000028,0.0,-0.5,-2.700000000000003,0.0,0.5,-3.9000000000000057,-4.0,1.1999999999999993,-4.800000000000011,-13.0,0.0,44.0,3.0,test,29.758804321289062,-7.306157112121582,19.349811553955078,13.38782787322998,92.11541748046875,-2.4337849617004395,12.171016693115234,1.6966687440872192,58.732852935791016,22.479629516601562,-0.6756225824356079,-5.1286301612854,1.8336328268051147,0.0,126.21675109863281,70.73196411132812,-7.3785400390625,20.34521484375,85.48831939697266,22.119325637817383,29.698200225830078,2.4286160469055176,78.07881927490234,-5.2739338874816895,1.43217933177948,-0.5867432951927185,3.684661388397217,-8.756306648254395,-0.16160111129283905,999.875732421875,7.875732421875,0.9874179363250732,0.9998058676719666,157.36544799804688,131.36544799804688,3.9709895788891445
2007172N15088,UNNAMED,2007-06-21 21:00:00,15.8,82.3,26.0,992.0,27.0,1,2007,6,1,1.2246467991473532e-16,-1.0,-0.09999999999999964,-1.2000000000000028,0.0,-2.4000000000000057,0.0,0.0,1.0,21.478866825136432,-0.9962707126176291,-0.08628248478318974,-0.40000000000000036,-1.3999999999999915,0.0,-0.10000000000000142,-2.700000000000003,-1.0,0.8000000000000007,-3.799999999999997,-8.0,1.6999999999999993,-4.5,-10.0,0.0,44.0,3.0,test,29.75591468811035,-7.245715141296387,28.638336181640625,20.051918029785156,93.5492172241211,18.221616744995117,33.36885070800781,2.428560733795166,54.5730094909668,22.50994110107422,-4.192846775054932,-5.231804370880127,2.041572332382202,0.0,96.96012115478516,63.07871627807617,-8.4989013671875,28.7329044342041,85.47893524169922,21.934619903564453,29.66290855407715,2.4785406589508057,77.2586898803711,-4.477779865264893,1.6522209644317627,0.2696147561073303,3.9029839038848877,-8.101662635803223,0.08027182519435883,998.67041015625,6.67041015625,0.9916306138038635,0.9977411031723022,158.4076385498047,132.4076385498047,3.9709895788891445
2007172N15088,UNNAMED,2007-06-22 00:00:00,15.7,81.7,26.0,992.0,30.0,1,2007,6,1,1.2246467991473532e-16,-1.0,-0.10000000000000142,-1.2000000000000028,-0.20000000000000107,-2.3999999999999915,0.0,0.0,0.0,21.489363344053512,-0.9962743616926578,-0.0862403399453365,-0.3999999999999986,-1.5,0.0,0.6000000000000014,-2.700000000000003,-4.0,1.3000000000000007,-3.6000000000000085,-13.0,2.3000000000000007,-4.200000000000003,-8.0,0.0,44.0,3.0,test,29.54145050048828,-4.122072696685791,22.14935302734375,22.120567321777344,91.13858032226562,12.407329559326172,47.5109977722168,1.8529181480407715,34.557579040527344,20.640859603881836,0.21337157487869263,-0.6276513934135437,1.5653564929962158,0.0,81.11100006103516,41.0206413269043,-5.9525146484375,38.197975158691406,88.65863037109375,22.105894088745117,29.384021759033203,2.5171492099761963,80.97985076904297,-3.9864392280578613,1.6273133754730225,0.776785135269165,3.856027841567993,-7.476163864135742,0.16516320407390594,999.0510864257812,7.05108642578125,0.9939113259315491,0.999666690826416,154.40185546875,128.40185546875,3.9464910242011904
2007172N15088,UNNAMED,2007-06-22 03:00:00,15.4,80.9,26.0,992.0,33.0,1,2007,6,1,1.2246467991473532e-16,-1.0,-0.40000000000000036,-1.3999999999999915,-0.5,-2.5999999999999943,0.0,0.0,0.0,26.089262710479634,-0.9587828367609736,-0.28413988092589226,0.29999999999999893,-1.3000000000000114,-1.0,1.200000000000001,-2.4000000000000057,-8.0,2.0999999999999996,-3.1000000000000085,-10.0,3.299999999999999,-3.8000000000000114,-8.0,0.0,44.0,3.0,test,29.74234962463379,-3.571843147277832,26.46033477783203,23.055789947509766,87.25614166259766,-1.356236219406128,25.87944221496582,1.0904186964035034,28.949491500854492,20.220518112182617,3.159306526184082,-0.4859912097454071,1.9499902725219727,0.0005553531809709966,61.978885650634766,45.80934524536133,-6.62518310546875,38.13843536376953,92.93425750732422,20.823232650756836,29.36983299255371,2.2000038623809814,87.93657684326172,-3.0883336067199707,1.527211308479309,1.6890419721603394,3.3757855892181396,-6.577319145202637,0.3185104727745056,1000.373779296875,8.373779296875,0.9960657954216003,0.9993818402290344,156.9436798095703,130.9436798095703,3.8729235286511168
2007172N15088,UNNAMED,2007-06-22 06:00:00,15.3,80.2,26.0,992.0,36.0,1,2007,6,1,1.2246467991473532e-16,-1.0,-0.3999999999999986,-1.5,-0.5,-2.700000000000003,0.0,0.0,0.0,27.819342978279153,-0.9638434148962183,-0.2664692694499619,1.0,-1.2000000000000028,-4.0,1.6999999999999993,-2.1000000000000085,-13.0,2.6999999999999993,-2.700000000000003,-8.0,4.0,-3.6000000000000085,-8.0,0.0,44.0,3.0,test,,-3.5756468772888184,29.754240036010742,24.091188430786133,98.51956939697266,-5.842410564422607,13.94520092010498,0.7110705375671387,28.1094913482666,20.385225296020508,0.9074316620826721,-1.0232397317886353,,0.3128301203250885,16.718259811401367,52.51723861694336,-6.91436767578125,32.7982063293457,93.15467071533203,21.23892593383789,29.441293716430664,2.5748467445373535,87.4356689453125,-2.1549088954925537,1.491409420967102,2.3779919147491455,3.074726104736328,-5.5151214599609375,0.4219343364238739,999.6581420898438,7.65814208984375,0.9970526695251465,0.9940558075904846,159.16709899902344,133.16709899902344,3.848377335304992
2007172N15088,UNNAMED,2007-06-22 09:00:00,15.7,79.6,25.0,992.0,39.0,1,2007,6,1,1.2246467991473532e-16,-1.0,0.29999999999999893,-1.3000000000000114,-0.10000000000000142,-2.700000000000003,-1.0,-1.0,-1.0,23.8504737491635,-0.9724507140516233,0.23310857714912156,0.9000000000000021,-1.0999999999999943,-7.0,1.8000000000000007,-1.7999999999999972,-9.0,3.0,-2.5,-7.0,4.0,-3.5999999999999943,-7.0,0.0,44.0,3.0,test,,-3.960813045501709,19.07341957092285,17.184640884399414,83.62493133544922,-1.859269618988037,12.031231880187988,0.8907598853111267,33.972110748291016,20.306474685668945,-3.0600757598876953,-2.0678906440734863,,0.9966952800750732,0.0,40.63829040527344,-6.55181884765625,27.594892501831055,91.59363555908203,19.0922908782959,29.549333572387695,1.3858046531677246,86.28235626220703,-1.9893070459365845,1.4254275560379028,1.9938461780548096,2.9156835079193115,-5.071815013885498,0.34121227264404297,997.7483520507812,5.74835205078125,0.972291886806488,0.9981810450553894,159.375244140625,134.375244140625,3.9464910242011904
2007172N15088,UNNAMED,2007-06-22 12:00:00,16.3,79.0,22.0,992.0,42.0,1,2007,6,1,1.2246467991473532e-16,-1.0,1.0,-1.2000000000000028,0.6000000000000014,-2.700000000000003,-4.0,-4.0,-4.0,28.267777988212657,-0.7551039171574399,0.6556051207041402,0.6999999999999993,-0.9000000000000057,-9.0,1.6999999999999993,-1.5,-4.0,3.0,-2.4000000000000057,-4.0,3.8000000000000007,-3.5999999999999943,-4.0,0.0,44.0,3.0,test,,-5.217272758483887,45.95298767089844,21.843143463134766,101.11771392822266,8.2784423828125,85.56517791748047,2.3930296897888184,58.38398361206055,20.122949600219727,-4.863989353179932,-4.793957710266113,,0.987702488899231,0.0,64.6916732788086,-6.35125732421875,24.99329948425293,91.15202331542969,18.923418045043945,29.69425392150879,0.2182864397764206,86.5857925415039,-2.648406505584717,0.9642553329467773,1.6252715587615967,2.781700611114502,-5.981022834777832,-0.31904172897338867,996.9340209960938,4.93402099609375,0.9954769611358643,0.9968696236610413,,,4.093299416242554
2007172N15088,UNNAMED,2007-06-22 15:00:00,16.6,78.5,18.0,992.0,45.0,1,2007,6,1,1.2246467991473532e-16,-1.0,0.9000000000000021,-1.0999999999999943,1.200000000000001,-2.4000000000000057,-7.0,-8.0,-8.0,25.687692344975094,-0.7605246964203871,0.6493090066637595,0.8999999999999986,-0.7000000000000028,-2.0,2.099999999999998,-1.4000000000000057,0.0,3.099999999999998,-2.5,0.0,3.8999999999999986,-3.700000000000003,0.0,0.0,44.0,3.0,test,,-3.99212646484375,29.882038116455078,15.817588806152344,95.40275573730469,13.181720733642578,37.828453063964844,1.9247558116912842,43.742774963378906,21.254638671875,1.241235375404358,-3.181628465652466,,0.9993830919265747,0.0,67.07038116455078,-6.0567626953125,26.114349365234375,93.42086029052734,20.238420486450195,29.784366607666016,1.6822514533996582,89.5120849609375,-3.120441198348999,1.0293571949005127,1.1587470769882202,2.909965753555298,-6.461503505706787,-0.2913365364074707,999.01318359375,7.01318359375,0.998736560344696,0.9989491701126099,,,4.166536287907616
2007172N15088,UNNAMED,2007-06-23 00:00:00,18.0,77.5,18.0,992.0,54.0,1,2007,6,1,1.2246467991473532e-16,-1.0,1.0,-0.5999999999999943,1.6999999999999993,-1.5,5.0,-4.0,-8.0,21.337524548462856,-0.4956185479212815,0.8685403012850932,1.3000000000000007,-0.9000000000000057,0.0,2.1000000000000014,-2.0999999999999943,0.0,2.8000000000000007,-3.299999999999997,0.0,3.3000000000000007,-4.599999999999994,0.0,0.0,44.0,3.0,test,,-2.991943359375,13.461435317993164,12.728307723999023,99.27285766601562,-2.941504955291748,3.48187255859375,0.907745361328125,31.521484375,20.081787109375,-0.68377685546875,2.34185791015625,,0.9816242456436157,0.0,47.03019332885742,-4.01678466796875,12.973877906799316,87.19175720214844,17.48426055908203,,0.2065606266260147,78.52629089355469,-3.183917760848999,1.9444375038146973,0.1510329246520996,4.16056489944458,-5.847225666046143,0.39499643445014954,999.4361572265625,7.4361572265625,0.9846046566963196,0.9461702704429626,,,4.506765649363108
2007172N15088,UNNAMED,2007-06-23 03:00:00,18.7,77.1,18.0,992.0,57.0,1,2007,6,1,1.2246467991473532e-16,-1.0,1.1999999999999993,-0.7000000000000028,2.099999999999998,-1.4000000000000057,2.0,0.0,-8.0,25.407993846197737,-0.48362425640577333,0.875275715769587,1.0,-1.0999999999999943,0.0,1.8000000000000007,-2.299999999999997,0.0,2.400000000000002,-3.5,0.0,2.6999999999999993,-4.8999999999999915,2.0,0.0,44.0,3.0,test,,-3.0826048851013184,22.718040466308594,12.919830322265625,96.3469009399414,0.3371008634567261,3.1515936851501465,0.47634583711624146,30.581640243530273,20.348360061645508,2.371030330657959,1.2877001762390137,,0.9891372919082642,0.0,34.02962875366211,-3.96856689453125,4.525902271270752,86.40331268310547,16.455516815185547,,-0.6844484210014343,80.0903091430664,-3.630095958709717,2.3545844554901123,-0.5331898331642151,4.244802474975586,-6.20629358291626,1.0567599534988403,1001.2242431640625,9.2242431640625,0.9685162901878357,0.9961077570915222,,,4.67588397729962
2007172N15088,UNNAMED,2007-06-23 06:00:00,19.3,76.6,18.0,992.0,60.0,1,2007,6,1,1.2246467991473532e-16,-1.0,1.3000000000000007,-0.9000000000000057,2.3000000000000007,-1.5,0.0,5.0,-8.0,28.779222965278183,-0.546988083753585,0.8371403921873446,0.8000000000000007,-1.1999999999999886,0.0,1.5,-2.3999999999999915,0.0,2.0,-3.6999999999999886,0.0,2.1999999999999993,-5.0,4.0,0.0,44.0,3.0,test,,-2.645319938659668,19.68562126159668,10.599981307983398,91.86600494384766,1.6422913074493408,8.86642837524414,1.195165991783142,31.638750076293945,19.906776428222656,1.3734424114227295,0.8376928567886353,,0.9979518055915833,0.0,23.033647537231445,-3.16668701171875,7.941279888153076,88.42742156982422,15.97622013092041,,-0.18075351417064667,80.94815063476562,-3.744385004043579,2.8234338760375977,-0.6648619771003723,4.402413845062256,-6.324418544769287,1.7904927730560303,1000.8823852539062,8.88238525390625,0.9942971467971802,0.9797986149787903,,,4.820288006208188
2007172N15088,UNNAMED,2007-06-23 09:00:00,19.7,76.0,18.0,992.0,63.0,1,2007,6,1,1.2246467991473532e-16,-1.0,1.0,-1.0999999999999943,2.1999999999999993,-1.7999999999999972,0.0,2.0,-7.0,26.679745211702542,-0.719369057185878,0.6946280728299865,0.8000000000000007,-1.2000000000000028,0.0,1.4000000000000021,-2.4000000000000057,0.0,1.6999999999999993,-3.799999999999997,2.0,2.0,-5.0,2.0,0.0,44.0,3.0,test,,-2.192675828933716,13.615348815917969,8.739206314086914,92.74617767333984,-1.1280808448791504,2.991485595703125,1.6146148443222046,37.21269607543945,20.238134384155273,-2.229113817214966,0.646496593952179,,0.99407958984375,0.0,59.05455017089844,-3.90728759765625,8.654328346252441,90.23702239990234,17.44822120666504,,0.24339525401592255,82.51545715332031,-3.349860429763794,2.8106682300567627,0.05619361624121666,4.066271781921387,-6.10532808303833,2.0189545154571533,998.9782104492188,6.97821044921875,0.9959861040115356,0.9617827534675598,,,4.9162646678939135
2007172N15088,UNNAMED,2007-06-23 12:00:00,20.1,75.4,18.0,992.0,66.0,1,2007,6,1,1.2246467991473532e-16,-1.0,0.8000000000000007,-1.1999999999999886,2.1000000000000014,-2.0999999999999943,0.0,0.0,-4.0,25.61197628736627,-0.8154199753275514,0.5788698159662633,0.6999999999999993,-1.2000000000000028,0.0,1.1999999999999993,-2.5,0.0,1.3999999999999986,-3.8000000000000114,4.0,1.7999999999999972,-5.0,0.0,0.0,44.0,3.0,test,,-1.453405737876892,15.25370979309082,8.072978973388672,92.41200256347656,1.9378368854522705,1.9335955381393433,1.0381207466125488,29.500547409057617,20.611778259277344,-2.539365291595459,-1.1381323337554932,,0.9977678060531616,0.0,37.60197448730469,-3.1453857421875,8.962923049926758,91.10993194580078,17.485414505004883,30.367828369140625,-0.04452589526772499,85.54246520996094,-2.623298406600952,2.169490337371826,0.7457486987113953,3.548912286758423,-5.190683841705322,1.3188345432281494,998.2989501953125,6.2989501953125,0.9975160956382751,0.9467398524284363,,,5.012001717775542
2007172N15088,UNNAMED,2007-06-23 15:00:00,20.5,74.8,18.0,992.0,69.0,1,2007,6,1,1.2246467991473532e-16,-1.0,0.8000000000000007,-1.2000000000000028,1.8000000000000007,-2.299999999999997,0.0,0.0,0.0,25.568073309690163,-0.8147134343830458,0.5798637942101426,0.6000000000000014,-1.2000000000000028,0.0,0.8999999999999986,-2.5999999999999943,2.0,1.1999999999999993,-3.799999999999997,2.0,1.5,-5.0,0.0,0.0,44.0,3.0,test,,-2.1017699241638184,35.56624221801758,12.927227020263672,97.95317840576172,1.4798372983932495,8.840558052062988,1.2826812267303467,34.028907775878906,20.4287109375,0.6241210699081421,-1.69549560546875,,0.9915436506271362,0.0,44.582427978515625,-2.983642578125,9.731720924377441,90.29261779785156,19.20347023010254,30.244720458984375,0.5379506945610046,83.95751190185547,-3.244251012802124,1.9074859619140625,0.2636219263076782,3.1436843872070312,-5.828475475311279,1.0017130374908447,1000.1036376953125,8.1036376953125,0.9630597829818726,0.7857210636138916,,,5.107494489764325
2007172N15088,UNNAMED,2007-06-23 18:00:00,20.8,74.2,18.0,992.0,72.0,1,2007,6,1,1.2246467991473532e-16,-1.0,0.6999999999999993,-1.2000000000000028,1.5,-2.3999999999999915,0.0,0.0,5.0,24.505085611161437,-0.848378518126943,0.5293901113363682,0.5,-1.2999999999999972,0.0,0.6999999999999993,-2.6000000000000085,4.0,1.0999999999999979,-3.799999999999997,0.0,1.3000000000000007,-5.0,0.0,0.0,44.0,3.0,test,,-1.4021679162979126,23.475143432617188,20.665388107299805,91.98624420166016,0.10873569548130035,3.8533458709716797,-0.04260192811489105,31.037656784057617,19.387226104736328,2.5182933807373047,-0.052497558295726776,,0.9960096478462219,0.0,36.30915451049805,-3.9998779296875,6.965978145599365,87.3901596069336,18.850841522216797,30.1868953704834,0.7520413994789124,79.0947036743164,-3.350187301635742,2.0303359031677246,0.2866634428501129,2.9583635330200195,-6.03419303894043,1.175268530845642,1001.0422973632812,9.04229736328125,0.7740796208381653,0.9979540109634399,,,5.178950961152752
2007172N15088,UNNAMED,2007-06-23 21:00:00,21.1,73.6,18.0,992.0,75.0,1,2007,6,1,1.2246467991473532e-16,-1.0,0.6000000000000014,-1.2000000000000028,1.4000000000000021,-2.4000000000000057,0.0,0.0,2.0,23.539771905614213,-0.8813999449177218,0.47237076232450814,0.29999999999999716,-1.3999999999999915,2.0,0.5999999999999979,-2.5999999999999943,2.0,0.8999999999999986,-3.799999999999997,0.0,1.0999999999999979,-5.0,4.0,0.0,44.0,3.0,test,,-2.9383177757263184,25.242794036865234,12.742860794067383,88.45989990234375,0.293735146522522,0.40592193603515625,0.1524658203125,28.514686584472656,20.559707641601562,-0.39731934666633606,0.0921948254108429,,0.935271680355072,0.0,34.3216438293457,-4.1529541015625,3.5659615993499756,84.15234375,18.300277709960938,30.157867431640625,-0.038087647408246994,75.80554962158203,-2.974280834197998,1.9953813552856445,0.38879454135894775,2.4679980278015137,-5.565728187561035,1.3619741201400757,999.6925659179688,7.69256591796875,0.513836145401001,0.9984961748123169,172.50357055664062,154.50357055664062,5.250265448984451
2007172N15088,UNNAMED,2007-06-24 00:00:00,21.3,72.9,18.0,992.0,78.0,1,2007,6,1,1.2246467991473532e-16,-1.0,0.5,-1.2999999999999972,1.1999999999999993,-2.5,0.0,0.0,0.0,24.28395470781526,-0.9243361819717923,0.3815791172192336,0.1999999999999993,-1.3000000000000114,4.0,0.5999999999999979,-2.5,0.0,0.8000000000000007,-3.700000000000003,0.0,1.0,-4.900000000000006,8.0,0.0,44.0,3.0,test,,-3.078847646713257,17.908048629760742,6.167637348175049,92.56655883789062,1.14677894115448,0.12874603271484375,0.7526501417160034,29.561992645263672,20.170028686523438,-0.5416796803474426,2.1137280464172363,,0.8719712495803833,0.0,37.585121154785156,-3.39404296875,4.7696533203125,87.06253051757812,18.168399810791016,30.021549224853516,-0.08795078098773956,82.64898681640625,-2.7311480045318604,2.199946880340576,0.2058470994234085,3.0388364791870117,-5.189578056335449,1.5022133588790894,1000.3187255859375,8.3187255859375,0.9993210434913635,0.9309118986129761,168.95794677734375,150.95794677734375,5.297728595464011
2007172N15088,UNNAMED,2007-06-24 03:00:00,21.4,72.2,20.0,992.0,81.0,1,2007,6,1,1.2246467991473532e-16,-1.0,0.29999999999999716,-1.3999999999999915,0.8999999999999986,-2.5999999999999943,2.0,2.0,2.0,24.788251125322024,-0.9745225086002212,0.22428972386520954,0.3000000000000007,-1.2000000000000028,0.0,0.6000000000000014,-2.4000000000000057,-2.0,0.8000000000000007,-3.6000000000000085,2.0,1.3000000000000007,-4.6000000000000085,5.0,0.0,44.0,3.0,test,,-3.1676197052001953,16.473434448242188,5.5768842697143555,91.38607788085938,2.240128755569458,1.4234161376953125,1.2185138463974,32.82371139526367,20.671836853027344,2.579111337661743,1.186071753501892,,0.4066675007343292,20.897823333740234,34.764076232910156,-3.6494140625,12.347662925720215,86.43208312988281,18.725000381469727,30.039310455322266,0.5762625932693481,80.00576782226562,-2.8322982788085938,2.1425185203552246,0.5116592645645142,3.214069128036499,-5.535754203796387,1.4231199026107788,1001.7599487304688,9.75994873046875,0.9996774196624756,0.8228063583374023,168.3376922607422,148.3376922607422,5.321435998136712
2007172N15088,UNNAMED,2007-06-24 06:00:00,21.5,71.6,22.0,992.0,84.0,1,2007,6,1,1.2246467991473532e-16,-1.0,0.1999999999999993,-1.3000000000000114,0.6999999999999993,-2.6000000000000085,4.0,4.0,4.0,22.720224302938117,-0.9866034927003943,0.16313659366121105,0.3999999999999986,-1.1999999999999886,-4.0,0.6000000000000014,-2.3999999999999915,-4.0,0.8000000000000007,-3.5999999999999943,4.0,1.6000000000000014,-4.199999999999989,3.0,0.0,44.0,3.0,test,,-2.601635694503784,23.838848114013672,13.426300048828125,93.69137573242188,-4.936795234680176,43.837162017822266,1.9256073236465454,31.005468368530273,20.846485137939453,1.890100121498108,0.20913085341453552,,0.9962036609649658,0.0,46.83746337890625,-3.30120849609375,17.484949111938477,87.70975494384766,20.336088180541992,30.06393814086914,1.100620150566101,80.97899627685547,-2.6008360385894775,2.4825992584228516,1.3235379457473755,3.462186813354492,-5.653337478637695,1.9523911476135254,1001.8167724609375,9.8167724609375,0.9979938864707947,0.9972822070121765,166.9453125,144.9453125,5.345127190792497
2007172N15088,UNNAMED,2007-06-24 09:00:00,21.7,71.0,20.0,992.0,87.0,1,2007,6,1,1.2246467991473532e-16,-1.0,0.3000000000000007,-1.2000000000000028,0.5999999999999979,-2.5999999999999943,0.0,2.0,2.0,21.397886154789543,-0.9656551637331184,0.2598270670187466,0.3000000000000007,-1.2000000000000028,-2.0,0.5,-2.4000000000000057,2.0,1.0,-3.4000000000000057,5.0,1.6000000000000014,-4.0,5.0,0.0,44.0,3.0,test,,-2.4076905250549316,22.206506729125977,18.2381591796875,83.9979248046875,-2.263918161392212,30.865293502807617,1.2213165760040283,32.620704650878906,20.681640625,-0.858996570110321,1.386511206626892,,0.9977381825447083,0.0,39.360008239746094,-4.00299072265625,13.993263244628906,87.5551528930664,21.652198791503906,30.099729537963867,0.8792406320571899,80.78121948242188,-2.0402908325195312,2.3608689308166504,2.1914305686950684,3.1259520053863525,-5.239068031311035,1.9668114185333252,1000.452880859375,8.452880859375,0.5595362782478333,0.9954972863197327,,,5.392460657432981
2007172N15088,UNNAMED,2007-06-24 12:00:00,21.9,70.4,18.0,992.0,90.0,1,2007,6,1,1.2246467991473532e-16,-1.0,0.3999999999999986,-1.1999999999999886,0.5999999999999979,-2.5,-4.0,0.0,0.0,21.925344554011705,-0.9411095182393576,0.33810187026883504,0.20000000000000284,-1.2000000000000028,0.0,0.40000000000000213,-2.4000000000000057,8.0,1.2000000000000028,-3.0,7.0,1.7000000000000028,-3.8000000000000114,12.0,0.0,44.0,3.0,test,,-2.293278694152832,21.497211456298828,13.853338241577148,93.70567321777344,0.8976452350616455,3.0867040157318115,0.37229859828948975,28.260234832763672,20.876893997192383,-1.0445703268051147,-0.1539599597454071,,0.9983334541320801,0.0,52.20402908325195,-4.99114990234375,4.800081253051758,90.77180480957031,19.140331268310547,30.13032341003418,0.619918167591095,85.80361938476562,-1.3857555389404297,1.7671881914138794,2.5181312561035156,2.7457406520843506,-4.179566383361816,1.1611366271972656,999.3876953125,7.3876953125,0.37157025933265686,0.9979826211929321,163.90086364746094,145.90086364746094,5.439728418642112
2007172N15088,UNNAMED,2007-06-24 15:00:00,22.0,69.8,18.0,992.0,93.0,1,2007,6,1,1.2246467991473532e-16,-1.0,0.3000000000000007,-1.2000000000000028,0.6000000000000014,-2.4000000000000057,-2.0,-2.0,0.0,21.35604002662956,-0.9655180321819734,0.26033618559748795,0.1999999999999993,-1.2000000000000028,4.0,0.6999999999999993,-2.200000000000003,7.0,1.3000000000000007,-2.799999999999997,7.0,1.8000000000000007,-3.3999999999999915,12.0,0.0,44.0,3.0,test,,-4.271777153015137,27.414203643798828,9.882891654968262,78.91818237304688,-0.37105175852775574,0.39997100830078125,-0.09447326511144638,43.91484451293945,19.729833602905273,-0.604870617389679,-2.482372999191284,,0.9938609004020691,0.0,42.322566986083984,-5.57586669921875,7.15907621383667,88.44190979003906,20.911548614501953,30.119998931884766,0.04046979546546936,83.70374298095703,-1.690558910369873,1.6223021745681763,2.6889634132385254,2.810086965560913,-4.92498779296875,0.6689059734344482,1000.790283203125,8.790283203125,0.2391132116317749,0.16004344820976257,168.73912048339844,150.73912048339844,5.463337479696344
2007172N15088,UNNAMED,2007-06-24 18:00:00,22.1,69.2,18.0,992.0,96.0,1,2007,6,1,1.2246467991473532e-16,-1.0,0.20000000000000284,-1.2000000000000028,0.6000000000000014,-2.3999999999999915,0.0,-4.0,0.0,20.935784224667945,-0.9842034098574899,0.1770413737658226,0.1999999999999993,-1.2000000000000028,8.0,1.0,-1.7999999999999972,7.0,1.5,-2.6000000000000085,12.0,1.8999999999999986,-3.200000000000003,12.0,0.0,44.0,3.0,test,,-3.966486930847168,16.317426681518555,8.0910005569458,87.36750793457031,0.1244896724820137,8.889198303222656,0.666644275188446,39.85140609741211,19.758037567138672,0.993273913860321,-1.2416064739227295,,0.6027670502662659,5.224455833435059,49.04643249511719,-4.7188720703125,20.52515983581543,87.19864654541016,22.082530975341797,30.112133026123047,1.4094011783599854,82.12715148925781,-1.9847540855407715,1.9885755777359009,2.6543502807617188,3.0469865798950195,-5.562617778778076,1.03397536277771,1001.8471069335938,9.84710693359375,0.0002041060506599024,0.011684904806315899,168.49766540527344,150.49766540527344,5.486929898477136
2007172N15088,UNNAMED,2007-06-24 21:00:00,22.2,68.6,22.0,992.0,99.0,1,2007,6,1,1.2246467991473532e-16,-1.0,0.1999999999999993,-1.2000000000000028,0.5,-2.4000000000000057,4.0,2.0,4.0,20.92138127054751,-0.9841814777581687,0.17716325476166733,0.5,-1.0,3.0,1.1000000000000014,-1.5999999999999943,3.0,1.6000000000000014,-2.1999999999999886,8.0,2.1000000000000014,-2.799999999999997,13.0,0.0,44.0,3.0,test,30.158061981201172,-3.7387402057647705,27.970993041992188,14.573830604553223,91.34765625,2.852907180786133,39.52817916870117,1.5271753072738647,42.43269348144531,20.661670684814453,-0.7178759574890137,-1.282751441001892,1.9760059118270874,0.006674270611256361,67.91793060302734,85.44995880126953,-5.2115478515625,28.290050506591797,86.70574951171875,22.373998641967773,30.13358497619629,2.120305299758911,80.82133483886719,-1.4297444820404053,2.390857458114624,3.1266233921051025,2.890287399291992,-5.082052230834961,1.8680076599121094,1000.5825805664062,8.58258056640625,9.097690963244531e-06,0.42066115140914917,169.3820037841797,147.3820037841797,5.510505603117888
2007172N15088,UNNAMED,2007-06-25 00:00:00,22.3,68.0,26.0,992.0,102.0,1,2007,6,1,1.2246467991473532e-16,-1.0,0.1999999999999993,-1.2000000000000028,0.40000000000000213,-2.4000000000000057,8.0,8.0,8.0,20.906916909231985,-0.9841594060239324,0.17728582440404153,0.8000000000000007,-0.5999999999999943,-1.0,1.3000000000000007,-1.4000000000000057,4.0,1.6999999999999993,-2.0,4.0,2.5,-2.700000000000003,9.0,0.0,44.0,3.0,test,29.8781795501709,-4.377331733703613,49.141597747802734,4.861027240753174,91.9500503540039,-3.82344913482666,26.577760696411133,1.3503997325897217,44.78984451293945,20.202978134155273,-2.383373975753784,-1.5184814929962158,1.0654296875,0.0,127.3769302368164,72.06547546386719,-5.90057373046875,34.67478561401367,86.15408325195312,19.596410751342773,29.870372772216797,2.3833394050598145,80.68351745605469,-1.1243594884872437,2.400824785232544,2.8002026081085205,2.706911563873291,-4.278214454650879,2.21130633354187,999.999267578125,7.999267578125,0.0,0.04020284488797188,162.7884979248047,136.7884979248047,5.534064521802916
2007172N15088,UNNAMED,2007-06-25 03:00:00,22.7,67.6,25.0,992.0,105.0,1,2007,6,1,1.2246467991473532e-16,-1.0,0.5,-1.0,0.6999999999999993,-2.200000000000003,3.0,7.0,5.0,19.446558788870373,-0.8791754535323123,0.4764981866767732,0.6000000000000014,-0.5999999999999943,0.0,1.1000000000000014,-1.1999999999999886,5.0,1.6000000000000014,-1.7999999999999972,10.0,2.6999999999999993,-2.799999999999997,19.0,0.0,44.0,3.0,test,30.002046585083008,-4.851889610290527,20.333520889282227,12.541847229003906,90.46668243408203,2.178509473800659,14.182550430297852,1.7418915033340454,49.34488296508789,20.778066635131836,0.5319262742996216,-2.1056714057922363,1.1172266006469727,0.0,133.8831787109375,64.10687255859375,-7.3162841796875,31.49799346923828,86.1817626953125,20.875606536865234,29.93463706970215,2.5744426250457764,80.03663635253906,-1.1078516244888306,2.5634238719940186,1.983529806137085,2.8375930786132812,-3.672734260559082,2.4457671642303467,1000.91845703125,8.91845703125,0.0027877790853381157,0.06549328565597534,162.90377807617188,137.90377807617188,5.628130902466328
2007172N15088,UNNAMED,2007-06-25 06:00:00,23.1,67.4,25.0,992.0,108.0,1,2007,6,1,1.2246467991473532e-16,-1.0,0.8000000000000007,-0.5999999999999943,1.0,-1.7999999999999972,-1.0,7.0,3.0,18.011700151151473,-0.5678506222975903,0.8231316241988516,0.5,-0.8000000000000114,5.0,0.8999999999999986,-1.4000000000000057,5.0,1.6999999999999993,-2.1000000000000085,10.0,2.599999999999998,-3.200000000000003,19.0,0.0,44.0,3.0,test,29.889860153198242,-3.3570215702056885,6.786544322967529,5.049023628234863,95.95801544189453,-4.473386287689209,10.932426452636719,1.7398560047149658,33.42808532714844,21.962627410888672,1.6716821193695068,0.3851660192012787,0.9139843583106995,0.0,101.44129180908203,47.53642654418945,-6.4876708984375,20.220319747924805,89.11845397949219,20.51137351989746,29.99400520324707,1.3246259689331055,83.98406219482422,-1.068113088607788,2.988189935684204,1.7178821563720703,3.5190377235412598,-3.3029046058654785,2.712862730026245,1001.0296630859375,9.0296630859375,0.01586027629673481,0.6178976893424988,162.98207092285156,137.98207092285156,5.721922975969662
2007172N15088,UNNAMED,2007-06-25 09:00:00,23.3,67.0,25.0,990.0,111.0,1,2007,6,1,1.2246467991473532e-16,-1.0,0.6000000000000014,-0.5999999999999943,1.1000000000000014,-1.5999999999999943,0.0,3.0,5.0,15.097741460308946,-0.6764365759072536,0.7365008885092199,0.5,-0.5999999999999943,5.0,1.0,-1.2000000000000028,10.0,2.099999999999998,-2.200000000000003,19.0,2.6999999999999993,-3.3999999999999986,15.0,0.0,44.0,3.0,test,30.016071319580078,-1.78411865234375,21.64225196838379,9.466828346252441,96.88562774658203,-8.4922513961792,13.885116577148438,1.1255890130996704,18.241016387939453,21.567773818969727,1.4649779796600342,2.7277588844299316,1.200341820716858,0.0,93.98613739013672,32.64765167236328,-5.58782958984375,15.218979835510254,87.777099609375,19.215728759765625,30.02140998840332,0.8541843891143799,83.3330078125,-0.5066928267478943,2.9851644039154053,2.2874770164489746,3.639657974243164,-2.7142157554626465,2.4842166900634766,999.4876098632812,9.48760986328125,0.003135473234578967,0.8949452638626099,163.77880859375,138.77880859375,5.768714718478794
2007172N15088,UNNAMED,2007-06-25 12:00:00,23.6,66.6,30.0,988.0,114.0,1,2007,6,1,1.2246467991473532e-16,-1.0,0.5,-0.8000000000000114,1.3000000000000007,-1.4000000000000057,5.0,4.0,12.0,16.44513962756982,-0.8261403755863171,0.5634643554175356,0.3999999999999986,-0.5999999999999943,0.0,1.1999999999999993,-1.2999999999999972,5.0,2.099999999999998,-2.3999999999999915,14.0,2.599999999999998,-3.499999999999993,5.0,0.0,44.0,3.0,test,30.168960571289062,-4.65118408203125,20.530319213867188,26.41904067993164,83.74298095703125,-3.9438610076904297,7.375431060791016,1.4168267250061035,36.204139709472656,20.91423797607422,-4.80148458480835,-2.695056200027466,1.2262694835662842,0.0,104.92400360107422,49.244266510009766,-5.59710693359375,8.248078346252441,88.06749725341797,17.71006965637207,30.050477981567383,2.7227346897125244,84.31277465820312,-0.27952033281326294,2.1264853477478027,2.4864232540130615,3.5771021842956543,-2.578383684158325,0.9787869453430176,998.1871337890625,10.1871337890625,0.0,0.2134115844964981,164.7665252685547,134.7665252685547,5.838770360616268
2007172N15088,UNNAMED,2007-06-25 15:00:00,23.8,66.4,30.0,988.0,117.0,1,2007,6,1,1.2246467991473532e-16,-1.0,0.5,-0.5999999999999943,1.1000000000000014,-1.1999999999999886,5.0,5.0,12.0,13.761232093389284,-0.739315633775513,0.6733590377021099,0.5,-0.6000000000000085,5.0,1.5999999999999979,-1.6000000000000085,14.0,2.1999999999999993,-2.8000000000000043,10.0,2.3999999999999986,-3.700000000000003,1.0,0.0,44.0,3.0,test,30.19439125061035,-5.498661994934082,19.850875854492188,16.380266189575195,79.0877456665039,4.368777275085449,2.042255401611328,1.328094482421875,37.714412689208984,21.031299591064453,-5.150048732757568,-4.0095534324646,1.2145800590515137,0.0,116.99845886230469,57.6607551574707,-7.1553955078125,5.703089714050293,88.83551025390625,17.894067764282227,30.062240600585938,2.4927685260772705,83.97748565673828,-0.35679176449775696,1.9129399061203003,3.083158016204834,3.2011587619781494,-3.1942224502563477,0.8118122816085815,998.8904418945312,10.89044189453125,0.0,0.22906410694122314,165.60354614257812,135.60354614257812,5.885385311062527
2007172N15088,UNNAMED,2007-06-25 18:00:00,24.0,66.0,30.0,988.0,120.0,1,2007,6,1,1.2246467991473532e-16,-1.0,0.3999999999999986,-0.5999999999999943,0.8999999999999986,-1.4000000000000057,0.0,5.0,12.0,12.575410954236764,-0.8077802588896253,0.5894837176277306,0.8000000000000007,-0.7000000000000028,5.0,1.6999999999999993,-1.7999999999999972,14.0,2.1999999999999993,-2.8999999999999986,5.0,2.3000000000000007,-3.3999999999999986,-4.0,0.0,44.0,3.0,test,30.310211181640625,-6.14483642578125,16.91420555114746,3.9813218116760254,75.91499328613281,-1.7466360330581665,0.102996826171875,0.9600067138671875,44.51953125,20.8623046875,0.09564208984375,-5.66998291015625,0.816162109375,0.0,136.03561401367188,40.0643310546875,-7.30987548828125,6.214869499206543,87.99347686767578,16.949832916259766,30.07965087890625,2.0228185653686523,82.89671325683594,-0.6516144275665283,2.225187301635742,2.8390185832977295,2.75825572013855,-3.533947706222534,1.6159636974334717,999.8046875,11.8046875,0.0,0.9831737875938416,167.46241760253906,137.46241760253906,5.931928549946086
2007172N15088,UNNAMED,2007-06-25 21:00:00,24.3,65.8,35.0,986.0,123.0,1,2007,6,1,1.2246467991473532e-16,-1.0,0.5,-0.6000000000000085,1.0,-1.2000000000000028,5.0,10.0,13.0,13.732021458471953,-0.7380085128177254,0.6747914011074603,1.0999999999999979,-1.0,9.0,1.6999999999999993,-2.1999999999999957,5.0,1.8999999999999986,-3.0999999999999943,-4.0,2.3999999999999986,-3.0999999999999943,-10.0,0.0,44.0,3.0,test,30.443296432495117,-5.790920257568359,17.53386116027832,1.7841261625289917,90.141357421875,-1.6947120428085327,0.7344245910644531,1.6296820640563965,51.448944091796875,21.925155639648438,-1.2337353229522705,-6.169780254364014,1.366025447845459,0.0,125.50621795654297,34.401611328125,-6.57611083984375,11.827451705932617,89.16537475585938,15.985340118408203,30.100326538085938,1.4364867210388184,84.61511993408203,-0.3471214473247528,2.666917085647583,2.625671863555908,2.6139028072357178,-2.8853511810302734,2.481388807296753,998.4404907226562,12.44049072265625,0.41902804374694824,1.0,167.50830078125,132.50830078125,6.001607708768628
2007172N15088,UNNAMED,2007-06-26 00:00:00,24.8,65.3,35.0,988.0,126.0,1,2007,6,1,1.2246467991473532e-16,-1.0,0.8000000000000007,-0.7000000000000028,1.1999999999999993,-1.2999999999999972,5.0,5.0,9.0,18.933915946810934,-0.6219722490434604,0.7830392847231994,0.8999999999999986,-1.0999999999999943,9.0,1.3999999999999986,-2.1999999999999957,0.0,1.5,-2.6999999999999957,-9.0,2.3999999999999986,-2.3999999999999986,-13.0,0.0,44.0,3.0,test,29.740991592407227,-3.9023241996765137,11.192359924316406,5.766506671905518,91.45808410644531,-7.311225891113281,11.831531524658203,2.0327892303466797,29.857616424560547,21.27082061767578,0.2728930711746216,0.08770507574081421,1.3098535537719727,7.305145118152723e-06,77.83649444580078,38.43923568725586,-4.4683837890625,19.917003631591797,90.98240661621094,14.87542724609375,29.8233642578125,2.0090901851654053,86.4780044555664,-0.8760986328125,3.219581127166748,1.248661994934082,3.0056636333465576,-2.7673892974853516,3.1909847259521484,998.132568359375,10.132568359375,1.0,1.0,159.42010498046875,124.42010498046875,6.117373060811537
2007172N15088,UNNAMED,2007-06-26 03:00:00,25.4,64.8,44.0,988.0,129.0,1,2007,6,1,1.2246467991473532e-16,-1.0,1.0999999999999979,-1.0,1.5999999999999979,-1.6000000000000085,9.0,14.0,19.0,26.378816065447737,-0.634640359652736,0.7728076176512793,0.6000000000000014,-1.1999999999999957,-4.0,0.8000000000000007,-2.0999999999999943,-13.0,1.3000000000000007,-2.0999999999999943,-19.0,2.1000000000000014,-1.5,-24.0,0.0,44.0,3.0,test,,-3.779409170150757,11.385046005249023,7.911524772644043,88.97662353515625,0.552761435508728,8.464677810668945,1.3399401903152466,27.168594360351562,22.346054077148438,1.398959994316101,-0.14670653641223907,,0.7108838558197021,11.119500160217285,40.95461654663086,-4.875,16.5574951171875,90.36656188964844,14.428786277770996,29.84686279296875,1.5754178762435913,85.7215347290039,-0.8994895219802856,3.3766703605651855,0.5190337896347046,2.9087436199188232,-2.325843572616577,3.6280338764190674,998.4343872070312,10.43438720703125,1.0,1.0,154.84469604492188,110.84469604492188,6.255675772578159
2007172N15088,UNNAMED,2007-06-26 06:00:00,25.7,64.2,44.0,988.0,132.0,1,2007,6,1,1.2246467991473532e-16,-1.0,0.8999999999999986,-1.0999999999999943,1.6999999999999993,-1.7999999999999972,9.0,14.0,19.0,24.8117381519624,-0.7403403491892763,0.672232227256549,0.5,-1.1000000000000014,-9.0,0.6000000000000014,-1.6000000000000014,-18.0,1.5,-1.3000000000000043,-22.0,2.1000000000000014,-0.6000000000000014,-26.0,0.0,44.0,3.0,test,,-2.768603563308716,11.361604690551758,13.39976978302002,86.6939468383789,-1.5109816789627075,8.756332397460938,1.2927294969558716,26.086875915527344,21.940771102905273,0.5164550542831421,-0.6704174876213074,,0.9743444919586182,0.0,57.12224197387695,-4.73687744140625,12.15770149230957,90.32090759277344,13.757087707519531,29.87344741821289,3.2408900260925293,85.6907958984375,-0.8344531059265137,3.7530064582824707,-0.00020640734874177724,3.0792791843414307,-1.798490285873413,4.250148296356201,998.22412109375,10.22412109375,1.0,1.0,154.21502685546875,110.21502685546875,6.3245708214416645
2007172N15088,UNNAMED,2007-06-26 09:00:00,26.0,63.6,40.0,988.0,135.0,1,2007,6,1,1.2246467991473532e-16,-1.0,0.6000000000000014,-1.1999999999999957,1.6999999999999993,-2.1999999999999957,-4.0,5.0,15.0,22.873011376196956,-0.8738805952087324,0.48614062298642724,0.1999999999999993,-0.8999999999999986,-9.0,0.6999999999999993,-0.8999999999999986,-15.0,1.5,-0.30000000000000426,-20.0,2.1000000000000014,0.10000000000000142,-22.0,0.0,40.0,3.0,test,,-2.184985399246216,6.805206298828125,6.233468532562256,85.72826385498047,0.8478794097900391,3.174877166748047,1.1355164051055908,29.726367950439453,21.057764053344727,-1.3250243663787842,-1.41339111328125,,1.0,0.0,59.925445556640625,-5.80096435546875,14.610873222351074,87.37046813964844,12.701678276062012,29.922216415405273,3.570178985595703,81.83716583251953,-0.12503261864185333,3.65285062789917,0.3268580734729767,2.9377567768096924,-0.7508998513221741,4.218188285827637,996.6356811523438,8.63568115234375,1.0,1.0,151.071044921875,111.071044921875,6.393292479001263
2007172N15088,UNNAMED,2007-06-26 12:00:00,26.2,63.1,35.0,988.0,138.0,1,2007,6,1,1.2246467991473532e-16,-1.0,0.5,-1.1000000000000014,1.3999999999999986,-2.1999999999999957,-9.0,0.0,5.0,20.504499239142167,-0.8920620102085314,0.45191301147755636,0.10000000000000142,-0.5,-9.0,1.0,-0.20000000000000284,-13.0,1.6000000000000014,0.5,-17.0,2.3000000000000007,0.5,-17.0,0.0,35.0,3.0,test,,-1.495703101158142,9.263649940490723,16.7040958404541,95.9164047241211,10.169260025024414,43.12471389770508,2.519035577774048,29.277969360351562,22.472509384155273,-0.9630224704742432,-1.717165470123291,,0.9999104142189026,0.0,47.6430549621582,-4.3431396484375,19.178539276123047,89.0456314086914,12.517889022827148,29.952129364013672,3.7316641807556152,84.0963363647461,0.3003554940223694,3.0403530597686768,1.0919569730758667,2.400791645050049,-0.42989233136177063,3.5903189182281494,995.0722045898438,7.07220458984375,1.0,1.0,,,6.439009658285371
2007172N15088,UNNAMED,2007-06-26 15:00:00,26.2,62.7,31.0,988.0,141.0,1,2007,6,1,1.2246467991473532e-16,-1.0,0.1999999999999993,-0.8999999999999986,0.8000000000000007,-2.0999999999999943,-9.0,-13.0,1.0,15.417756831373174,-0.970672765569725,0.240404621796715,0.5,0.0,-6.0,1.3000000000000007,0.5999999999999943,-11.0,1.9000000000000021,1.0,-13.0,,,,,31.0,2.0,test,,-2.318166494369507,27.008869171142578,14.47050952911377,99.74592590332031,8.618599891662598,57.24506378173828,2.4008026123046875,31.324491500854492,22.30193328857422,0.25355711579322815,-1.163854956626892,,0.9981343746185303,0.0,45.46416091918945,-3.04412841796875,16.904251098632812,89.53263092041016,12.624672889709473,29.990053176879883,3.0130481719970703,84.00244140625,0.15264424681663513,2.4274702072143555,1.3068289756774902,1.5656086206436157,-0.6870542168617249,3.079158067703247,995.6742553710938,7.67425537109375,1.0,1.0,,,6.439009658285371
2007172N15088,UNNAMED,2007-06-26 18:00:00,26.3,62.6,26.0,988.0,144.0,1,2007,6,1,1.2246467991473532e-16,-1.0,0.10000000000000142,-0.5,0.6000000000000014,-1.6000000000000014,-9.0,-18.0,-4.0,8.511280991155896,-0.9760067132282979,0.21774043201320042,0.8999999999999986,0.29999999999999716,-4.0,1.5,1.0,-8.0,2.1999999999999993,1.0,-8.0,,,,,26.0,1.0,test,,-2.561472177505493,30.356233596801758,17.230051040649414,93.78441619873047,8.117708206176758,34.68080520629883,2.257122755050659,30.473360061645508,22.629179000854492,1.3384203910827637,-0.5426952838897705,,0.9985272884368896,0.0,64.18634796142578,-3.989990234375,18.856884002685547,89.91057586669922,13.922038078308105,30.001508712768555,3.6278624534606934,83.64783477783203,-0.26031339168548584,2.4281041622161865,0.9857549667358398,1.0114079713821411,-1.0575224161148071,3.3631162643432617,997.4556884765625,9.4556884765625,1.0,1.0,,,6.461838861218002
2007172N15088,UNNAMED,2007-06-26 21:00:00,26.7,62.7,25.0,988.0,147.0,1,2007,6,1,1.2246467991473532e-16,-1.0,0.5,0.0,0.6999999999999993,-0.8999999999999986,-6.0,-15.0,-10.0,9.26625,0.0,1.0,0.8000000000000007,0.5999999999999943,-5.0,1.4000000000000021,1.0,-7.0,,,,,,,,25.0,1.0,test,,-2.1836767196655273,8.16658878326416,14.945362091064453,96.83861541748047,0.6652563214302063,21.697771072387695,1.3602715730667114,36.87773513793945,22.308837890625,-0.7664697170257568,-1.2282421588897705,,0.9998717308044434,0.0,67.90323638916016,-6.07733154296875,24.860301971435547,91.1686019897461,14.820222854614258,29.97443389892578,4.173391342163086,84.41388702392578,0.10352794080972672,2.5101559162139893,0.7539241909980774,0.6162946820259094,-0.27534663677215576,3.641641616821289,997.105712890625,9.105712890625,1.0,1.0,,,6.55295813961396
2007172N15088,UNNAMED,2007-06-27 00:00:00,27.2,62.9,22.0,988.0,150.0,1,2007,6,1,1.2246467991473532e-16,-1.0,0.8999999999999986,0.29999999999999716,1.0,-0.20000000000000284,-4.0,-13.0,-13.0,17.396831314527905,0.28424329649484986,0.9587521829950328,0.6000000000000014,0.7000000000000028,-4.0,1.3000000000000007,0.7000000000000028,-4.0,,,,,,,,22.0,1.0,test,,-2.038222551345825,32.52241134643555,10.836511611938477,97.04267120361328,5.511385917663574,46.412200927734375,2.6357789039611816,45.46519470214844,20.826099395751953,-0.5471264719963074,0.27394774556159973,,1.0,0.0,69.9419937133789,-5.0457763671875,25.93311882019043,91.29084777832031,14.094012260437012,29.388193130493164,3.0412893295288086,86.00115203857422,0.46505486965179443,2.4829862117767334,0.5157335996627808,0.7748172283172607,0.34694820642471313,3.500375270843506,997.8080444335938,9.80804443359375,1.0,1.0,,,6.666407587809408
2007172N15088,UNNAMED,2007-06-27 03:00:00,27.5,63.3,20.0,988.0,153.0,1,2007,6,1,1.2246467991473532e-16,-1.0,0.8000000000000007,0.5999999999999943,1.3000000000000007,0.5999999999999943,-5.0,-11.0,-24.0,17.80705905412999,0.5538880356123483,0.8325911625795064,0.6000000000000014,0.4000000000000057,-2.0,,,,,,,,,,,20.0,1.0,test,,-4.284777641296387,49.10713577270508,6.9938578605651855,95.97395324707031,15.375773429870605,28.373340606689453,1.944860816001892,54.119728088378906,20.047216415405273,2.563220262527466,-0.2923828065395355,,1.0,0.0,86.80640411376953,-6.78936767578125,29.156574249267578,90.03140258789062,15.151585578918457,29.13623046875,3.2862844467163086,84.3636474609375,0.568731963634491,2.2046360969543457,0.5709340572357178,0.8478580713272095,0.4365680515766144,3.062105178833008,999.530029296875,11.530029296875,1.0,1.0,,,6.734234125142382
2007172N15088,UNNAMED,2007-06-27 06:00:00,27.8,63.6,18.0,988.0,156.0,1,2007,6,1,1.2246467991473532e-16,-1.0,0.6000000000000014,0.7000000000000028,1.5,1.0,-4.0,-8.0,-26.0,15.979023234270324,0.7181570286230045,0.6958810834038939,0.6999999999999993,0.0,0.0,,,,,,,,,,,18.0,1.0,test,,-5.076164722442627,32.78722381591797,16.796846389770508,96.43840789794922,4.713940143585205,11.221393585205078,2.056730270385742,50.964962005615234,20.706405639648438,1.0737500190734863,0.49257567524909973,,1.0,0.0,73.37818145751953,-7.03955078125,29.368799209594727,90.69037628173828,15.399300575256348,29.005523681640625,2.5980911254882812,84.14927673339844,0.8020133972167969,2.237935781478882,0.8655713796615601,0.9709211587905884,0.6570081114768982,3.1460213661193848,999.732177734375,11.732177734375,1.0,1.0,,,6.801876040045041
2007172N15088,UNNAMED,2007-06-27 09:00:00,28.1,63.7,18.0,988.0,159.0,1,2007,6,1,1.2246467991473532e-16,-1.0,0.6000000000000014,0.4000000000000057,1.4000000000000021,1.0,-2.0,-7.0,-22.0,12.899786872177026,0.5069236044428909,0.8619909856017216,,,,,,,,,,,,,,18.0,1.0,test,,-5.190686225891113,35.96910858154297,14.974106788635254,92.79167175292969,4.83083438873291,5.290429592132568,1.621683955192566,48.37824249267578,21.41242218017578,-1.243444800376892,2.396557569503784,,1.0,0.0,65.90645599365234,-6.11602783203125,23.149568557739258,90.43220520019531,14.868804931640625,,2.486105442047119,84.01109313964844,1.4894354343414307,2.002211570739746,1.5998282432556152,0.5884879231452942,1.4586008787155151,3.058410167694092,998.2957153320312,10.29571533203125,1.0,1.0,,,6.86933147808012
2007172N15088,UNNAMED,2007-06-27 12:00:00,28.5,63.6,18.0,988.0,162.0,1,2007,6,1,1.2246467991473532e-16,-1.0,0.6999999999999993,0.0,1.3000000000000007,0.7000000000000028,0.0,-4.0,-17.0,12.972749999999985,0.0,1.0,,,,,,,,,,,,,,18.0,1.0,test,,-4.38623046875,58.577327728271484,5.996776580810547,99.93236541748047,-2.057076930999756,10.035039901733398,1.3288390636444092,43.684959411621094,21.295801162719727,-2.37689208984375,-1.5154907703399658,,1.0,0.0,69.99236297607422,-5.19720458984375,16.89784812927246,90.45225524902344,13.32689094543457,,2.2075278759002686,84.93770599365234,2.387300729751587,1.3024822473526,2.60109806060791,-0.3022175431251526,2.486300230026245,2.4420857429504395,996.9855346679688,8.98553466796875,1.0,1.0,,,6.958978791378182
2007178N18089,UNNAMED,2007-06-27 00:00:00,18.1,89.3,22.0,,0.0,1,2007,6,1,1.2246467991473532e-16,-1.0,,,,,,,,,,,-0.5,-0.5999999999999943,0.0,-0.9000000000000021,-1.2999999999999972,0.0,-1.1000000000000014,-1.7999999999999972,0.0,-1.0,-2.3999999999999915,4.0,0.0,40.0,3.0,test,29.744781494140625,-1.6500073671340942,12.0072660446167,2.1316077709198,80.5314712524414,2.590991973876953,0.8419445753097534,0.2230187952518463,15.593945503234863,22.149574279785156,-1.6543090343475342,0.19059570133686066,1.433261752128601,0.0,377.0832214355469,15.808723449707031,-2.1456298828125,1.4790987968444824,74.86609649658203,9.531057357788086,29.61357879638672,0.250834584236145,69.10350036621094,0.2510922849178314,0.6245773434638977,2.4502832889556885,1.2790473699569702,-1.5679444074630737,0.3207806944847107,1000.5767211914062,,0.0,0.0,157.83718872070312,135.83718872070312,4.530967185020519
2007178N18089,UNNAMED,2007-06-27 03:00:00,17.8,89.0,22.0,,3.0,1,2007,6,1,1.2246467991473532e-16,-1.0,,,,,,,,,,,-0.40000000000000213,-0.7000000000000028,0.0,-0.6999999999999993,-1.2999999999999972,0.0,-0.8000000000000007,-1.7999999999999972,3.0,-0.5,-2.299999999999997,4.0,0.0,40.0,3.0,test,29.68462562561035,-1.61309814453125,8.950004577636719,3.2450287342071533,80.71198272705078,-1.76752769947052,8.122726440429688,0.020111083984375,15.621679306030273,21.492919921875,1.6734740734100342,-0.565173327922821,2.056103467941284,0.0,377.1419677734375,35.16178894042969,-4.66229248046875,3.168010711669922,80.12525939941406,12.438668251037598,29.537338256835938,1.4390017986297607,73.79634094238281,0.37611350417137146,0.7926828265190125,2.6268675327301025,1.7018226385116577,-1.3073017597198486,0.26773741841316223,1001.826904296875,,0.0,0.0,156.2431640625,134.2431640625,4.458321466642926
2007178N18089,UNNAMED,2007-06-27 06:00:00,17.6,88.7,22.0,,6.0,1,2007,6,1,1.2246467991473532e-16,-1.0,-0.5,-0.5999999999999943,,,0.0,,,14.078432690550175,-0.7528539478430656,-0.6581876124761926,-0.40000000000000213,-0.7000000000000028,0.0,-0.6000000000000014,-1.2000000000000028,0.0,-0.5,-1.7999999999999972,4.0,0.0,-2.1000000000000085,4.0,0.0,40.0,3.0,test,29.621070861816406,-2.8543262481689453,21.345867156982422,10.07890510559082,86.32872009277344,10.245018005371094,5.057484149932861,0.5082177519798279,25.128671646118164,21.817420959472656,-0.64263916015625,-2.3853392601013184,0.7836328148841858,0.0,370.0027770996094,31.96921730041504,-4.666748046875,4.484829425811768,84.45646667480469,15.010948181152344,29.496826171875,1.4747884273529053,79.21044158935547,0.7692466378211975,0.9481664299964905,3.4797093868255615,2.1377577781677246,-1.1378352642059326,0.12051081657409668,1001.1072998046875,,0.0,0.0,155.10011291503906,133.10011291503906,4.409822960682633
2007178N18089,UNNAMED,2007-06-27 09:00:00,17.4,88.3,22.0,,9.0,1,2007,6,1,1.2246467991473532e-16,-1.0,-0.40000000000000213,-0.7000000000000028,,,0.0,,,14.428971246177566,-0.8579351230628436,-0.5137580409250482,-0.29999999999999716,-0.5999999999999943,0.0,-0.3999999999999986,-1.0999999999999943,3.0,-0.09999999999999787,-1.5999999999999943,4.0,0.5,-1.7999999999999972,7.0,0.0,40.0,3.0,test,29.657867431640625,-4.940708160400391,20.967899322509766,11.43063735961914,76.91345977783203,2.585376739501953,0.6924774050712585,0.9499310255050659,42.3962516784668,22.38312530517578,-5.402663707733154,-4.410165786743164,1.002783179283142,0.0,359.99896240234375,36.44047164916992,-5.66033935546875,5.694137096405029,82.2659683227539,15.840975761413574,29.45774269104004,1.6468524932861328,76.42093658447266,1.2602548599243164,0.7532598376274109,4.75581693649292,2.5415031909942627,-1.1811996698379517,-0.5594316720962524,999.6071166992188,,0.0,0.0,155.6834716796875,133.6834716796875,4.361270722421219
2007178N18089,UNNAMED,2007-06-27 12:00:00,17.2,88.0,22.0,,12.0,1,2007,6,1,1.2246467991473532e-16,-1.0,-0.40000000000000213,-0.7000000000000028,-0.9000000000000021,-1.2999999999999972,0.0,0.0,,14.440525986894443,-0.8581811620622147,-0.5133469519550561,-0.1999999999999993,-0.5,0.0,-0.09999999999999787,-1.0999999999999943,4.0,0.40000000000000213,-1.4000000000000057,4.0,1.1000000000000014,-1.5999999999999943,9.0,0.0,40.0,3.0,test,29.72075843811035,-3.686962842941284,12.395195960998535,22.56608772277832,84.03926849365234,-1.4864330291748047,1.50146484375,0.290792852640152,23.007617950439453,20.687793731689453,-2.175158739089966,-4.019787788391113,1.9856445789337158,0.0,361.1137390136719,37.46138381958008,-5.12249755859375,6.352144241333008,83.09001159667969,18.009784698486328,29.420400619506836,0.7961063981056213,77.28562927246094,1.401313304901123,0.4674539268016815,5.1225996017456055,3.51788067817688,-1.322236180305481,-1.7130399942398071,999.196533203125,,0.0,0.0,155.48001098632812,133.48001098632812,4.312665343452386
2007178N18089,UNNAMED,2007-06-27 15:00:00,17.1,87.7,22.0,,15.0,1,2007,6,1,1.2246467991473532e-16,-1.0,-0.29999999999999716,-0.5999999999999943,-0.6999999999999993,-1.2999999999999972,0.0,0.0,,11.994329402041513,-0.8860804194889783,-0.46353154175119105,-0.10000000000000142,-0.5,3.0,0.1999999999999993,-1.0,4.0,0.7999999999999972,-1.2000000000000028,7.0,1.5,-1.4000000000000057,13.0,0.0,40.0,3.0,test,29.803882598876953,-5.075153827667236,17.93476676940918,14.249764442443848,75.04378509521484,-4.255302906036377,8.264298439025879,0.7439422607421875,43.455039978027344,20.184267044067383,1.0477222204208374,-3.238877058029175,2.1887500286102295,0.0,356.460693359375,33.17005157470703,-5.211181640625,8.925407409667969,81.36964416503906,19.53199577331543,29.404922485351562,0.7234355211257935,75.4842758178711,0.866797685623169,0.9850351810455322,5.832822799682617,4.070312976837158,-2.7280521392822266,-1.1703786849975586,1001.2528686523438,,0.0,0.0,155.95623779296875,133.95623779296875,4.288342911252967
2007178N18089,UNNAMED,2007-06-27 18:00:00,17.0,87.5,22.0,,18.0,1,2007,6,1,1.2246467991473532e-16,-1.0,-0.1999999999999993,-0.5,-0.6000000000000014,-1.2000000000000028,0.0,0.0,,9.605301900570952,-0.9225487170180195,-0.3858806353374138,0.10000000000000142,-0.5999999999999943,4.0,0.6000000000000014,-0.9000000000000057,4.0,1.3000000000000007,-1.0999999999999943,9.0,2.0,-1.2999999999999972,18.0,0.0,40.0,3.0,test,29.831695556640625,-4.51708984375,16.047304153442383,21.0695743560791,91.3390884399414,-0.48624876141548157,22.137176513671875,1.519378662109375,41.7099609375,22.410400390625,0.73876953125,-1.599365234375,2.17529296875,0.0,358.24334716796875,29.161348342895508,-5.25067138671875,13.96489143371582,82.67960357666016,21.50725746154785,29.391386032104492,1.5803557634353638,75.87606811523438,0.7840969562530518,1.6255460977554321,6.454061508178711,3.9138832092285156,-3.2676584720611572,0.10276792198419571,1000.8598022460938,,0.0,0.0,156.05592346191406,134.05592346191406,4.264007416017337
2007178N18089,UNNAMED,2007-06-27 21:00:00,17.0,87.2,25.0,,21.0,1,2007,6,1,1.2246467991473532e-16,-1.0,-0.10000000000000142,-0.5,-0.3999999999999986,-1.0999999999999943,3.0,3.0,,9.053077814401693,-0.9788227966897369,-0.20470938591203366,0.3000000000000007,-0.5,1.0,0.8999999999999986,-0.7000000000000028,4.0,1.6000000000000014,-0.9000000000000057,10.0,2.3000000000000007,-1.2000000000000028,15.0,0.0,40.0,3.0,test,29.840290069580078,-4.394274711608887,16.973731994628906,11.652037620544434,89.67123413085938,7.039888381958008,28.0251522064209,1.0855529308319092,37.37890625,21.999170303344727,-2.222851514816284,-1.5152587890625,2.2877440452575684,0.0,342.7745666503906,40.864749908447266,-5.52191162109375,20.404895782470703,81.19841766357422,21.423805236816406,29.40778923034668,1.0339946746826172,74.51265716552734,1.136128544807434,1.78411066532135,6.916672706604004,3.578389883041382,-2.9185526371002197,0.6621073484420776,999.1123657226562,,0.0,0.0,156.6825408935547,131.6825408935547,4.264007416017337
2007178N18089,UNNAMED,2007-06-28 00:00:00,17.1,86.9,26.0,,24.0,1,2007,6,1,1.2246467991473532e-16,-1.0,0.10000000000000142,-0.5999999999999943,-0.09999999999999787,-1.0999999999999943,4.0,4.0,4.0,10.788310956988504,-0.9851347880518138,0.1717831463505896,0.5,-0.30000000000001137,0.0,1.1999999999999993,-0.5,5.0,1.8999999999999986,-0.7000000000000028,14.0,2.599999999999998,-1.3000000000000114,14.0,0.0,40.0,3.0,test,29.47814178466797,-5.182981014251709,12.82808780670166,10.915888786315918,83.78063201904297,4.203940391540527,27.2470760345459,1.7857677936553955,42.72999954223633,21.449970245361328,-2.9427173137664795,-2.0618896484375,1.6391699314117432,0.0,311.013427734375,38.11568069458008,-5.6546630859375,28.366058349609375,83.9808120727539,20.013328552246094,29.170392990112305,1.3578816652297974,78.65286254882812,0.921430766582489,1.8571498394012451,6.378670692443848,3.595109701156616,-2.8458173274993896,0.9017337560653687,999.6075439453125,,0.0,0.0,151.15859985351562,125.15859985351562,4.288342911252967
2007178N18089,UNNAMED,2007-06-28 03:00:00,17.3,86.7,26.0,,27.0,1,2007,6,1,1.2246467991473532e-16,-1.0,0.3000000000000007,-0.5,0.1999999999999993,-1.0,1.0,4.0,4.0,10.448978597223425,-0.8466906287609486,0.532085499866694,0.5999999999999979,-0.20000000000000284,3.0,1.3000000000000007,-0.4000000000000057,9.0,2.0,-0.7000000000000028,14.0,2.6999999999999993,-1.5,12.0,0.0,40.0,3.0,test,29.518531799316406,-6.252026557922363,34.22710037231445,8.103981971740723,90.10600280761719,3.377565383911133,22.13092803955078,2.5506811141967773,55.0324592590332,21.75537109375,-0.3257739245891571,-2.886164665222168,1.306943416595459,0.0,281.0025634765625,48.72127151489258,-6.48590087890625,27.695329666137695,87.87334442138672,20.475101470947266,29.216751098632812,2.530529737472534,81.48540496826172,0.5620436668395996,2.320171356201172,5.82783317565918,3.649959087371826,-2.970951795578003,1.5802932977676392,1001.2195434570312,,0.0,0.0,152.03375244140625,126.03375244140625,4.336974638525247
2007178N18089,UNNAMED,2007-06-28 06:00:00,17.6,86.6,26.0,,30.0,1,2007,6,1,1.2246467991473532e-16,-1.0,0.5,-0.30000000000001137,0.6000000000000014,-0.9000000000000057,0.0,4.0,4.0,10.674647935761891,-0.496456824351818,0.8680614157733934,0.6999999999999993,-0.19999999999998863,5.0,1.3999999999999986,-0.3999999999999915,14.0,2.099999999999998,-1.0,14.0,2.799999999999997,-1.8999999999999915,9.0,0.0,40.0,3.0,test,29.563688278198242,-6.099790096282959,19.023969650268555,10.033280372619629,85.43131256103516,2.7376790046691895,11.216754913330078,1.696998953819275,48.4441032409668,21.645917892456055,1.1146655082702637,-1.9506006240844727,1.3443652391433716,0.0,253.60682678222656,34.6771354675293,-6.60394287109375,23.829132080078125,85.44041442871094,19.71878433227539,29.27942657470703,2.5185470581054688,79.05339813232422,0.3715742230415344,2.768843650817871,5.50065803527832,4.0720086097717285,-3.0042545795440674,1.9594061374664307,1001.0853271484375,,0.0,9.325623977929354e-06,152.62380981445312,126.62380981445312,4.409822960682633
2007178N18089,UNNAMED,2007-06-28 09:00:00,17.9,86.5,29.0,,33.0,1,2007,6,1,1.2246467991473532e-16,-1.0,0.5999999999999979,-0.20000000000000284,0.8999999999999986,-0.7000000000000028,3.0,4.0,7.0,11.66548783525795,-0.30235209258192114,0.9531963135216865,0.7000000000000028,-0.20000000000000284,6.0,1.4000000000000021,-0.5,11.0,2.1000000000000014,-1.2999999999999972,9.0,2.900000000000002,-2.299999999999997,4.0,0.0,40.0,3.0,test,29.530719757080078,-7.001208305358887,42.79161834716797,8.219382286071777,94.85023498535156,1.489061951637268,20.810522079467773,2.3401551246643066,60.903907775878906,20.706737518310547,-2.126635789871216,-1.5291259288787842,0.9693359136581421,0.0,229.0392608642578,55.17436599731445,-7.12286376953125,23.901891708374023,83.85120391845703,19.530384063720703,29.330211639404297,2.0276401042938232,77.86933898925781,0.42290228605270386,2.6292660236358643,5.693790912628174,4.245140552520752,-3.0988969802856445,1.5467543601989746,999.8054809570312,,0.0,0.002006830647587776,152.60096740722656,123.60096740722656,4.482550385315946
2007178N18089,UNNAMED,2007-06-28 12:00:00,18.3,86.4,31.0,,36.0,1,2007,6,1,1.2246467991473532e-16,-1.0,0.6999999999999993,-0.19999999999998863,1.1999999999999993,-0.5,5.0,5.0,9.0,13.44157446227855,-0.261803075432503,0.9651213134596517,0.6999999999999993,-0.20000000000000284,9.0,1.3999999999999986,-0.8000000000000114,9.0,2.099999999999998,-1.7000000000000028,4.0,2.8999999999999986,-2.700000000000003,0.0,0.0,40.0,3.0,test,29.423297882080078,-7.688530445098877,32.36072540283203,14.595462799072266,87.22503662109375,2.9049041271209717,14.638715744018555,2.5892815589904785,64.83210754394531,20.865156173706055,-2.267031192779541,-2.347033739089966,1.3233593702316284,0.0,188.8782958984375,49.75272750854492,-8.09381103515625,26.09543228149414,85.98638916015625,21.03598403930664,29.39927864074707,2.5296313762664795,80.5577621459961,0.2549804747104645,2.1006240844726562,5.407787322998047,4.246039390563965,-3.239950656890869,0.6399648785591125,999.3080444335938,,0.0,0.15500478446483612,152.31263732910156,121.31263732910156,4.579328776319827
2007178N18089,UNNAMED,2007-06-28 15:00:00,18.6,86.3,35.0,,39.0,1,2007,6,1,1.2246467991473532e-16,-1.0,0.7000000000000028,-0.20000000000000284,1.3000000000000007,-0.4000000000000057,6.0,9.0,13.0,13.439967795631071,-0.26137738312457254,0.9652366878600038,0.6999999999999993,-0.29999999999999716,5.0,1.3999999999999986,-1.0999999999999943,3.0,2.1999999999999993,-2.0999999999999943,-2.0,2.8999999999999986,-3.200000000000003,-6.0,0.0,40.0,3.0,test,29.433921813964844,-7.32107400894165,28.135873794555664,13.016085624694824,88.43931579589844,6.12606954574585,11.553783416748047,2.687103271484375,61.688907623291016,20.7801570892334,1.3085815906524658,-1.222109317779541,1.4032129049301147,0.0,156.1116485595703,62.977603912353516,-8.3109130859375,27.726097106933594,85.12078094482422,22.1630859375,29.44829559326172,3.077136516571045,80.11306762695312,-0.5689871311187744,1.9485682249069214,4.901803016662598,4.280680179595947,-4.351406574249268,0.2557387351989746,1001.1926879882812,,0.0,0.8869977593421936,153.11752319335938,118.11752319335938,4.651766358664912
2007178N18089,UNNAMED,2007-06-28 18:00:00,19.0,86.2,40.0,,42.0,1,2007,6,1,1.2246467991473532e-16,-1.0,0.6999999999999993,-0.20000000000000284,1.3999999999999986,-0.3999999999999915,9.0,14.0,18.0,13.437790577371318,-0.2607991678602625,0.9653930774784925,0.6999999999999993,-0.6000000000000085,0.0,1.3999999999999986,-1.5,-5.0,2.1999999999999993,-2.5,-9.0,2.8000000000000007,-3.700000000000003,-14.0,0.0,40.0,3.0,test,29.58208656311035,-7.523779392242432,23.656579971313477,14.755778312683105,94.03099060058594,15.61283016204834,9.753509521484375,2.7885589599609375,61.342185974121094,20.92041015625,1.7362182140350342,-0.38787841796875,1.7490234375,0.0,111.19499969482422,41.36160659790039,-8.68206787109375,26.945688247680664,85.4334716796875,22.19062614440918,29.51278305053711,3.022071123123169,80.22801971435547,-1.0209611654281616,2.1430983543395996,4.433535099029541,4.316535472869873,-4.889012813568115,0.5271430611610413,1001.325927734375,,0.5498313307762146,0.9847387671470642,154.31365966796875,114.31365966796875,4.748151078234065
2007178N18089,UNNAMED,2007-06-28 21:00:00,19.3,86.0,40.0,,45.0,1,2007,6,1,1.2246467991473532e-16,-1.0,0.6999999999999993,-0.29999999999999716,1.4000000000000021,-0.5,5.0,11.0,15.0,13.993797624047525,-0.3749730760396045,0.92703570171024,0.6999999999999993,-0.7999999999999972,-2.0,1.5,-1.7999999999999972,-7.0,2.1999999999999993,-2.9000000000000057,-11.0,2.8000000000000007,-4.0,-18.0,0.0,40.0,3.0,test,29.771930694580078,-7.486742973327637,29.093311309814453,12.462278366088867,95.6553726196289,7.419771671295166,36.43025588989258,3.1245086193084717,63.869529724121094,21.743846893310547,-1.0576293468475342,-0.7197631597518921,2.1314454078674316,0.0,77.83649444580078,45.88515090942383,-8.360107421875,26.233034133911133,86.79183959960938,21.81749725341797,29.53768539428711,2.9742395877838135,81.41606140136719,-1.0534940958023071,2.2051377296447754,4.207417011260986,4.009266376495361,-4.799500942230225,0.9166157245635986,999.9540405273438,,0.9197620153427124,0.9568032026290894,155.42796325683594,115.42796325683594,4.820288006208188
2007178N18089,UNNAMED,2007-06-29 00:00:00,19.7,85.6,40.0,,48.0,1,2007,6,1,1.2246467991473532e-16,-1.0,0.6999999999999993,-0.6000000000000085,1.3999999999999986,-0.8000000000000114,0.0,9.0,14.0,16.669899207276607,-0.6279991014263543,0.7782140634861925,0.6999999999999993,-0.8999999999999915,-5.0,1.5,-1.8999999999999915,-9.0,2.1000000000000014,-3.0999999999999943,-14.0,2.6999999999999993,-4.099999999999994,-22.0,0.0,40.0,3.0,test,,-7.873708724975586,28.217988967895508,12.075830459594727,86.17353057861328,3.319697618484497,62.63139724731445,2.820636034011841,57.50636672973633,22.04338836669922,-1.644870638847351,-1.407778263092041,,0.3022367060184479,30.45965576171875,53.49759292602539,-9.72589111328125,21.97649383544922,82.8821792602539,18.765701293945312,29.428361892700195,0.8425027132034302,76.3241958618164,-1.7720025777816772,2.0503642559051514,2.640916347503662,3.7754671573638916,-4.884270191192627,0.9377561211585999,1000.349853515625,,0.98367840051651,0.9838041663169861,155.42257690429688,115.42257690429688,4.9162646678939135
2007178N18089,UNNAMED,2007-06-29 03:00:00,20.0,85.2,38.0,,51.0,1,2007,6,1,1.2246467991473532e-16,-1.0,0.6999999999999993,-0.7999999999999972,1.3999999999999986,-1.0999999999999943,-2.0,3.0,12.0,19.0365333187958,-0.7318497839108198,0.6814659887255463,0.8000000000000007,-1.0,-5.0,1.5,-2.1000000000000085,-9.0,2.1000000000000014,-3.200000000000003,-16.0,2.6999999999999993,-4.200000000000003,-20.0,0.0,38.0,3.0,test,,-6.499108791351318,33.65981674194336,11.060242652893066,91.44605255126953,2.145327568054199,26.125423431396484,2.333416700363159,45.71796798706055,21.670360565185547,1.581262230873108,-1.3748779296875,,0.9031780958175659,0.0,39.964271545410156,-8.67669677734375,21.124509811401367,85.27385711669922,17.616086959838867,29.464435577392578,-0.3416047990322113,78.8168716430664,-2.4368159770965576,2.200312376022339,1.9608129262924194,3.8200364112854004,-5.482221603393555,1.2079501152038574,1001.3004150390625,,0.9817246794700623,0.9864366054534912,156.18243408203125,118.18243408203125,4.988090174290218
2007178N18089,UNNAMED,2007-06-29 06:00:00,20.4,84.7,35.0,,54.0,1,2007,6,1,1.2246467991473532e-16,-1.0,0.6999999999999993,-0.8999999999999915,1.3999999999999986,-1.5,-5.0,-5.0,9.0,20.31472258324701,-0.7695483194107072,0.6385885875054111,0.8000000000000007,-1.0,-4.0,1.4000000000000021,-2.200000000000003,-9.0,2.0,-3.200000000000003,-17.0,2.5,-4.299999999999997,-17.0,0.0,35.0,3.0,test,,-5.58462381362915,23.64097785949707,15.785398483276367,89.50521850585938,0.858329713344574,27.210277557373047,2.4382269382476807,47.36867141723633,21.386913299560547,0.10600586235523224,-1.915014624595642,,0.9849919080734253,0.0,48.835262298583984,-7.611328125,18.463109970092773,87.718017578125,17.22258758544922,29.50136375427246,-0.3355545401573181,81.72842407226562,-2.7497787475585938,2.5356509685516357,1.6300454139709473,3.84948992729187,-5.770259380340576,1.6870324611663818,1000.8012084960938,,0.9716371893882751,0.9904939532279968,,,5.083644452550817
2007178N18089,UNNAMED,2007-06-29 09:00:00,20.8,84.2,33.0,,57.0,1,2007,6,1,1.2246467991473532e-16,-1.0,0.8000000000000007,-1.0,1.5,-1.7999999999999972,-5.0,-7.0,4.0,22.802500101838405,-0.7597700590038534,0.6501918620232654,0.6999999999999993,-1.1000000000000085,-4.0,1.3000000000000007,-2.200000000000003,-11.0,1.8999999999999986,-3.200000000000003,-15.0,,,,,33.0,2.0,test,,-5.035129547119141,19.332752227783203,11.700284957885742,90.22055053710938,7.25801944732666,14.865477561950684,2.398934841156006,45.37617111206055,21.7520809173584,-2.3952808380126953,-2.149948835372925,,0.9837085008621216,0.0,43.80476379394531,-7.14080810546875,15.425751686096191,87.20881652832031,17.501487731933594,29.541166305541992,0.8562178015708923,81.8724594116211,-2.7128775119781494,2.3874526023864746,1.8211156129837036,3.5683345794677734,-5.907314300537109,1.535374402999878,998.5346069335938,,0.9844792485237122,0.995452880859375,,,5.178950961152752
2007178N18089,UNNAMED,2007-06-29 12:00:00,21.2,83.7,31.0,,60.0,1,2007,6,1,1.2246467991473532e-16,-1.0,0.8000000000000007,-1.0,1.5,-1.8999999999999915,-4.0,-9.0,0.0,22.767292561037706,-0.758908456053984,0.6511973244184578,0.6000000000000014,-1.2000000000000028,-5.0,1.1999999999999993,-2.200000000000003,-13.0,1.6999999999999993,-3.299999999999997,-13.0,,,,,31.0,2.0,test,,-6.365742206573486,37.05434036254883,18.598583221435547,101.08517456054688,16.40343475341797,36.63167953491211,2.3741376399993896,54.602264404296875,20.1422176361084,-4.884323596954346,-5.748217582702637,,0.9880358576774597,0.0,54.28402328491211,-6.748779296875,16.04462432861328,90.05660247802734,17.325645446777344,29.582761764526367,1.509379506111145,84.86839294433594,-2.8751091957092285,1.7953602075576782,1.1849485635757446,3.2420191764831543,-5.775035381317139,0.6813347339630127,997.7548828125,,0.9856281280517578,0.9975724816322327,,,5.2740050549912505
2007178N18089,UNNAMED,2007-06-29 15:00:00,21.5,83.1,29.0,,63.0,1,2007,6,1,1.2246467991473532e-16,-1.0,0.6999999999999993,-1.1000000000000085,1.5,-2.1000000000000085,-4.0,-9.0,-6.0,22.979320966052654,-0.8254055881159428,0.5645401802413843,0.6000000000000014,-1.0999999999999943,-7.0,1.1999999999999993,-2.0999999999999943,-11.0,,,,,,,,29.0,2.0,test,,-6.25933837890625,41.985069274902344,19.66298484802246,95.95343780517578,14.46495246887207,29.9503231048584,1.5932830572128296,50.50566482543945,20.890674591064453,-1.3305175304412842,-4.623388767242432,,0.9963314533233643,0.0,69.41353607177734,-8.09161376953125,19.038619995117188,93.35479736328125,18.815763473510742,,2.4913384914398193,88.93136596679688,-3.5449087619781494,1.5578242540359497,0.6941444873809814,3.458205223083496,-6.672585487365723,0.1662406027317047,999.9712524414062,,0.9970874190330505,0.9614166021347046,,,5.345127190792497
2007178N18089,UNNAMED,2007-06-29 18:00:00,21.8,82.5,26.0,,66.0,1,2007,6,1,1.2246467991473532e-16,-1.0,0.6000000000000014,-1.2000000000000028,1.4000000000000021,-2.200000000000003,-5.0,-9.0,-14.0,23.452245299240676,-0.8804528538968178,0.47413370694873497,0.5999999999999979,-1.0,-8.0,1.0999999999999979,-2.0999999999999943,-8.0,,,,,,,,26.0,1.0,test,,-5.602246284484863,26.633892059326172,13.816624641418457,99.5027847290039,3.827174425125122,31.785388946533203,1.652337670326233,44.521484375,21.421483993530273,0.887988269329071,-3.147778272628784,,0.9826615452766418,0.0,69.474853515625,-8.0684814453125,22.028959274291992,92.41085052490234,18.901947021484375,,2.2741684913635254,88.02083587646484,-3.832465887069702,1.5827873945236206,0.8259947896003723,3.327725410461426,-7.325509071350098,0.4382754862308502,1000.9807739257812,,0.9975383877754211,0.9967812895774841,,,5.416102787231734
2007178N18089,UNNAMED,2007-06-29 21:00:00,22.1,82.0,22.0,,69.0,1,2007,6,1,1.2246467991473532e-16,-1.0,0.6000000000000014,-1.0999999999999943,1.3000000000000007,-2.200000000000003,-7.0,-11.0,-18.0,21.918008757557004,-0.8617562501102279,0.5073225457201348,0.5999999999999979,-1.0,-4.0,,,,,,,,,,,22.0,1.0,test,,-5.743456840515137,14.48021125793457,13.198322296142578,98.06578063964844,6.564268112182617,33.16526412963867,2.156890869140625,44.53496170043945,20.857616424560547,-2.7061400413513184,-2.2761597633361816,,0.9911120533943176,0.0,57.82589340209961,-7.8388671875,25.421192169189453,89.59950256347656,17.853185653686523,,1.872352123260498,84.96405029296875,-3.698319673538208,1.3267942667007446,1.0493961572647095,2.5721538066864014,-7.158096790313721,0.6140955686569214,999.936767578125,,0.9878250956535339,0.9965705871582031,,,5.486929898477136
2007178N18089,UNNAMED,2007-06-30 00:00:00,22.4,81.5,18.0,,72.0,1,2007,6,1,1.2246467991473532e-16,-1.0,0.5999999999999979,-1.0,1.1999999999999993,-2.200000000000003,-8.0,-13.0,-22.0,20.426021512085974,-0.8388392892753003,0.5443791388068697,0.5,-1.0999999999999943,0.0,,,,,,,,,,,18.0,1.0,test,,-4.1910400390625,-1.879550814628601,12.982743263244629,98.99491119384766,7.254345893859863,10.695080757141113,1.6126587390899658,36.64081954956055,20.753711700439453,-2.2118897438049316,-0.85015869140625,,0.994246244430542,0.0,54.83904266357422,-6.3643798828125,21.271024703979492,87.4691390991211,15.470402717590332,,1.7778886556625366,80.79191589355469,-4.088673114776611,0.8244040608406067,-0.16625386476516724,2.3425052165985107,-6.904978275299072,0.043890707194805145,999.9608764648438,,0.9763948321342468,0.969927966594696,,,5.557606582767668
2007178N18089,UNNAMED,2007-06-30 03:00:00,22.7,81.0,18.0,,75.0,1,2007,6,1,1.2246467991473532e-16,-1.0,0.5999999999999979,-1.0,1.1999999999999993,-2.0999999999999943,-4.0,-11.0,-20.0,20.39481649626911,-0.8382981600239199,0.5452120641553252,,,,,,,,,,,,,,18.0,1.0,test,,-3.958789110183716,14.557960510253906,18.053394317626953,97.15380859375,3.0153961181640625,14.217575073242188,1.6674407720565796,47.30546951293945,19.500829696655273,-0.7729858160018921,-2.777636766433716,,0.9997895359992981,0.0,45.733184814453125,-6.1103515625,15.531630516052246,84.90486145019531,15.07781982421875,,0.9667628407478333,77.78510284423828,-4.188814640045166,0.7271008491516113,-0.2822504937648773,2.1481246948242188,-6.86693000793457,0.009197467006742954,1000.9617919921875,,0.9973829388618469,0.9733996987342834,,,5.628130902466328
2007178N18089,UNNAMED,2007-06-30 06:00:00,22.9,80.4,18.0,,78.0,1,2007,6,1,1.2246467991473532e-16,-1.0,0.5,-1.0999999999999943,1.0999999999999979,-2.0999999999999943,0.0,-8.0,-17.0,20.940781028518696,-0.8967695787438206,0.4424978221863137,,,,,,,,,,,,,,18.0,1.0,test,,-3.9409472942352295,27.136180877685547,15.32719612121582,95.58855438232422,4.837092399597168,9.510092735290527,1.7669421434402466,46.12995910644531,20.55158233642578,-1.1827954053878784,-3.570969343185425,,0.9793901443481445,0.0,42.34043502807617,-4.6483154296875,11.46540355682373,86.69945526123047,15.126837730407715,,1.4044109582901,78.94365692138672,-3.936964273452759,0.710616946220398,0.013700608164072037,1.8840782642364502,-6.550432205200195,0.03510598838329315,1000.298828125,,0.9965627789497375,0.9934272170066833,,,5.6750615136347955
2007300N11068,UNNAMED,2007-10-27 06:00:00,11.2,68.2,22.0,,0.0,0,2007,10,2,-0.8660254037844386,0.5000000000000001,,,,,,,,,,,0.0,-0.5,0.0,0.0,-1.0,4.0,0.10000000000000142,-1.4000000000000057,13.0,0.20000000000000107,-1.6000000000000085,13.0,0.0,35.0,3.0,test,28.715923309326172,-2.197622060775757,11.015125274658203,5.045607089996338,81.74149322509766,3.512676954269409,3.7225306034088135,0.5824230909347534,27.905195236206055,20.73749351501465,2.021652936935425,-0.95562744140625,1.4292089939117432,0.0,713.1553344726562,21.555187225341797,-3.34820556640625,11.265846252441406,83.50920104980469,15.726959228515625,28.59857749938965,2.709644079208374,74.85311889648438,-5.083987712860107,1.2281354665756226,-2.086474895477295,0.07488364726305008,-7.22023868560791,1.8461029529571533,1009.7314453125,,0.0,0.0,139.9183807373047,117.91838073730469,2.832752625062315
2007300N11068,UNNAMED,2007-10-27 09:00:00,11.2,68.0,22.0,,3.0,0,2007,10,2,-0.8660254037844386,0.5000000000000001,,,,,,,,,,,0.0,-0.5999999999999943,3.0,0.0,-1.0,9.0,0.10000000000000142,-1.2999999999999972,13.0,0.3000000000000007,-1.4000000000000057,13.0,0.0,35.0,3.0,test,28.642486572265625,-2.74432373046875,6.362208843231201,1.5766135454177856,80.7671890258789,-3.534536838531494,5.552670478820801,-0.468527227640152,19.419921875,21.379833221435547,-2.632275342941284,-1.9363892078399658,2.04931640625,0.0,733.228759765625,24.15428924560547,-3.4173583984375,9.294085502624512,85.79430389404297,14.697051048278809,28.591257095336914,1.6099278926849365,78.94479370117188,-4.439659118652344,1.1508684158325195,-1.2565633058547974,0.22565560042858124,-6.763972282409668,1.6496292352676392,1006.9935913085938,,0.0,0.0,139.19166564941406,117.19166564941406,2.832752625062315
2007300N11068,UNNAMED,2007-10-27 12:00:00,11.2,67.7,22.0,,6.0,0,2007,10,2,-0.8660254037844386,0.5000000000000001,0.0,-0.5,,,0.0,,,9.089775708254445,-1.0,6.123233995736766e-17,0.0,-0.5,4.0,0.10000000000000142,-0.9000000000000057,13.0,0.20000000000000107,-1.1000000000000085,13.0,0.3000000000000007,-1.2000000000000028,13.0,0.0,35.0,3.0,test,28.557252883911133,-2.9964916706085205,8.316387176513672,1.7223831415176392,84.79800415039062,1.1006083488464355,2.6253302097320557,0.49139586091041565,34.38980484008789,21.245223999023438,-4.300915718078613,-2.4281835556030273,1.975195288658142,0.0,763.4349975585938,23.586790084838867,-3.59912109375,8.511552810668945,88.01570892333984,16.55215072631836,28.579565048217773,1.7846072912216187,79.74964904785156,-4.49733829498291,0.971845805644989,-0.8904725909233093,-0.1946706920862198,-7.168315410614014,1.665894865989685,1006.5437622070312,,0.0,0.0,138.1676025390625,116.1676025390625,2.832752625062315
2007300N11068,UNNAMED,2007-10-27 15:00:00,11.2,67.4,25.0,,9.0,0,2007,10,2,-0.8660254037844386,0.5000000000000001,0.0,-0.5999999999999943,,,3.0,,,10.90773084990523,-1.0,6.123233995736766e-17,0.0,-0.4000000000000057,6.0,0.10000000000000142,-0.7000000000000028,10.0,0.3000000000000007,-0.8000000000000114,10.0,0.20000000000000107,-1.0,10.0,0.0,35.0,3.0,test,28.49108123779297,-3.1924266815185547,16.171920776367188,1.6916643381118774,88.02360534667969,0.6252696514129639,9.058220863342285,0.2966107130050659,33.81332015991211,21.025390625,0.2555493116378784,-2.629511833190918,2.095107316970825,0.0,793.7268676757812,32.799461364746094,-3.64166259765625,13.039068222045898,88.02690124511719,18.327802658081055,28.567543029785156,3.183443546295166,80.95793151855469,-4.536057472229004,1.0508403778076172,-0.8427577614784241,-0.19440516829490662,-7.304396629333496,1.9089405536651611,1008.1075439453125,,0.0,0.0,137.31581115722656,112.31581115722656,2.832752625062315
2007300N11068,UNNAMED,2007-10-27 18:00:00,11.2,67.2,26.0,,12.0,0,2007,10,2,-0.8660254037844386,0.5000000000000001,0.0,-0.5,0.0,-1.0,4.0,4.0,,9.089775708254445,-1.0,6.123233995736766e-17,0.10000000000000142,-0.4000000000000057,9.0,0.20000000000000107,-0.6000000000000085,9.0,0.3000000000000007,-0.7000000000000028,9.0,0.10000000000000142,-0.9000000000000057,9.0,0.0,35.0,3.0,test,28.441862106323242,-3.8194947242736816,21.621618270874023,2.6707186698913574,93.62579345703125,1.3337817192077637,13.634775161743164,0.9026660323143005,41.936248779296875,21.798389434814453,0.9853076338768005,-3.24285888671875,2.53961181640625,0.0,813.9622192382812,36.57052230834961,-3.9534912109375,14.433457374572754,88.46975708007812,19.21066665649414,28.559749603271484,3.230318307876587,81.8945083618164,-4.39694881439209,1.272413730621338,-0.6748974323272705,0.09828764200210571,-7.182758331298828,2.118292808532715,1008.7117309570312,,0.0,0.0,136.7003173828125,110.7003173828125,2.832752625062315
2007300N11068,UNNAMED,2007-10-27 21:00:00,11.2,67.0,31.0,,15.0,0,2007,10,2,-0.8660254037844386,0.5000000000000001,0.0,-0.4000000000000057,0.0,-1.0,6.0,9.0,,7.271820566603659,-1.0,6.123233995736766e-17,0.10000000000000142,-0.29999999999999716,4.0,0.3000000000000007,-0.4000000000000057,4.0,0.20000000000000107,-0.5999999999999943,4.0,0.0,-0.5999999999999943,4.0,0.0,35.0,3.0,test,28.391704559326172,-4.431653022766113,20.479679107666016,2.204014539718628,86.71403503417969,-8.068147659301758,12.357617378234863,0.5021148920059204,40.62421798706055,21.441234588623047,-2.450122117996216,-2.4178709983825684,2.794567823410034,0.0,834.2285766601562,28.605783462524414,-4.728759765625,14.710145950317383,84.67655181884766,19.548147201538086,28.550642013549805,2.0647056102752686,77.64043426513672,-3.8685295581817627,1.3241527080535889,0.03966883569955826,0.17751312255859375,-6.790860652923584,2.1306440830230713,1007.2832641601562,,0.0,0.0,136.2848663330078,105.28486633300781,2.832752625062315
2007300N11068,UNNAMED,2007-10-28 00:00:00,11.3,66.8,35.0,,18.0,0,2007,10,2,-0.8660254037844386,0.5000000000000001,0.10000000000000142,-0.4000000000000057,0.10000000000000142,-0.9000000000000057,9.0,13.0,,7.50181355681442,-0.9690052157058657,0.24704026379282504,0.09999999999999964,-0.20000000000000284,0.0,0.1999999999999993,-0.29999999999999716,0.0,0.0,-0.5,0.0,-0.20000000000000107,-0.29999999999999716,0.0,0.0,35.0,3.0,test,28.21172523498535,-4.862797737121582,20.549428939819336,9.539095878601074,77.46723937988281,-7.281081676483154,12.23149585723877,0.5624383687973022,47.1594123840332,19.3718204498291,-3.5024585723876953,-2.458188533782959,1.955502986907959,0.0,851.99755859375,34.105525970458984,-4.89361572265625,16.903846740722656,84.9736099243164,19.410762786865234,28.404508590698242,1.0872925519943237,76.55664825439453,-3.819756507873535,0.9474902749061584,0.7038851976394653,-0.4800083637237549,-7.088683128356934,1.9190458059310913,1006.7885131835938,,0.0,0.0,133.90406799316406,98.90406799316406,2.8577177568617267
2007300N11068,UNNAMED,2007-10-28 03:00:00,11.3,66.7,35.0,,21.0,0,2007,10,2,-0.8660254037844386,0.5000000000000001,0.10000000000000142,-0.29999999999999716,0.10000000000000142,-0.7000000000000028,4.0,10.0,,5.7583450786028765,-0.9467950033271135,0.3218372596123872,0.1999999999999993,-0.10000000000000853,0.0,0.09999999999999964,-0.29999999999999716,0.0,-0.10000000000000142,-0.29999999999999716,0.0,-0.20000000000000107,0.0,0.0,0.0,35.0,3.0,test,28.19567108154297,-5.551403999328613,22.46425437927246,6.597908020019531,83.12092590332031,-11.77938461303711,4.815615653991699,1.1531256437301636,53.991912841796875,20.689504623413086,-0.6024169921875,-2.9706177711486816,1.3107250928878784,0.0,862.1881713867188,47.868370056152344,-5.85540771484375,15.240316390991211,84.82487487792969,19.877426147460938,28.393659591674805,2.5015087127685547,75.10243225097656,-3.9277920722961426,0.9561144709587097,0.7424901127815247,-0.7615995407104492,-7.268998146057129,2.200043201446533,1008.1744384765625,,0.0,0.0,133.74237060546875,98.74237060546875,2.8577177568617267
2007300N11068,UNNAMED,2007-10-28 06:00:00,11.4,66.6,35.0,,24.0,0,2007,10,2,-0.8660254037844386,0.5000000000000001,0.09999999999999964,-0.20000000000000284,0.20000000000000107,-0.6000000000000085,0.0,9.0,13.0,4.0787191915205945,-0.8908127620771309,0.4543705788456301,0.09999999999999964,-0.09999999999999432,0.0,-0.09999999999999964,-0.29999999999999716,0.0,-0.3000000000000007,-0.09999999999999432,0.0,-0.3000000000000007,0.20000000000000284,0.0,0.0,35.0,3.0,test,28.203170776367188,-6.012751579284668,25.42313003540039,6.580597400665283,78.48250579833984,-8.382570266723633,1.7518621683120728,1.0556896924972534,52.128204345703125,20.694520950317383,0.8489453196525574,-2.9237232208251953,1.190701961517334,0.0,870.078369140625,40.31232833862305,-6.254150390625,12.28781509399414,85.00599670410156,19.939903259277344,28.38621711730957,2.8196349143981934,77.36022186279297,-3.9753050804138184,1.090397596359253,0.6160435676574707,-0.789786159992218,-7.230959892272949,2.4874649047851562,1008.7568969726562,,0.0,0.0,133.72738647460938,98.72738647460938,2.882674183557252
2007300N11068,UNNAMED,2007-10-28 09:00:00,11.5,66.6,35.0,,27.0,0,2007,10,2,-0.8660254037844386,0.5000000000000001,0.1999999999999993,-0.10000000000000853,0.3000000000000007,-0.4000000000000057,0.0,4.0,13.0,4.127488747237064,-0.43998798544378,0.8980036596056411,-0.09999999999999964,-0.19999999999998863,0.0,-0.3000000000000007,-0.19999999999998863,0.0,-0.40000000000000036,0.10000000000000853,0.0,-0.40000000000000036,0.20000000000000284,-2.0,0.0,35.0,3.0,test,28.2177791595459,-6.138440132141113,24.90959930419922,15.842691421508789,71.29127502441406,-0.2206021249294281,1.2940460443496704,-0.140289306640625,48.522071838378906,20.13916015625,-2.3833861351013184,-3.36138916015625,1.0559570789337158,0.0,867.7702026367188,35.571346282958984,-6.26873779296875,9.688699722290039,83.5643081665039,19.936681747436523,28.380813598632812,1.4147675037384033,76.46891784667969,-3.389906406402588,1.0511975288391113,1.239890217781067,-0.8871428966522217,-6.620110034942627,2.4626495838165283,1006.2826538085938,,0.0,0.0,133.7266845703125,98.7266845703125,2.907621829127287
2007300N11068,UNNAMED,2007-10-28 12:00:00,11.5,66.5,35.0,,30.0,0,2007,10,2,-0.8660254037844386,0.5000000000000001,0.09999999999999964,-0.09999999999999432,0.1999999999999993,-0.29999999999999716,0.0,0.0,13.0,2.5947170695603266,-0.699901149201665,0.7142397226045248,-0.1999999999999993,-0.20000000000000284,0.0,-0.40000000000000036,0.0,0.0,-0.40000000000000036,0.29999999999999716,0.0,-0.3000000000000007,0.20000000000000284,-4.0,0.0,35.0,3.0,test,28.210357666015625,-6.01318359375,24.118972778320312,15.797393798828125,72.07779693603516,3.0743324756622314,1.0171051025390625,0.0211334228515625,53.0341796875,20.2373046875,-3.70880126953125,-2.75067138671875,1.0087890625,0.0,878.0230712890625,33.87403106689453,-6.055419921875,7.968867778778076,82.62155151367188,22.42222785949707,28.373159408569336,0.666735053062439,76.29421997070312,-3.5570666790008545,0.3308611810207367,1.3470938205718994,-1.8180512189865112,-6.844913959503174,1.720524787902832,1005.2896118164062,,0.0,0.0,133.5765380859375,98.5765380859375,2.907621829127287
2007300N11068,UNNAMED,2007-10-28 15:00:00,11.4,66.4,35.0,,33.0,0,2007,10,2,-0.8660254037844386,0.5000000000000001,-0.09999999999999964,-0.19999999999998863,0.09999999999999964,-0.29999999999999716,0.0,0.0,10.0,4.078719191520365,-0.8908127620771178,-0.4543705788456559,-0.20000000000000107,0.0,0.0,-0.3000000000000007,0.29999999999999716,0.0,-0.3000000000000007,0.3999999999999915,-2.0,-0.09999999999999964,0.19999999999998863,-4.0,0.0,35.0,3.0,test,28.193561553955078,-6.099936485290527,24.870759963989258,14.712212562561035,73.44667053222656,2.936152458190918,1.4938489198684692,0.2263220250606537,53.47496032714844,20.49640655517578,0.28498291969299316,-1.6843944787979126,0.9889965653419495,0.0,890.5422973632812,35.5323486328125,-6.1981201171875,7.025879859924316,82.74729919433594,22.33277702331543,28.366979598999023,1.456355333328247,76.19989776611328,-3.525430679321289,0.2788628339767456,1.110148310661316,-2.097630739212036,-6.604997634887695,1.8116846084594727,1006.90087890625,,0.0,0.0,133.3381805419922,98.33818054199219,2.882674183557252
2007300N11068,UNNAMED,2007-10-28 18:00:00,11.3,66.3,35.0,,36.0,0,2007,10,2,-0.8660254037844386,0.5000000000000001,-0.1999999999999993,-0.20000000000000284,-0.09999999999999964,-0.29999999999999716,0.0,0.0,9.0,5.191224327620223,-0.7001524115543818,-0.7139934177529814,-0.20000000000000107,0.20000000000000284,0.0,-0.20000000000000107,0.5,0.0,-0.10000000000000142,0.4000000000000057,-4.0,0.0,0.20000000000000284,-4.0,0.0,35.0,3.0,test,28.186138153076172,-6.23681640625,24.11389923095703,10.488014221191406,74.08273315429688,-3.4061594009399414,0.48798277974128723,-0.19791992008686066,47.746952056884766,20.931787490844727,1.783847689628601,-1.68853759765625,1.0540149211883545,0.0,903.0100708007812,33.05168914794922,-6.3077392578125,11.38067626953125,83.97383117675781,21.850770950317383,28.35881233215332,1.982974648475647,78.00784301757812,-3.264512777328491,0.3961024582386017,0.9925346970558167,-1.940805435180664,-6.114959239959717,1.836378812789917,1007.5979614257812,,0.0,0.0,133.01405334472656,98.01405334472656,2.8577177568617267
2007300N11068,UNNAMED,2007-10-28 21:00:00,11.2,66.4,35.0,,39.0,0,2007,10,2,-0.8660254037844386,0.5000000000000001,-0.20000000000000107,0.0,-0.3000000000000007,-0.19999999999998863,0.0,0.0,4.0,3.7065000000000197,1.2246467991473532e-16,-1.0,-0.09999999999999964,0.29999999999999716,0.0,-0.09999999999999964,0.3999999999999915,-2.0,0.10000000000000142,0.19999999999998863,-4.0,0.10000000000000142,0.0,-6.0,0.0,35.0,3.0,test,28.174419403076172,-6.107353687286377,21.733787536621094,12.045371055603027,72.57601928710938,-1.3336181640625,0.1559918224811554,-0.2452557384967804,51.6721076965332,21.733510971069336,-1.5556151866912842,-1.2352367639541626,1.08447265625,0.0,895.2173461914062,30.007963180541992,-6.2454833984375,11.058904647827148,81.93328094482422,20.742347717285156,28.369258880615234,1.6252057552337646,75.26593017578125,-2.689265012741089,0.329807311296463,1.3842620849609375,-1.777161955833435,-5.433712959289551,1.5573434829711914,1005.6348876953125,,0.0,0.0,133.17645263671875,98.17645263671875,2.832752625062315
2007300N11068,UNNAMED,2007-10-29 00:00:00,11.1,66.5,35.0,,42.0,0,2007,10,2,-0.8660254037844386,0.5000000000000001,-0.20000000000000107,0.20000000000000284,-0.40000000000000036,0.0,0.0,0.0,0.0,5.192984139645115,0.7003990694521685,-0.7137514577992373,0.0,0.29999999999999716,0.0,0.09999999999999964,0.20000000000000284,-4.0,0.20000000000000107,0.0,-4.0,0.09999999999999964,-0.29999999999999716,-9.0,0.0,35.0,3.0,test,28.173248291015625,-6.568188667297363,24.21885871887207,13.106229782104492,75.96337890625,2.8247063159942627,0.2984069883823395,-0.8001617193222046,49.55449295043945,23.155498504638672,-3.136730909347534,-1.378015160560608,1.263189673423767,0.0,887.6458740234375,38.913848876953125,-7.048583984375,7.70448112487793,82.98323059082031,20.84494400024414,28.271242141723633,1.016445517539978,74.01597595214844,-2.937232494354248,-0.02786811999976635,1.5358538627624512,-1.1176477670669556,-6.019868850708008,0.6074858903884888,1005.6044921875,,0.0,0.0,133.20977783203125,98.20977783203125,2.807778864207139
2007300N11068,UNNAMED,2007-10-29 03:00:00,11.1,66.7,35.0,,45.0,0,2007,10,2,-0.8660254037844386,0.5000000000000001,-0.09999999999999964,0.29999999999999716,-0.3000000000000007,0.29999999999999716,0.0,0.0,0.0,5.7619141886929475,0.9468627456023313,-0.32163790353503874,0.0,0.09999999999999432,-2.0,0.20000000000000107,-0.10000000000000853,-4.0,0.20000000000000107,-0.29999999999999716,-6.0,0.0,-0.7000000000000028,-10.0,0.0,35.0,3.0,test,28.200279235839844,-5.34246826171875,20.983068466186523,16.531654357910156,74.18744659423828,5.1439642906188965,0.846235990524292,-0.6454290747642517,47.85902404785156,22.389118194580078,1.4599511623382568,-0.28648436069488525,1.3612109422683716,0.0,867.3687133789062,50.16629409790039,-7.1265869140625,4.46989107131958,80.70542907714844,22.32362174987793,28.294816970825195,0.4135098159313202,70.90425109863281,-3.147679567337036,0.0020636296831071377,1.5761569738388062,-1.12776517868042,-6.433644771575928,0.7318736910820007,1007.0747680664062,,0.0,0.0,133.75990295410156,98.75990295410156,2.807778864207139
2007300N11068,UNNAMED,2007-10-29 06:00:00,11.1,66.8,35.0,,48.0,0,2007,10,2,-0.8660254037844386,0.5000000000000001,0.0,0.29999999999999716,-0.20000000000000107,0.5,0.0,0.0,0.0,5.455741888630833,1.0,6.123233995736766e-17,0.09999999999999964,-0.09999999999999432,-4.0,0.20000000000000107,-0.29999999999999716,-4.0,0.09999999999999964,-0.5999999999999943,-9.0,0.0,-1.0999999999999943,-13.0,0.0,35.0,3.0,test,28.22199821472168,-4.965793609619141,22.082473754882812,18.878795623779297,64.55326843261719,-3.8675920963287354,0.6854492425918579,-0.14048033952713013,53.172306060791016,20.200822830200195,2.6911449432373047,-0.6230053901672363,0.9750024676322937,0.0,857.2396850585938,83.22978973388672,-9.040283203125,3.730437755584717,78.45448303222656,23.200864791870117,28.31059455871582,1.7696648836135864,66.4410629272461,-3.266530990600586,0.22835662961006165,1.531514286994934,-1.0701546669006348,-6.592879772186279,1.1510803699493408,1007.0891723632812,,0.0,0.0,133.79623413085938,98.79623413085938,2.807778864207139
2007300N11068,UNNAMED,2007-10-29 09:00:00,11.1,66.8,33.0,,51.0,0,2007,10,2,-0.8660254037844386,0.5000000000000001,0.0,0.09999999999999432,-0.09999999999999964,0.3999999999999915,-2.0,-2.0,-2.0,1.818580629543525,1.0,6.123233995736766e-17,0.20000000000000107,-0.20000000000000284,-2.0,0.20000000000000107,-0.3999999999999915,-4.0,0.0,-0.7999999999999972,-8.0,,,,,33.0,2.0,test,28.22199821472168,-5.125490665435791,18.38622283935547,23.143871307373047,80.59085845947266,3.0453972816467285,0.7604669332504272,0.8880487084388733,46.96882629394531,22.512731552124023,-2.2212793827056885,-0.7004223465919495,0.5578808784484863,0.0,857.2396850585938,74.64109802246094,-10.242919921875,5.3839111328125,81.36961364746094,20.882022857666016,28.31059455871582,1.491277813911438,74.01091766357422,-2.8655641078948975,0.28822028636932373,1.5815763473510742,-1.1265161037445068,-5.9218339920043945,1.3696695566177368,1004.5875244140625,,0.0,0.0,133.79623413085938,100.79623413085938,2.807778864207139
2007300N11068,UNNAMED,2007-10-29 12:00:00,11.2,66.7,31.0,,54.0,0,2007,10,2,-0.8660254037844386,0.5000000000000001,0.09999999999999964,-0.09999999999999432,0.09999999999999964,0.20000000000000284,-4.0,-4.0,-4.0,2.5960540170717756,-0.700276315398611,0.713871894734444,0.10000000000000142,-0.20000000000000284,0.0,0.0,-0.5,-5.0,-0.09999999999999964,-1.0,-9.0,,,,,31.0,2.0,test,28.195280075073242,-7.325432300567627,31.745908737182617,19.366294860839844,66.6946029663086,0.0033113479148596525,0.40798524022102356,-0.7811108231544495,51.170509338378906,21.2093563079834,-5.270217418670654,-2.7674560546875,0.4844921827316284,0.0,864.6934814453125,63.092437744140625,-10.88275146484375,7.698133945465088,82.457275390625,20.55290412902832,28.286834716796875,1.4064369201660156,75.46784973144531,-3.246027708053589,-0.015512732788920403,1.4357359409332275,-1.8541502952575684,-6.301895618438721,1.1644564867019653,1003.9468383789062,,0.0,0.0,133.62387084960938,102.62387084960938,2.832752625062315
2007300N11068,UNNAMED,2007-10-29 15:00:00,11.3,66.6,31.0,,57.0,0,2007,10,2,-0.8660254037844386,0.5000000000000001,0.20000000000000107,-0.20000000000000284,0.20000000000000107,-0.10000000000000853,-2.0,-4.0,-4.0,5.1912243276202465,-0.7001524115543785,0.7139934177529847,0.0,-0.19999999999998863,-2.0,-0.20000000000000107,-0.5999999999999943,-6.0,,,,,,,,31.0,2.0,test,28.184850692749023,-8.750602722167969,40.6523323059082,10.299850463867188,59.469024658203125,-4.816411972045898,0.2852960228919983,-0.07055480778217316,71.36605834960938,20.863788604736328,-2.128854990005493,-4.7964186668396,0.2939721643924713,0.0,872.3865356445312,55.50090408325195,-10.3546142578125,7.276993274688721,80.81007385253906,20.963430404663086,28.272199630737305,2.4056503772735596,71.85893249511719,-3.604417562484741,0.24644514918327332,0.8008567690849304,-1.9271880388259888,-6.497838020324707,1.676550030708313,1005.3580932617188,,0.0,0.0,133.33648681640625,102.33648681640625,2.8577177568617267
2007300N11068,UNNAMED,2007-10-29 18:00:00,11.3,66.5,31.0,,60.0,0,2007,10,2,-0.8660254037844386,0.5000000000000001,0.10000000000000142,-0.20000000000000284,0.20000000000000107,-0.29999999999999716,0.0,-4.0,-4.0,4.079853346895722,-0.8908771769133815,0.45424426870885604,-0.10000000000000142,-0.29999999999999716,-5.0,-0.20000000000000107,-0.7999999999999972,-9.0,,,,,,,,31.0,2.0,test,28.175006866455078,-8.335400581359863,44.119239807128906,3.3975963592529297,62.396846771240234,-0.8113991022109985,0.74615478515625,0.27193909883499146,67.4693374633789,20.922313690185547,1.94549560546875,-3.4850220680236816,0.4775756895542145,0.0,882.5848999023438,50.06353759765625,-9.06036376953125,4.688146591186523,79.69512939453125,20.793251037597656,28.2586727142334,1.6168841123580933,67.22821044921875,-3.6543726921081543,0.6382372379302979,0.17023040354251862,-1.6141061782836914,-6.1150922775268555,2.120364189147949,1006.1334838867188,,0.0,0.0,133.1062774658203,102.10627746582031,2.8577177568617267
2007300N11068,UNNAMED,2007-10-29 21:00:00,11.3,66.4,29.0,,63.0,0,2007,10,2,-0.8660254037844386,0.5000000000000001,0.0,-0.19999999999998863,0.20000000000000107,-0.3999999999999915,-2.0,-4.0,-6.0,3.634648231902814,-1.0,6.123233995736766e-17,-0.20000000000000107,-0.4000000000000057,-4.0,,,,,,,,,,,29.0,2.0,test,28.171567916870117,-7.821481704711914,39.59885025024414,5.41705322265625,55.66585922241211,2.38110613822937,1.1802337169647217,-0.13535279035568237,65.58777618408203,20.064559936523438,0.10031494498252869,-1.6863232851028442,0.654034435749054,0.0,892.7974853515625,44.52070617675781,-8.2481689453125,3.7738823890686035,76.99888610839844,21.590126037597656,28.246137619018555,1.7299641370773315,63.61823654174805,-3.4161007404327393,0.8530491590499878,-0.12278495728969574,-1.2878738641738892,-5.511521816253662,2.2040598392486572,1004.2574462890625,,0.0,0.0,132.942626953125,103.942626953125,2.8577177568617267
2007300N11068,UNNAMED,2007-10-30 00:00:00,11.2,66.2,26.0,,66.0,0,2007,10,2,-0.8660254037844386,0.5000000000000001,-0.10000000000000142,-0.29999999999999716,0.0,-0.5,-5.0,-5.0,-9.0,5.760137466761854,-0.9468290394844667,-0.3217371131668248,-0.09999999999999964,-0.5,-4.0,,,,,,,,,,,26.0,1.0,test,27.976099014282227,-5.961325645446777,36.34373474121094,5.100158214569092,62.391807556152344,-3.1238157749176025,1.0204858779907227,0.49473145604133606,52.337459564208984,19.87091827392578,0.8637768626213074,4.241677284240723,0.6369360089302063,0.0,915.594970703125,36.984615325927734,-6.03851318359375,4.584463119506836,80.24195861816406,21.01556396484375,28.00514793395996,1.3345249891281128,69.25617980957031,-3.884608745574951,0.3610650300979614,-0.5335349440574646,-0.9737116098403931,-6.021224498748779,1.070252776145935,1004.35302734375,,0.0,0.0,129.77366638183594,103.77366638183594,2.832752625062315
2007300N11068,UNNAMED,2007-10-30 03:00:00,11.1,66.0,25.0,,69.0,0,2007,10,2,-0.8660254037844386,0.5000000000000001,-0.20000000000000107,-0.4000000000000057,-0.20000000000000107,-0.5999999999999943,-4.0,-6.0,-10.0,8.164184610138506,-0.891004168271889,-0.45399512345632004,,,,,,,,,,,,,,25.0,1.0,test,27.993755340576172,-6.393456935882568,31.032682418823242,8.351224899291992,61.74264144897461,-0.4641216993331909,0.7375732660293579,0.0012969970703125,55.706642150878906,20.644628524780273,3.376110792160034,4.088232517242432,0.5755249261856079,0.0,938.4663696289062,33.974124908447266,-6.6304931640625,4.527883529663086,79.65318298339844,21.84446907043457,28.00304412841797,0.5608089566230774,70.28250122070312,-4.275750160217285,0.4878900349140167,-0.7948080897331238,-0.6453701257705688,-6.5802130699157715,0.9778551459312439,1006.20361328125,,0.0,0.0,129.74356079101562,104.74356079101562,2.807778864207139
2007300N11068,UNNAMED,2007-10-30 06:00:00,11.1,65.7,22.0,,72.0,0,2007,10,2,-0.8660254037844386,0.5000000000000001,-0.09999999999999964,-0.5,-0.20000000000000107,-0.7999999999999972,-4.0,-9.0,-13.0,9.279839611560236,-0.9798556363399619,-0.199707115378517,,,,,,,,,,,,,,22.0,1.0,test,28.013364791870117,-6.036852836608887,25.212303161621094,9.972344398498535,69.2522964477539,1.766470193862915,1.0232690572738647,-0.1865856945514679,50.808982849121094,21.36785125732422,2.2669873237609863,1.907251000404358,0.34911131858825684,0.0,969.033935546875,37.27495193481445,-6.430908203125,5.499910831451416,82.05751037597656,22.528852462768555,27.990468978881836,1.0690714120864868,73.66292572021484,-4.5776262283325195,0.7286210060119629,-1.0743911266326904,-0.18083249032497406,-6.971503734588623,1.0290662050247192,1006.9694213867188,,0.0,0.0,129.95994567871094,107.95994567871094,2.807778864207139
2007314N10093,SIDR,2007-11-10 12:00:00,9.7,93.0,18.0,1004.0,6.0,1,2007,11,2,-0.5000000000000004,0.8660254037844384,0.09999999999999964,-0.20000000000000284,,,5.0,,,4.096665743217765,-0.8918252396418855,0.4523800856997282,0.10000000000000142,-0.29999999999999716,4.0,0.3000000000000007,-0.5,8.0,0.40000000000000036,-0.7999999999999972,13.0,0.40000000000000036,-1.0999999999999943,7.0,0.0,115.0,6.0,test,28.5068416595459,-2.0533814430236816,12.112770080566406,14.074424743652344,96.14530181884766,2.8013880252838135,7.0424041748046875,0.665454089641571,18.664453506469727,21.075611114501953,-1.500732421875,-0.88348388671875,2.4261717796325684,1.1920928955078125e-07,284.7497253417969,41.592735290527344,-3.478271484375,10.142688751220703,91.65876007080078,12.928083419799805,28.51310157775879,2.911426067352295,83.74833679199219,-1.7341707944869995,2.165464401245117,-0.7565326690673828,0.02104436233639717,-2.182147741317749,3.5044970512390137,1007.9946899414062,3.99468994140625,0.08002086728811264,0.0,137.28421020507812,119.28421020507812,2.4572828094519106
2007314N10093,SIDR,2007-11-10 15:00:00,9.7,92.9,20.0,1004.0,9.0,1,2007,11,2,-0.5000000000000004,0.8660254037844384,0.0,-0.19999999999998863,,,4.0,,,3.6535099081776283,-1.0,6.123233995736766e-17,0.20000000000000107,-0.30000000000001137,5.0,0.40000000000000036,-0.5,9.0,0.40000000000000036,-0.8000000000000114,5.0,0.40000000000000036,-1.1000000000000085,5.0,0.0,115.0,6.0,test,28.529342651367188,-2.6787500381469727,21.181150436401367,17.719202041625977,96.28894805908203,0.09043379127979279,5.034316539764404,0.8158044219017029,23.5067195892334,21.68668556213379,2.337836980819702,-1.746860384941101,2.157402276992798,7.96318033735588e-07,284.26873779296875,41.43301010131836,-3.885986328125,8.069973945617676,89.44803619384766,13.815765380859375,28.52012062072754,3.461729049682617,80.52197265625,-1.9317580461502075,2.1874289512634277,-1.1543546915054321,0.21677885949611664,-2.2160696983337402,3.4587647914886475,1010.1914672851562,6.19146728515625,0.0014202946331351995,0.0,137.53900146484375,117.53900146484375,2.4572828094519106
2007314N10093,SIDR,2007-11-10 18:00:00,9.8,92.7,22.0,1004.0,12.0,1,2007,11,2,-0.5000000000000004,0.8660254037844384,0.10000000000000142,-0.29999999999999716,0.20000000000000107,-0.5,4.0,9.0,,5.783582782287475,-0.9472712278576001,0.3204328648455939,0.1999999999999993,-0.20000000000000284,4.0,0.29999999999999893,-0.5,9.0,0.29999999999999893,-0.7999999999999972,3.0,0.5999999999999996,-1.2000000000000028,8.0,0.0,115.0,6.0,test,28.586647033691406,-2.8629443645477295,26.304073333740234,20.403949737548828,92.17271423339844,-2.9173319339752197,5.903268337249756,0.7336798310279846,24.620038986206055,21.223461151123047,-0.2724316418170929,-1.661777377128601,2.3379907608032227,0.0,272.6781005859375,39.10273361206055,-4.10546875,7.627469539642334,88.39414978027344,14.547481536865234,28.541187286376953,3.5861504077911377,80.36537170410156,-1.6757975816726685,2.077378749847412,-0.9949342012405396,0.31125935912132263,-1.8423409461975098,3.21090030670166,1009.4111328125,5.4111328125,0.0009014888782985508,0.0,138.01206970214844,116.01206970214844,2.4823693777372524
2007314N10093,SIDR,2007-11-10 21:00:00,9.9,92.6,25.0,1004.0,15.0,1,2007,11,2,-0.5000000000000004,0.8660254037844384,0.20000000000000107,-0.30000000000001137,0.20000000000000107,-0.5,5.0,9.0,,6.613263215384503,-0.8281783739301498,0.5604646116878503,0.1999999999999993,-0.19999999999998863,4.0,0.1999999999999993,-0.5,0.0,0.1999999999999993,-0.7999999999999972,0.0,0.5,-1.2999999999999972,5.0,0.0,115.0,6.0,test,28.609458923339844,-3.218879461288452,27.73988914489746,15.038322448730469,91.6924057006836,1.595354437828064,7.873652458190918,0.842698335647583,26.550819396972656,21.564666748046875,-3.7947826385498047,-1.1560449600219727,2.627187490463257,0.0,262.0917663574219,35.31465148925781,-4.20465087890625,10.499428749084473,88.4580307006836,15.307640075683594,28.563796997070312,3.050144910812378,80.66099548339844,-1.3376983404159546,1.782089114189148,-0.7382471561431885,0.12304071336984634,-1.4171369075775146,2.8203489780426025,1007.95947265625,3.95947265625,0.001200566184706986,0.0,138.54241943359375,113.54241943359375,2.507448384294965
2007314N10093,SIDR,2007-11-11 00:00:00,10.0,92.5,26.0,1004.0,18.0,1,2007,11,2,-0.5000000000000004,0.8660254037844384,0.1999999999999993,-0.20000000000000284,0.3000000000000007,-0.5,4.0,8.0,,5.202117724813264,-0.7016738431598697,0.7124982932086635,0.09999999999999964,-0.29999999999999716,5.0,0.09999999999999964,-0.5999999999999943,-1.0,0.40000000000000036,-1.0,4.0,0.5,-1.2999999999999972,4.0,0.0,115.0,6.0,test,28.520660400390625,-4.05670166015625,31.0013484954834,12.388021469116211,94.2918472290039,2.858412265777588,10.182388305664062,0.739837646484375,36.1064453125,21.68377685546875,-2.49810791015625,-2.57940673828125,2.357696533203125,0.0,251.54876708984375,36.134517669677734,-4.41546630859375,14.023295402526855,89.47361755371094,14.783224105834961,28.527074813842773,3.679542303085327,81.81765747070312,-2.110811233520508,1.678491473197937,-1.178919792175293,0.19339191913604736,-2.441451072692871,2.5912439823150635,1008.772705078125,4.772705078125,0.0,0.0,137.50296020507812,111.50296020507812,2.5325197527300456
2007314N10093,SIDR,2007-11-11 03:00:00,10.1,92.4,29.0,1004.0,21.0,1,2007,11,2,-0.5000000000000004,0.8660254037844384,0.1999999999999993,-0.19999999999998863,0.40000000000000036,-0.5,4.0,9.0,,5.201325667428451,-0.7015636531713553,0.7126067923819295,0.0,-0.30000000000001137,-4.0,0.0,-0.6000000000000085,-4.0,0.3000000000000007,-1.1000000000000085,1.0,0.40000000000000036,-1.6000000000000085,6.0,0.0,115.0,6.0,test,28.53136444091797,-4.628727912902832,29.902257919311523,9.972926139831543,86.25232696533203,-0.631945013999939,8.33719539642334,0.46530577540397644,40.44550704956055,21.347312927246094,0.45366454124450684,-3.1983251571655273,2.1412267684936523,0.0,242.189697265625,33.75358581542969,-4.9195556640625,14.280193328857422,88.1136245727539,14.896533966064453,28.54909324645996,3.209632396697998,80.51909637451172,-2.5282328128814697,1.6565345525741577,-1.4845439195632935,0.2590879201889038,-2.9704763889312744,2.511535167694092,1010.6095581054688,6.60955810546875,0.0,0.0,137.7891845703125,108.7891845703125,2.5575834066707586
2007314N10093,SIDR,2007-11-11 06:00:00,10.1,92.2,31.0,1004.0,24.0,1,2007,11,2,-0.5000000000000004,0.8660254037844384,0.09999999999999964,-0.29999999999999716,0.29999999999999893,-0.5,5.0,9.0,18.0,5.778818224513173,-0.947181818532445,0.3206970574258056,0.0,-0.29999999999999716,-6.0,0.3000000000000007,-0.7000000000000028,-1.0,0.40000000000000036,-1.0,-1.0,0.8000000000000007,-1.7000000000000028,9.0,0.0,115.0,6.0,test,28.54710578918457,-4.682968616485596,34.143287658691406,12.675812721252441,89.14134216308594,-2.759610652923584,9.759119033813477,0.5235754251480103,41.273319244384766,21.25950050354004,-0.855725109577179,-3.3956665992736816,2.2258520126342773,0.0,246.10769653320312,36.24335479736328,-5.0413818359375,12.218205451965332,88.92268371582031,14.781126976013184,28.563949584960938,3.1859614849090576,81.25395965576172,-2.409061908721924,1.4512546062469482,-1.3892924785614014,0.19556762278079987,-2.8558833599090576,2.2522470951080322,1009.2376708984375,5.2376708984375,0.0,0.0,138.02818298339844,107.02818298339844,2.5575834066707586
2007314N10093,SIDR,2007-11-11 09:00:00,10.1,92.1,25.0,1004.0,27.0,1,2007,11,2,-0.5000000000000004,0.8660254037844384,0.0,-0.30000000000001137,0.1999999999999993,-0.5,-4.0,0.0,9.0,5.473591554863081,-1.0,6.123233995736766e-17,0.0,-0.29999999999999716,0.0,0.3000000000000007,-0.7999999999999972,5.0,0.40000000000000036,-1.2999999999999972,10.0,0.8000000000000007,-1.6999999999999886,20.0,0.0,115.0,6.0,test,28.546480178833008,-4.981496810913086,30.321292877197266,10.606701850891113,84.3161392211914,1.8306978940963745,5.365617275238037,0.14179199934005737,40.70668029785156,21.735515594482422,-4.459313869476318,-4.092353343963623,2.002568244934082,0.0,248.8651123046875,39.580162048339844,-5.3077392578125,11.710724830627441,88.27310180664062,15.041354179382324,28.570009231567383,3.468547821044922,78.79405975341797,-2.1449124813079834,1.2802248001098633,-1.1198409795761108,-0.1046835258603096,-2.627610445022583,2.2212657928466797,1007.0631103515625,3.0631103515625,0.0,0.0,138.14825439453125,113.14825439453125,2.5575834066707586
2007314N10093,SIDR,2007-11-11 12:00:00,10.1,91.9,25.0,1004.0,30.0,1,2007,11,2,-0.5000000000000004,0.8660254037844384,0.0,-0.29999999999999716,0.09999999999999964,-0.5999999999999943,-6.0,-1.0,7.0,5.473591554862821,-1.0,6.123233995736766e-17,0.3000000000000007,-0.4000000000000057,5.0,0.40000000000000036,-0.7000000000000028,5.0,0.8000000000000007,-1.4000000000000057,15.0,1.200000000000001,-1.8000000000000114,30.0,1.0,115.0,6.0,test,28.541715621948242,-5.557119369506836,33.14948272705078,10.287466049194336,83.4043960571289,-2.166860342025757,1.8475341796875,0.7094836235046387,45.1828498840332,21.466238021850586,-2.7857251167297363,-3.8238329887390137,2.1867029666900635,0.0,255.35934448242188,46.37716293334961,-6.02606201171875,11.583880424499512,86.68888854980469,14.38044548034668,28.58763313293457,3.037306547164917,77.80010223388672,-2.535233736038208,1.120653510093689,-1.4930360317230225,-0.4005104601383209,-2.976402997970581,2.137399196624756,1008.095458984375,4.095458984375,0.0,0.0,138.41854858398438,113.41854858398438,2.5575834066707586
2007314N10093,SIDR,2007-11-11 15:00:00,10.1,91.8,25.0,1004.0,33.0,1,2007,11,2,-0.5000000000000004,0.8660254037844384,0.0,-0.29999999999999716,0.0,-0.6000000000000085,0.0,-4.0,5.0,5.473591554862821,-1.0,6.123233995736766e-17,0.3000000000000007,-0.5,5.0,0.40000000000000036,-1.0,10.0,0.8000000000000007,-1.3999999999999915,20.0,1.3000000000000007,-1.7999999999999972,30.0,1.0,115.0,6.0,test,28.537574768066406,-5.450415134429932,32.39628219604492,5.86793327331543,82.32347869873047,-3.263200283050537,2.4056596755981445,0.754225492477417,46.05597686767578,22.194265365600586,1.6140356063842773,-3.1383838653564453,1.9141430854797363,0.0,259.09613037109375,47.43400573730469,-6.1314697265625,10.43527889251709,85.45699310302734,13.878804206848145,28.590234756469727,2.5444579124450684,77.1380844116211,-2.917754888534546,1.3438138961791992,-1.9725911617279053,-0.2587449252605438,-3.2808475494384766,2.40165638923645,1009.9545288085938,5.95452880859375,0.0,0.0,138.60877990722656,113.60877990722656,2.5575834066707586
2007314N10093,SIDR,2007-11-11 18:00:00,10.4,91.5,30.0,1002.0,36.0,1,2007,11,2,-0.5000000000000004,0.8660254037844384,0.3000000000000007,-0.4000000000000057,0.3000000000000007,-0.7000000000000028,5.0,-1.0,8.0,9.16911341434184,-0.7951930556050492,0.6063563344416427,0.09999999999999964,-0.29999999999999716,0.0,0.5,-1.0,10.0,0.9000000000000004,-1.4000000000000057,25.0,1.1999999999999993,-1.5,35.0,1.0,115.0,6.0,test,28.622028350830078,-6.33233642578125,34.830692291259766,5.570859432220459,81.59345245361328,-3.9695396423339844,3.7493743896484375,0.5837646722793579,50.809181213378906,21.684167861938477,0.12110595405101776,-3.364123582839966,2.03216552734375,0.0,243.77992248535156,50.5949592590332,-6.69140625,12.526185989379883,85.4261245727539,14.100545883178711,28.665180206298828,3.8340461254119873,76.81881713867188,-2.4681570529937744,1.8383748531341553,-1.7022371292114258,0.22199279069900513,-2.6871399879455566,2.9374806880950928,1009.2618408203125,7.2618408203125,0.0,0.0,139.8483123779297,109.84831237792969,2.6327273181632167
2007314N10093,SIDR,2007-11-11 21:00:00,10.4,91.3,30.0,1002.0,39.0,1,2007,11,2,-0.5000000000000004,0.8660254037844384,0.3000000000000007,-0.5,0.3000000000000007,-0.7999999999999972,5.0,5.0,5.0,10.675962016265935,-0.8536953510642304,0.5207727408105385,0.09999999999999964,-0.5,5.0,0.5,-0.8999999999999915,15.0,1.0,-1.2999999999999972,25.0,1.1999999999999993,-1.2999999999999972,50.0,1.0,115.0,6.0,test,28.65843391418457,-6.489975452423096,41.885719299316406,5.777275085449219,91.09139251708984,-0.38024112582206726,4.41925048828125,0.962095320224762,53.54539108276367,22.20962905883789,-3.3073363304138184,-3.450734853744507,2.325360059738159,0.0,255.75271606445312,48.6248779296875,-6.89410400390625,14.593137741088867,85.57701110839844,14.45637035369873,28.682748794555664,3.79645037651062,77.19023895263672,-2.1380181312561035,1.8557493686676025,-1.42149019241333,0.26348283886909485,-2.3119313716888428,2.9648256301879883,1007.6929321289062,5.69293212890625,0.0,0.0,140.06927490234375,110.06927490234375,2.6327273181632167
2007314N10093,SIDR,2007-11-12 00:00:00,10.5,91.2,30.0,1002.0,42.0,1,2007,11,2,-0.5000000000000004,0.8660254037844384,0.09999999999999964,-0.29999999999999716,0.40000000000000036,-0.7000000000000028,0.0,5.0,4.0,5.772245133603813,-0.9470580936530018,0.32106224824220947,0.40000000000000036,-0.7000000000000028,10.0,0.8000000000000007,-1.1000000000000085,25.0,1.0999999999999996,-1.2000000000000028,35.0,1.5,-1.5,60.0,1.0,115.0,6.0,test,28.602691650390625,-6.400244235992432,39.319236755371094,11.91720199584961,87.60865783691406,-1.5919709205627441,4.772759914398193,0.9082306027412415,53.06035232543945,20.827381134033203,-1.0477294921875,-2.2593750953674316,1.843713402748108,0.0,253.29478454589844,49.441341400146484,-7.16217041015625,16.138029098510742,87.3183364868164,15.655844688415527,28.57720184326172,4.5019073486328125,78.4343490600586,-2.353358268737793,2.318626880645752,-1.2979376316070557,0.5523994565010071,-2.766202449798584,3.5779683589935303,1008.1373901367188,6.13739013671875,0.0,0.0,138.92514038085938,108.92514038085938,2.657759350882577
2007314N10093,SIDR,2007-11-12 03:00:00,10.5,90.8,35.0,1002.0,45.0,1,2007,11,2,-0.5000000000000004,0.8660254037844384,0.09999999999999964,-0.5,0.40000000000000036,-1.0,5.0,10.0,6.0,9.29765668243789,-0.9799335572826856,0.19932441724811711,0.40000000000000036,-0.3999999999999915,10.0,0.9000000000000004,-0.7999999999999972,20.0,1.0999999999999996,-0.7999999999999972,45.0,1.5999999999999996,-1.0999999999999943,55.0,1.0,115.0,6.0,test,28.641754150390625,-6.849816799163818,39.95499038696289,7.2081475257873535,93.86064147949219,-1.3231045007705688,8.369918823242188,2.037558078765869,58.337890625,22.172582626342773,2.1767578125,-2.7183470726013184,2.612011671066284,0.0,281.8432922363281,56.383270263671875,-8.3770751953125,14.235960960388184,84.22589874267578,15.56070613861084,28.607898712158203,5.317087650299072,73.4682846069336,-2.4048144817352295,2.3127593994140625,-1.435010313987732,0.703117311000824,-2.7121753692626953,3.4875855445861816,1010.1098022460938,8.10980224609375,0.0,0.0,139.27923583984375,104.27923583984375,2.657759350882577
2007314N10093,SIDR,2007-11-12 06:00:00,10.9,90.5,40.0,998.0,48.0,1,2007,11,2,-0.5000000000000004,0.8660254037844384,0.40000000000000036,-0.7000000000000028,0.5,-1.0,10.0,10.0,9.0,14.738628541282068,-0.8643073440959885,0.5029640294710332,0.40000000000000036,-0.4000000000000057,15.0,0.6999999999999993,-0.5,25.0,1.0999999999999996,-0.7999999999999972,50.0,1.4000000000000004,-0.7999999999999972,50.0,1.0,115.0,6.0,test,28.777301788330078,-8.375353813171387,57.7304573059082,5.496137619018555,90.61123657226562,7.323454856872559,6.309704780578613,1.1926300525665283,66.5718765258789,21.592479705810547,-0.945019543170929,-4.737524509429932,2.451556444168091,0.0,279.1714172363281,59.359153747558594,-8.89031982421875,15.471295356750488,82.66413879394531,14.696465492248535,28.684951782226562,5.318072319030762,73.44701385498047,-1.5679535865783691,2.3355469703674316,-0.7918532490730286,0.7998156547546387,-1.7159920930862427,3.499553918838501,1009.0914306640625,11.0914306640625,0.0,0.0,141.13275146484375,101.13275146484375,2.757805759653173
2007314N10093,SIDR,2007-11-12 09:00:00,10.9,90.4,45.0,996.0,51.0,1,2007,11,2,-0.5000000000000004,0.8660254037844384,0.40000000000000036,-0.3999999999999915,0.5,-0.8999999999999915,10.0,15.0,20.0,10.389427040679172,-0.7006411334058251,0.7135138416175266,0.5,-0.4000000000000057,10.0,0.6999999999999993,-0.4000000000000057,35.0,1.1999999999999993,-0.7000000000000028,45.0,2.0,-0.8000000000000114,45.0,1.0,115.0,6.0,test,28.76487922668457,-7.476953029632568,45.11503601074219,15.36098861694336,89.57278442382812,-1.778387427330017,8.184128761291504,1.8561675548553467,54.802696228027344,22.899089813232422,-2.8178954124450684,-3.4946630001068115,2.8334667682647705,0.0,288.1076965332031,61.323577880859375,-9.048095703125,15.267464637756348,79.9015884399414,13.796610832214355,28.69525718688965,5.1200785636901855,69.93839263916016,-1.003419041633606,2.116917610168457,-0.02382170408964157,0.5790144801139832,-1.2948731184005737,3.305056571960449,1006.8284301757812,10.82843017578125,0.0,0.0,141.0869140625,96.0869140625,2.757805759653173
2007314N10093,SIDR,2007-11-12 12:00:00,11.3,90.1,55.0,992.0,54.0,1,2007,11,2,-0.5000000000000004,0.8660254037844384,0.40000000000000036,-0.4000000000000057,0.8000000000000007,-1.1000000000000085,15.0,25.0,30.0,10.382448655240468,-0.7001524115543801,0.7139934177529832,0.29999999999999893,-0.09999999999999432,10.0,0.6999999999999993,-0.3999999999999915,35.0,1.0,-0.3999999999999915,35.0,1.6999999999999993,-0.5,35.0,1.0,115.0,6.0,test,28.853824615478516,-9.509845733642578,59.85077667236328,12.403185844421387,93.7506332397461,0.5038479566574097,9.487149238586426,2.5101404190063477,80.21519470214844,21.508638381958008,-3.645066022872925,-6.2921142578125,2.039501905441284,0.0,296.583251953125,73.11067199707031,-10.11749267578125,18.662302017211914,81.17913055419922,14.725391387939453,28.765575408935547,6.43989896774292,68.73542022705078,-1.118558645248413,2.4948034286499023,0.21288500726222992,-0.03991050273180008,-1.5571987628936768,4.385174751281738,1007.3237915039062,15.32379150390625,0.0,0.0,142.05453491210938,87.05453491210938,2.8577177568617267
2007314N10093,SIDR,2007-11-12 15:00:00,11.4,90.0,55.0,992.0,57.0,1,2007,11,2,-0.5000000000000004,0.8660254037844384,0.5,-0.4000000000000057,0.9000000000000004,-0.7999999999999972,10.0,20.0,30.0,11.775782257906,-0.6170927806169472,0.7868903990457912,0.1999999999999993,0.0,25.0,0.6999999999999993,-0.29999999999999716,35.0,1.5,-0.4000000000000057,35.0,1.799999999999999,-0.5,35.0,1.0,115.0,6.0,test,28.850543975830078,-10.648193359375,71.40917205810547,10.220568656921387,91.9255599975586,1.5117777585983276,7.370562553405762,2.8850340843200684,90.25215148925781,21.846160888671875,-0.25084227323532104,-6.934863090515137,1.7020995616912842,0.0,302.76531982421875,83.10787200927734,-11.1876220703125,18.1890926361084,79.45536041259766,15.548510551452637,28.78509521484375,5.7082438468933105,65.97550201416016,-1.0296889543533325,2.7584965229034424,0.1070222482085228,-0.13365846872329712,-1.2473186254501343,4.893498420715332,1009.1233520507812,17.12335205078125,0.0,0.0,142.5289306640625,87.5289306640625,2.882674183557252
2007314N10093,SIDR,2007-11-12 18:00:00,11.6,90.0,65.0,986.0,60.0,1,2007,11,2,-0.5000000000000004,0.8660254037844384,0.29999999999999893,-0.09999999999999432,0.6999999999999993,-0.5,10.0,25.0,35.0,5.848631408155305,-0.31039703216525133,0.9506070073500426,0.40000000000000036,-0.29999999999999716,25.0,0.7000000000000011,-0.29999999999999716,25.0,1.4000000000000004,-0.4000000000000057,25.0,2.0,-0.5,25.0,0.0,115.0,6.0,test,28.85601234436035,-10.405713081359863,73.50005340576172,13.74593448638916,83.85812377929688,14.829557418823242,17.36783790588379,2.3341643810272217,83.59199523925781,22.25079345703125,0.14334717392921448,-5.117041110992432,1.8758544921875,0.0,296.5912170410156,79.00555419921875,-10.593017578125,20.615510940551758,75.98870849609375,14.695272445678711,28.813310623168945,4.687493324279785,61.420372009277344,-0.6524679660797119,3.0234158039093018,0.17728441953659058,0.1263248473405838,-0.6290257573127747,5.105023384094238,1008.4388427734375,22.4388427734375,0.0,0.0,142.76597595214844,77.76597595214844,2.932560617576978
2007314N10093,SIDR,2007-11-12 21:00:00,11.6,90.0,80.0,980.0,63.0,1,2007,11,2,-0.5000000000000004,0.8660254037844384,0.1999999999999993,0.0,0.6999999999999993,-0.4000000000000057,25.0,35.0,50.0,3.7064999999999864,0.0,1.0,0.5,-0.29999999999999716,10.0,1.3000000000000007,-0.4000000000000057,10.0,1.5999999999999996,-0.5,10.0,2.4000000000000004,-0.5,10.0,0.0,115.0,6.0,test,28.85601234436035,-10.2203369140625,56.512451171875,12.879100799560547,60.30534362792969,3.3419158458709717,13.08288288116455,0.5648132562637329,72.17500305175781,23.020030975341797,-2.1772828102111816,-2.746142625808716,1.566796898841858,0.0,296.5912170410156,93.69249725341797,-12.29705810546875,22.59039306640625,72.91667938232422,14.171148300170898,28.813310623168945,4.5356292724609375,60.365760803222656,-0.34713685512542725,2.855616569519043,0.5277986526489258,0.19703008234500885,-0.38027700781822205,4.666629791259766,1006.9388427734375,26.9388427734375,0.0,0.0,142.76597595214844,62.76597595214844,2.932560617576978
2007314N10093,SIDR,2007-11-13 00:00:00,12.0,89.7,90.0,968.0,66.0,1,2007,11,2,-0.5000000000000004,0.8660254037844384,0.40000000000000036,-0.29999999999999716,0.6999999999999993,-0.3999999999999915,25.0,35.0,60.0,9.193867448538828,-0.5915090851178217,0.8062983332632392,0.3000000000000007,0.0,0.0,1.0,-0.10000000000000853,0.0,1.5999999999999996,-0.20000000000000284,0.0,2.4000000000000004,-0.20000000000000284,0.0,0.0,115.0,6.0,test,28.47759437561035,-12.935083389282227,84.5199966430664,9.3198881149292,75.0404281616211,-0.39129504561424255,41.373817443847656,1.5753997564315796,93.33027648925781,23.076763153076172,-6.647265434265137,-7.674365043640137,1.2365233898162842,0.0,319.9031677246094,92.03123474121094,-13.021728515625,22.865123748779297,74.69876861572266,15.239317893981934,28.511802673339844,4.262786388397217,62.32415771484375,-0.2881816625595093,3.180570125579834,1.001009464263916,0.19089284539222717,-0.584955632686615,5.059030532836914,1007.1846313476562,39.18463134765625,0.0,0.0,137.61289978027344,47.61289978027344,3.032225681224366
2007314N10093,SIDR,2007-11-13 03:00:00,12.1,89.7,90.0,968.0,69.0,1,2007,11,2,-0.5000000000000004,0.8660254037844384,0.5,-0.29999999999999716,0.6999999999999993,-0.29999999999999716,10.0,35.0,55.0,10.743183396318955,-0.506016713112361,0.8625236727481528,0.8000000000000007,-0.10000000000000853,0.0,1.0999999999999996,-0.20000000000000284,0.0,1.9000000000000004,-0.20000000000000284,0.0,2.5,-0.29999999999999716,0.0,0.0,115.0,6.0,test,28.49665641784668,-11.747077941894531,67.95939636230469,9.534512519836426,80.69365692138672,-1.1169747114181519,12.985899925231934,1.6549859046936035,87.7822265625,23.7740421295166,1.9950634241104126,-5.249333381652832,1.017333984375,0.0,319.41864013671875,85.12445068359375,-12.82940673828125,18.93425750732422,75.08031463623047,15.954550743103027,28.531518936157227,4.488994121551514,62.86444854736328,-0.5850047469139099,3.2219960689544678,0.6215171217918396,0.29406312108039856,-0.9243449568748474,4.9973464012146,1009.4680786132812,41.46807861328125,0.0,0.0,137.71388244628906,47.71388244628906,3.0571190451019183
2007314N10093,SIDR,2007-11-13 06:00:00,12.3,89.7,90.0,968.0,72.0,1,2007,11,2,-0.5000000000000004,0.8660254037844384,0.3000000000000007,0.0,0.7000000000000011,-0.29999999999999716,0.0,25.0,50.0,5.559750000000013,0.0,1.0,0.6999999999999993,-0.10000000000000853,0.0,1.299999999999999,-0.20000000000000284,0.0,2.0999999999999996,-0.20000000000000284,0.0,2.6999999999999993,-0.29999999999999716,0.0,0.0,115.0,6.0,test,28.534820556640625,-11.55477523803711,61.48469924926758,11.90287971496582,85.08232879638672,2.0843493938446045,4.15666389465332,1.4468426704406738,83.14222717285156,23.424182891845703,1.7247461080551147,-6.811716079711914,1.1516125202178955,0.0,318.69183349609375,72.22056579589844,-12.99462890625,19.756656646728516,74.63727569580078,14.394064903259277,28.571388244628906,3.1599690914154053,64.33660125732422,-0.2122928947210312,3.2371606826782227,0.68096923828125,0.476857453584671,-0.4560376703739166,4.909392356872559,1008.1603393554688,40.16033935546875,0.0,0.0,138.38661193847656,48.38661193847656,3.1068777595115136
2007314N10093,SIDR,2007-11-13 09:00:00,12.9,89.6,90.0,964.0,75.0,1,2007,11,2,-0.5000000000000004,0.8660254037844384,0.8000000000000007,-0.10000000000000853,1.3000000000000007,-0.4000000000000057,0.0,10.0,45.0,14.935649708005156,-0.12095062608269441,0.9926585243930585,0.29999999999999893,-0.09999999999999432,0.0,1.0999999999999996,-0.09999999999999432,0.0,1.6999999999999993,-0.19999999999998863,0.0,2.5,-0.19999999999998863,0.0,0.0,115.0,6.0,test,28.694000244140625,-11.706721305847168,67.87255096435547,5.648371696472168,85.93190002441406,3.318755626678467,23.639659881591797,2.6451220512390137,88.15777587890625,22.37757110595703,-5.538383960723877,-9.734711647033691,1.2979785203933716,0.0,329.84490966796875,73.38044738769531,-11.84112548828125,18.90411376953125,77.88931274414062,13.31367301940918,28.69773292541504,2.72171688079834,68.14230346679688,0.5427624583244324,3.4287896156311035,0.9417346119880676,0.5243774652481079,0.5604135990142822,5.242685794830322,1006.20361328125,42.20361328125,0.0,0.0,140.9775390625,50.9775390625,3.255924341926917
2007314N10093,SIDR,2007-11-13 12:00:00,13.0,89.6,90.0,964.0,78.0,1,2007,11,2,-0.5000000000000004,0.8660254037844384,0.6999999999999993,-0.10000000000000853,1.0,-0.10000000000000853,0.0,0.0,35.0,13.097823498636673,-0.13786651826170568,0.9904508181340428,0.5999999999999996,-0.09999999999999432,0.0,1.4000000000000004,-0.09999999999999432,0.0,2.0,-0.19999999999998863,0.0,2.9000000000000004,-0.5,0.0,0.0,115.0,6.0,test,28.724079132080078,-12.498779296875,69.90994262695312,9.489051818847656,84.17696380615234,9.994264602661133,15.533056259155273,2.8581268787384033,94.1021499633789,22.277917861938477,-4.145764350891113,-9.282007217407227,1.3817260265350342,0.0,330.3143615722656,90.11640167236328,-13.77801513671875,15.873523712158203,79.10948181152344,14.283333778381348,28.719635009765625,2.936366558074951,67.75135040283203,-0.04331252723932266,3.314594268798828,0.9932959079742432,0.3410646915435791,-0.4214101731777191,5.153378486633301,1006.110107421875,42.110107421875,0.0,0.0,141.19644165039062,51.196441650390625,3.280731166761796
2007314N10093,SIDR,2007-11-13 15:00:00,13.2,89.5,90.0,964.0,81.0,1,2007,11,2,-0.5000000000000004,0.8660254037844384,0.29999999999999893,-0.09999999999999432,1.0999999999999996,-0.20000000000000284,0.0,0.0,35.0,5.84519159573878,-0.3086785218580223,0.9511664261019448,0.8000000000000007,0.0,0.0,1.4000000000000004,-0.09999999999999432,0.0,2.200000000000001,-0.09999999999999432,0.0,2.900000000000002,-0.4000000000000057,0.0,0.0,115.0,6.0,test,28.798686981201172,-12.679797172546387,69.01168060302734,10.357254981994629,76.6194839477539,-5.081208229064941,18.200414657592773,2.4916229248046875,96.11933898925781,22.337682723999023,-0.296142578125,-8.210497856140137,1.3763306140899658,0.0,343.4337158203125,84.09603118896484,-13.8828125,17.49977684020996,81.43785095214844,15.434537887573242,28.763330459594727,3.9509029388427734,70.59357452392578,-0.13158750534057617,3.495001792907715,0.6458189487457275,0.29628786444664,-0.317970871925354,5.462926387786865,1008.20751953125,44.20751953125,0.0,0.0,142.0072479248047,52.00724792480469,3.330314759867825
2007314N10093,SIDR,2007-11-13 18:00:00,13.6,89.5,90.0,964.0,84.0,1,2007,11,2,-0.5000000000000004,0.8660254037844384,0.5999999999999996,-0.09999999999999432,1.299999999999999,-0.20000000000000284,0.0,0.0,25.0,11.264453564785947,-0.15990893068733755,0.9871317712881256,0.8000000000000007,0.0,0.0,1.4000000000000004,-0.09999999999999432,0.0,2.3000000000000007,-0.4000000000000057,0.0,3.0000000000000018,-0.4000000000000057,15.0,0.0,115.0,6.0,test,28.900249481201172,-13.094995498657227,69.10881042480469,5.301163673400879,79.07237243652344,-5.89206600189209,19.17629623413086,2.2523467540740967,98.9423828125,21.871002197265625,0.5596069097518921,-9.118616104125977,1.60626220703125,0.0,352.7403564453125,83.84149169921875,-13.9334716796875,19.722646713256836,82.94052124023438,14.77363395690918,28.821226119995117,3.851616144180298,70.17822265625,0.27463310956954956,3.862262725830078,0.48114120960235596,0.7370976209640503,0.5046355724334717,5.759598731994629,1007.8499755859375,43.8499755859375,0.0,0.0,143.28343200683594,53.28343200683594,3.4293596059107934
2007314N10093,SIDR,2007-11-13 21:00:00,14.0,89.5,90.0,964.0,87.0,1,2007,11,2,-0.5000000000000004,0.8660254037844384,0.8000000000000007,0.0,1.0999999999999996,-0.09999999999999432,0.0,0.0,10.0,14.826000000000013,0.0,1.0,0.5999999999999996,-0.09999999999999432,0.0,1.4000000000000004,-0.09999999999999432,0.0,2.1000000000000014,-0.4000000000000057,0.0,3.1000000000000014,-0.4000000000000057,15.0,0.0,115.0,6.0,test,28.943023681640625,-13.36505126953125,72.0969009399414,5.032207012176514,80.05335235595703,-6.039596080780029,41.78953552246094,1.964569091796875,87.609375,21.9375,-4.99127197265625,-9.99688720703125,1.79156494140625,0.0,366.93377685546875,85.12271881103516,-13.776123046875,20.965255737304688,78.23699188232422,13.557306289672852,28.865081787109375,3.494060754776001,63.176937103271484,0.6364233493804932,3.8129703998565674,0.33846184611320496,0.9805182218551636,1.1855469942092896,5.497774124145508,1006.1058959960938,42.10589599609375,0.0,0.0,144.5061492919922,54.50614929199219,3.5282373098046738
2007314N10093,SIDR,2007-11-14 00:00:00,14.4,89.5,90.0,964.0,90.0,1,2007,11,2,-0.5000000000000004,0.8660254037844384,0.8000000000000007,0.0,1.4000000000000004,-0.09999999999999432,0.0,0.0,0.0,14.826000000000013,0.0,1.0,0.5999999999999996,-0.09999999999999432,0.0,1.5,-0.4000000000000057,0.0,2.200000000000001,-0.4000000000000057,15.0,3.299999999999999,-0.4000000000000057,15.0,0.0,115.0,6.0,test,28.683990478515625,-15.46661376953125,73.77251434326172,3.970745801925659,86.15617370605469,-4.323286533355713,66.85581970214844,2.714184522628784,104.1957015991211,21.45501708984375,-7.961022853851318,-12.036877632141113,1.731481909751892,0.0,386.17041015625,87.46427917480469,-16.35687255859375,24.434152603149414,76.27220916748047,15.370625495910645,28.55669403076172,4.191412448883057,63.598819732666016,0.5265359878540039,4.06629753112793,0.37421512603759766,1.0085123777389526,0.9411264061927795,5.795230865478516,1006.7481689453125,42.7481689453125,0.0,0.0,140.5592803955078,50.55928039550781,3.6269430523896755
2007314N10093,SIDR,2007-11-14 03:00:00,14.6,89.4,90.0,964.0,93.0,1,2007,11,2,-0.5000000000000004,0.8660254037844384,0.5999999999999996,-0.09999999999999432,1.4000000000000004,-0.09999999999999432,0.0,0.0,0.0,11.263196215554744,-0.15922718435099914,0.9872419681940456,0.8000000000000007,0.0,0.0,1.5000000000000018,-0.30000000000001137,0.0,2.5000000000000018,-0.30000000000001137,15.0,3.700000000000001,-0.30000000000001137,25.0,0.0,115.0,6.0,test,28.746490478515625,-15.84981918334961,80.01484680175781,5.494228363037109,85.51168060302734,-1.0884044170379639,37.14261245727539,3.2435150146484375,106.5814437866211,21.69634246826172,-2.9708032608032227,-11.32544231414795,0.8283447027206421,0.0,406.2294921875,83.25988006591797,-15.98284912109375,22.64474105834961,73.20436096191406,15.519641876220703,28.578012466430664,4.063894271850586,57.886470794677734,0.10246488451957703,4.274240970611572,-0.0647992268204689,1.1369181871414185,0.47470611333847046,6.030786991119385,1008.9544067382812,44.95440673828125,0.0,0.0,141.0020294189453,51.00202941894531,3.676229934489218
2007314N10093,SIDR,2007-11-14 06:00:00,15.0,89.4,90.0,964.0,96.0,1,2007,11,2,-0.5000000000000004,0.8660254037844384,0.5999999999999996,-0.09999999999999432,1.4000000000000004,-0.09999999999999432,0.0,0.0,0.0,11.262670445099268,-0.1589411717492846,0.9872880551910695,0.9000000000000004,-0.30000000000001137,0.0,1.6000000000000014,-0.30000000000001137,15.0,2.6999999999999993,-0.30000000000001137,15.0,4.399999999999999,-0.30000000000001137,25.0,0.0,115.0,6.0,test,28.845123291015625,-15.760339736938477,79.27153778076172,2.961780548095703,83.82604217529297,4.613871097564697,28.801340103149414,3.1978087425231934,109.15800476074219,21.694477081298828,-2.681506395339966,-12.57000732421875,1.649877905845642,0.0,430.32110595703125,83.851318359375,-15.82611083984375,21.116180419921875,71.00790405273438,14.684247016906738,28.622407913208008,2.8719217777252197,56.63751220703125,0.44283220171928406,4.533262729644775,-0.008225512690842152,1.4167300462722778,0.9651550650596619,6.267040729522705,1008.186767578125,44.186767578125,0.0,0.0,142.2918701171875,52.2918701171875,3.774668717584183
2007314N10093,SIDR,2007-11-14 09:00:00,15.4,89.4,90.0,964.0,99.0,1,2007,11,2,-0.5000000000000004,0.8660254037844384,0.8000000000000007,0.0,1.4000000000000004,-0.09999999999999432,0.0,0.0,0.0,14.826000000000013,0.0,1.0,0.7000000000000011,-0.30000000000001137,0.0,1.700000000000001,-0.30000000000001137,15.0,2.9000000000000004,-0.30000000000001137,25.0,4.700000000000001,-0.30000000000001137,25.0,0.0,115.0,6.0,test,28.913677215576172,-15.22586441040039,77.2596664428711,6.139614582061768,81.80880737304688,3.905654191970825,36.13694763183594,3.6095337867736816,111.32937622070312,21.907432556152344,-7.905937671661377,-12.219045639038086,1.6862304210662842,0.0,457.7468566894531,86.04561614990234,-15.70611572265625,21.331907272338867,68.43376159667969,15.673855781555176,28.657024383544922,1.6197278499603271,53.13241195678711,1.0903635025024414,4.646951675415039,0.17804060876369476,1.3592051267623901,1.874782681465149,6.500354290008545,1006.3722534179688,42.37225341796875,0.0,0.0,143.5568084716797,53.55680847167969,3.8729235286511168
2007314N10093,SIDR,2007-11-14 12:00:00,15.9,89.1,90.0,964.0,102.0,1,2007,11,2,-0.5000000000000004,0.8660254037844384,0.9000000000000004,-0.30000000000001137,1.5,-0.4000000000000057,0.0,0.0,0.0,17.51537126773017,-0.30527707143825544,0.9522635715252801,0.7000000000000011,0.0,15.0,1.799999999999999,0.0,15.0,3.4999999999999982,0.0,25.0,5.1,0.10000000000000853,25.0,0.0,115.0,6.0,test,29.008209228515625,-15.620070457458496,86.79096221923828,7.833406448364258,92.69198608398438,-5.02197790145874,58.5096435546875,4.0094523429870605,96.05785369873047,23.5041446685791,-9.349587440490723,-12.096696853637695,1.7580065727233887,0.0,516.7271118164062,87.9952621459961,-15.86676025390625,20.700740814208984,68.02749633789062,15.0155668258667,28.660053253173828,3.517817735671997,46.08559036254883,1.1771142482757568,4.89866304397583,0.136703759431839,1.1734544038772583,2.2162117958068848,7.0165276527404785,1006.7571411132812,42.75714111328125,0.0,0.0,144.5438232421875,54.5438232421875,3.9954760372541736
2007314N10093,SIDR,2007-11-14 15:00:00,16.1,89.1,90.0,964.0,105.0,1,2007,11,2,-0.5000000000000004,0.8660254037844384,0.7000000000000011,-0.30000000000001137,1.5000000000000018,-0.30000000000001137,0.0,0.0,0.0,14.029465953552752,-0.3807480569832512,0.9246788183490952,1.0,0.0,15.0,2.1999999999999993,0.0,25.0,4.0,0.0,25.0,5.5,0.5,25.0,0.0,115.0,6.0,test,29.026491165161133,-15.429167747497559,78.13288879394531,7.448700904846191,88.70327758789062,5.317944049835205,26.075586318969727,3.3243889808654785,101.63218688964844,22.793127059936523,-3.147892951965332,-12.21325397491455,1.3786303997039795,0.0,519.0257568359375,86.4598159790039,-16.15533447265625,19.43516731262207,66.77671813964844,15.013885498046875,28.664226531982422,3.136648416519165,43.10042953491211,0.7339617609977722,5.306435585021973,-0.5068092942237854,1.5639694929122925,1.9141196012496948,7.403459548950195,1009.1620483398438,45.16204833984375,0.0,0.0,144.57069396972656,54.57069396972656,4.044412366692539
2007314N10093,SIDR,2007-11-14 18:00:00,16.6,89.1,105.0,956.0,108.0,1,2007,11,2,-0.5000000000000004,0.8660254037844384,0.7000000000000011,0.0,1.6000000000000014,-0.30000000000001137,15.0,15.0,15.0,12.972750000000019,0.0,1.0,1.0999999999999979,0.0,0.0,2.799999999999997,0.0,10.0,4.399999999999999,0.10000000000000853,10.0,5.899999999999999,1.3000000000000114,-17.0,0.0,115.0,6.0,test,28.999967575073242,-16.273828506469727,80.7497329711914,4.5107550621032715,87.27405548095703,2.4817569255828857,35.274925231933594,3.663818359375,106.44992065429688,22.60538101196289,-5.203166484832764,-13.642753601074219,1.2190173864364624,0.0,481.4404602050781,86.22811126708984,-16.682861328125,19.827547073364258,66.39463806152344,15.45132064819336,28.660890579223633,2.47031307220459,44.13481521606445,1.2189217805862427,5.947591781616211,-0.6011086106300354,2.364736318588257,2.7721168994903564,7.966919422149658,1009.153076171875,53.153076171875,0.0,0.0,144.3590545654297,39.35905456542969,4.166536287907616
2007314N10093,SIDR,2007-11-14 21:00:00,17.1,89.1,105.0,956.0,111.0,1,2007,11,2,-0.5000000000000004,0.8660254037844384,1.0,0.0,1.700000000000001,-0.30000000000001137,15.0,15.0,15.0,18.5325,0.0,1.0,1.1999999999999993,0.0,10.0,3.0,0.0,10.0,4.5,0.5,10.0,6.399999999999999,1.7000000000000028,-35.0,0.0,115.0,6.0,test,28.905006408691406,-16.808462142944336,82.8138198852539,4.1846723556518555,85.68793487548828,0.5571825504302979,43.09421920776367,3.913834810256958,113.28511810302734,22.55670738220215,-10.13589859008789,-14.135407447814941,1.4925048351287842,0.0,439.13446044921875,90.77169799804688,-17.33856201171875,23.10198402404785,68.49427032470703,15.745161056518555,28.63953399658203,2.6465353965759277,48.747291564941406,1.7949397563934326,6.202934265136719,-0.6004499197006226,3.033358335494995,3.7024965286254883,7.964861869812012,1008.2306518554688,52.23065185546875,0.0,0.3785170316696167,143.48117065429688,38.481170654296875,4.288342911252967
2007314N10093,SIDR,2007-11-15 00:00:00,17.7,89.1,105.0,956.0,114.0,1,2007,11,2,-0.5000000000000004,0.8660254037844384,1.0999999999999979,0.0,1.799999999999999,0.0,0.0,15.0,15.0,20.38574999999996,0.0,1.0,1.6999999999999993,0.0,10.0,3.3000000000000007,0.10000000000000853,10.0,4.800000000000001,1.3000000000000114,-17.0,6.100000000000001,1.9000000000000057,-52.0,0.0,115.0,6.0,test,28.650493621826172,-17.092269897460938,85.97415924072266,12.97644329071045,86.87579345703125,6.719668865203857,54.14560317993164,4.274113178253174,118.10433959960938,22.4052677154541,-10.993857383728027,-14.44417953491211,1.2554088830947876,0.0,392.3125915527344,93.70297241210938,-17.801513671875,24.369718551635742,76.9592514038086,16.9661865234375,28.47335433959961,4.534441947937012,60.06125259399414,1.5784622430801392,6.94975471496582,-0.4920801818370819,4.064371585845947,3.149507999420166,8.710022926330566,1009.5631713867188,53.56317138671875,0.0,0.8270415663719177,139.13177490234375,34.13177490234375,4.434078967149535
2007314N10093,SIDR,2007-11-15 03:00:00,18.3,89.1,115.0,944.0,117.0,1,2007,11,2,-0.5000000000000004,0.8660254037844384,1.1999999999999993,0.0,2.1999999999999993,0.0,10.0,25.0,25.0,22.238999999999987,0.0,1.0,1.8000000000000007,0.0,0.0,3.3000000000000007,0.5,0.0,5.199999999999999,1.7000000000000028,-45.0,6.199999999999999,2.4000000000000057,,,115.0,6.0,test,28.44822883605957,-16.32491683959961,70.8371810913086,12.242767333984375,81.55331420898438,10.964653968811035,42.74860382080078,2.557894229888916,103.42222595214844,22.9348201751709,-7.040481090545654,-13.782121658325195,0.8648828268051147,0.0,346.69775390625,91.29630279541016,-18.2626953125,23.33005714416504,78.02023315429688,17.723037719726562,28.38161277770996,3.9664478302001953,65.73238372802734,1.5946905612945557,7.4339776039123535,-0.7273585796356201,4.754386901855469,3.346752405166626,9.082761764526367,1011.69287109375,67.69287109375,0.0,0.982668936252594,137.51583862304688,22.515838623046875,4.579328776319827
2007314N10093,SIDR,2007-11-15 06:00:00,19.4,89.1,115.0,944.0,120.0,1,2007,11,2,-0.5000000000000004,0.8660254037844384,1.6999999999999993,0.0,2.799999999999997,0.0,10.0,10.0,25.0,31.505249999999986,0.0,1.0,1.6000000000000014,0.10000000000000853,0.0,3.1000000000000014,1.3000000000000114,-27.0,4.400000000000002,1.9000000000000057,-62.0,,,,,115.0,6.0,test,28.249439239501953,-17.71173095703125,83.51055145263672,9.80616283416748,88.43829345703125,7.966656684875488,40.6230354309082,4.591522216796875,116.54777526855469,23.334457397460938,-11.933263778686523,-16.721088409423828,1.6210205554962158,0.0,260.66107177734375,89.81497955322266,-18.10552978515625,25.642379760742188,82.65194702148438,18.76935386657715,28.13709259033203,3.001023769378662,73.38805389404297,3.0254268646240234,7.882609844207764,0.022654714062809944,5.168848514556885,5.283666133880615,9.589853286743164,1011.4954223632812,67.49542236328125,0.8751370906829834,0.9991596341133118,133.27426147460938,18.274261474609375,4.844304379618305
2007314N10093,SIDR,2007-11-15 09:00:00,20.1,89.1,115.0,944.0,123.0,1,2007,11,2,-0.5000000000000004,0.8660254037844384,1.8000000000000007,0.0,3.0,0.0,0.0,10.0,25.0,33.358500000000014,0.0,1.0,1.5,0.5,0.0,3.3999999999999986,1.7000000000000028,-45.0,4.399999999999999,2.4000000000000057,,,,,,115.0,6.0,test,27.993228912353516,-17.601205825805664,73.68254852294922,13.23599624633789,68.83740234375,10.290733337402344,30.61751937866211,2.261073589324951,107.25304412841797,25.282337188720703,-15.6693696975708,-16.637365341186523,0.5617150664329529,0.0,184.2159881591797,95.15807342529297,-18.36334228515625,25.159093856811523,82.76837158203125,18.704843521118164,28.03331184387207,0.49696585536003113,72.88167572021484,4.069386959075928,7.417340278625488,0.7574940323829651,4.905168056488037,6.517276763916016,9.024231910705566,1010.3946533203125,66.3946533203125,0.8421512246131897,0.9991729855537415,129.98684692382812,14.986846923828125,5.012001717775542
2007314N10093,SIDR,2007-11-15 12:00:00,21.0,89.2,115.0,944.0,126.0,1,2007,11,2,-0.5000000000000004,0.8660254037844384,1.6000000000000014,0.10000000000000853,3.3000000000000007,0.10000000000000853,0.0,10.0,25.0,29.702433409517933,0.058249703031121675,0.9983020445219905,1.5,1.2000000000000028,-27.0,2.8000000000000007,1.7999999999999972,-62.0,,,,,,,,115.0,6.0,test,27.492290496826172,-15.602770805358887,104.26860046386719,6.996045112609863,69.2118148803711,4.90956449508667,61.65161895751953,1.1078643798828125,109.61210632324219,22.471593856811523,-12.578369140625,-14.466650009155273,1.1721374988555908,0.0,86.59260559082031,134.2498016357422,-18.1134033203125,27.238155364990234,80.07414245605469,19.234161376953125,27.893266677856445,2.416140556335449,68.3690185546875,4.7005109786987305,7.413566589355469,1.4460703134536743,4.393027305603027,7.158883571624756,9.446617126464844,1011.9262084960938,67.92620849609375,0.9857193827629089,0.975940465927124,124.26493835449219,9.264938354492188,5.2265098497585685
2007314N10093,SIDR,2007-11-15 15:00:00,21.6,89.6,115.0,944.0,129.0,1,2007,11,2,-0.5000000000000004,0.8660254037844384,1.5,0.5,3.3000000000000007,0.5,0.0,0.0,25.0,29.103230998105186,0.29603384459007104,0.9551774509782053,1.8999999999999986,1.2000000000000028,-45.0,2.8999999999999986,1.9000000000000057,,,,,,,,,115.0,6.0,test,27.251197814941406,-15.396225929260254,89.0341796875,7.073009967803955,65.48281860351562,7.453083038330078,56.821861267089844,1.3925127983093262,121.09918212890625,20.912071228027344,-8.175554275512695,-14.369726181030273,1.2707128524780273,0.1024809181690216,44.47800064086914,121.8654556274414,-17.01873779296875,28.696250915527344,74.24797058105469,20.31821060180664,27.833051681518555,2.300372362136841,60.93326950073242,5.076023578643799,7.603724002838135,1.4513733386993408,4.356853008270264,7.876987934112549,9.816113471984863,1015.0023193359375,71.0023193359375,0.9907252192497253,1.0,122.837646484375,7.837646484375,5.3688021012638805
2007314N10093,SIDR,2007-11-15 18:00:00,22.5,90.4,88.0,944.0,132.0,1,2007,11,2,-0.5000000000000004,0.8660254037844384,1.5,1.2000000000000028,3.1000000000000014,1.3000000000000114,-27.0,-27.0,-17.0,34.56754353274686,0.5943771186417852,0.8041864465626669,1.3000000000000007,0.5999999999999943,-35.0,,,,,,,,,,,88.0,5.0,test,,-11.242956161499023,57.0560188293457,26.63667106628418,74.04730224609375,23.825069427490234,50.515933990478516,1.0311310291290283,86.734375,18.77935791015625,-4.800622463226318,-9.70550537109375,,0.8524299263954163,0.0,89.39486694335938,-14.10125732421875,29.539716720581055,77.6683349609375,22.534259796142578,27.764982223510742,3.6085803508758545,64.79137420654297,6.395373344421387,7.795611381530762,2.213749647140503,4.32352352142334,9.67042064666748,10.198504447937012,1015.6415405273438,71.64154052734375,0.9990527629852295,0.9999625086784363,119.28062438964844,31.280624389648438,5.581131714298943
2007314N10093,SIDR,2007-11-15 21:00:00,23.5,90.8,70.0,944.0,135.0,1,2007,11,2,-0.5000000000000004,0.8660254037844384,1.8999999999999986,1.2000000000000028,3.3999999999999986,1.7000000000000028,-45.0,-45.0,-35.0,40.69155842787292,0.501197294529791,0.8653330410633919,1.0,0.7000000000000028,,,,,,,,,,,,70.0,5.0,test,,-8.498388290405273,37.84507369995117,32.72243118286133,93.16329956054688,4.421252727508545,32.69377136230469,1.1318480968475342,62.78828048706055,19.991466522216797,-5.393408298492432,-6.376660346984863,,0.9235222339630127,0.0,71.40274810791016,-11.2135009765625,23.649150848388672,76.94727325439453,23.849884033203125,27.560256958007812,3.9943935871124268,63.973304748535156,8.268265724182129,7.368916034698486,3.0696139335632324,3.822725296020508,12.323535919189453,9.808560371398926,1015.8717651367188,71.87176513671875,0.9997066855430603,0.9998738765716553,,,5.815436171019575
2007314N10093,SIDR,2007-11-16 00:00:00,23.8,91.0,53.0,944.0,138.0,1,2007,11,2,-0.5000000000000004,0.8660254037844384,1.3000000000000007,0.5999999999999943,2.8000000000000007,1.7999999999999972,-35.0,-62.0,-52.0,26.15233507219055,0.3890243069527884,0.921227490145568,,,,,,,,,,,,,,53.0,4.0,test,,-6.860241889953613,40.501731872558594,16.736793518066406,88.2945556640625,-0.03454091399908066,33.36296463012695,1.460961937904358,55.0595703125,19.357147216796875,-0.8172241449356079,-4.474865913391113,,0.9781167507171631,0.0,59.75810623168945,-8.3941650390625,16.71487045288086,66.28103637695312,20.974000930786133,27.26249885559082,2.3091490268707275,49.22867965698242,8.192915916442871,7.300933361053467,3.2135212421417236,3.617724657058716,12.166426658630371,9.728053092956543,1016.6337280273438,72.63372802734375,0.9956600666046143,0.9999747276306152,,,5.885385311062527
2007314N10093,SIDR,2007-11-16 03:00:00,24.5,91.5,53.0,944.0,141.0,1,2007,11,2,-0.5000000000000004,0.8660254037844384,1.0,0.7000000000000028,2.8999999999999986,1.9000000000000057,-17.0,-62.0,-62.0,21.97281275013159,0.5372411903293095,0.8434286593503606,,,,,,,,,,,,,,,,test,,-3.98541259765625,28.710559844970703,13.937774658203125,95.87933349609375,0.432576984167099,33.800132751464844,1.793548583984375,38.2646484375,18.8287353515625,3.64874267578125,-1.5531005859375,,0.9928085803985596,0.0,42.48076629638672,-6.63629150390625,16.149221420288086,66.28543090820312,20.585886001586914,26.939716339111328,1.9830976724624634,47.127628326416016,9.042226791381836,7.312606334686279,3.529707908630371,3.583491086959839,13.310043334960938,9.737045288085938,1018.9771118164062,74.97711181640625,0.9888824820518494,0.9995334148406982,,,6.047969189547121
2008117N11090,NARGIS,2008-04-25 12:00:00,10.5,90.3,18.0,1000.0,0.0,1,2008,4,0,0.8660254037844387,-0.4999999999999998,,,,,,,,,,,0.3000000000000007,-0.7999999999999972,0.0,0.1999999999999993,-1.5999999999999943,0.0,0.6999999999999993,-1.7999999999999972,0.0,1.0,-2.3999999999999915,0.0,0.0,90.0,6.0,test,30.046588897705078,-1.153112769126892,8.17874526977539,10.192100524902344,88.8076171875,-5.733914375305176,1.109222412109375,0.388406366109848,12.800976753234863,21.874902725219727,-3.2811279296875,-2.453125,2.978466749191284,0.0,321.62481689453125,14.829724311828613,-1.42205810546875,5.416969299316406,89.9260482788086,11.521167755126953,29.985565185546875,1.2580353021621704,83.51351928710938,-4.956419944763184,1.6101694107055664,-2.444873809814453,1.2314585447311401,-6.555379867553711,1.6681665182113647,1007.8349609375,7.8349609375,0.0,0.0,162.93455505371094,144.93455505371094,2.657759350882577
2008117N11090,NARGIS,2008-04-25 15:00:00,10.7,89.9,18.0,1000.0,3.0,1,2008,4,0,0.8660254037844387,-0.4999999999999998,,,,,,,,,,,0.0,-0.8000000000000114,0.0,0.20000000000000107,-1.3000000000000114,0.0,0.7000000000000011,-1.7000000000000028,0.0,0.8000000000000007,-2.4000000000000057,2.0,0.0,90.0,6.0,test,30.088659286499023,-0.9005786180496216,8.846380233764648,11.610063552856445,90.2299575805664,-0.48783978819847107,0.984818696975708,-0.19086913764476776,11.732539176940918,21.68765640258789,1.8309375047683716,-2.0390894412994385,3.283963680267334,0.0,344.26373291015625,18.419057846069336,-1.1351318359375,5.401160717010498,89.28848266601562,11.298680305480957,30.023347854614258,1.7719933986663818,83.39986419677734,-5.059953689575195,1.6659719944000244,-2.7570996284484863,1.5190426111221313,-6.612431526184082,1.613230586051941,1009.6904296875,9.6904296875,0.0,0.0,163.80889892578125,145.80889892578125,2.707799052106335
2008117N11090,NARGIS,2008-04-25 18:00:00,10.8,89.5,18.0,1000.0,6.0,1,2008,4,0,0.8660254037844387,-0.4999999999999998,0.3000000000000007,-0.7999999999999972,,,0.0,,,15.588558979366951,-0.9342358583997162,0.35665580169141425,-0.10000000000000142,-0.7999999999999972,0.0,0.3999999999999986,-1.0,0.0,0.6999999999999993,-1.5999999999999943,0.0,0.6999999999999993,-2.299999999999997,4.0,0.0,90.0,6.0,test,30.071979522705078,-1.0608398914337158,11.594271659851074,11.700927734375,93.6318588256836,-3.045382499694824,1.804449439048767,0.6423492431640625,16.525585174560547,22.692882537841797,1.0467650890350342,-2.1488890647888184,3.4955201148986816,0.0,376.0584411621094,17.26967430114746,-1.21173095703125,5.43596076965332,88.21332550048828,11.703553199768066,30.048992156982422,2.6153478622436523,81.46150970458984,-4.773739337921143,1.6903058290481567,-2.5232677459716797,1.7838478088378906,-6.320917129516602,1.525870680809021,1009.18798828125,9.18798828125,0.0,0.0,164.53079223632812,146.53079223632812,2.732806568181125
2008117N11090,NARGIS,2008-04-25 21:00:00,10.7,89.1,18.0,1000.0,9.0,1,2008,4,0,0.8660254037844387,-0.4999999999999998,0.0,-0.8000000000000114,,,0.0,,,14.568217321555844,-1.0,6.123233995736766e-17,0.20000000000000107,-0.5,0.0,0.7000000000000011,-0.8999999999999915,0.0,0.8000000000000007,-1.5999999999999943,2.0,0.8000000000000007,-2.1999999999999886,4.0,0.0,90.0,6.0,test,30.05108070373535,-1.3422387838363647,10.626555442810059,12.924240112304688,85.33759307861328,-0.14505940675735474,2.1737496852874756,0.7711377143859863,15.080078125,21.662309646606445,-2.8049683570861816,-1.5477807521820068,3.1903295516967773,0.0,418.67547607421875,16.143800735473633,-1.5675048828125,5.987529754638672,87.16150665283203,12.479025840759277,30.073490142822266,3.334559440612793,79.91775512695312,-4.32244348526001,1.6435654163360596,-1.9526342153549194,1.7861137390136719,-5.927751064300537,1.5063976049423218,1007.2748413085938,7.27484130859375,0.0,0.0,165.3510284423828,147.3510284423828,2.707799052106335
2008117N11090,NARGIS,2008-04-26 00:00:00,10.7,88.7,18.0,1000.0,12.0,1,2008,4,0,0.8660254037844387,-0.4999999999999998,-0.10000000000000142,-0.7999999999999972,0.1999999999999993,-1.5999999999999943,0.0,0.0,,14.685621930669887,-0.9920054724499541,-0.1261948597580088,0.5,-0.20000000000000284,0.0,0.8000000000000007,-0.7999999999999972,0.0,0.8000000000000007,-1.5,4.0,0.9000000000000004,-2.0,4.0,0.0,90.0,6.0,test,29.956645965576172,-1.2185351848602295,12.8282470703125,12.445411682128906,80.13074493408203,5.360264778137207,8.233851432800293,0.4560583531856537,15.322070121765137,21.347227096557617,-1.524965763092041,-0.8822925090789795,3.414301872253418,0.0,457.06353759765625,15.298531532287598,-1.66302490234375,7.408300399780273,82.27068328857422,13.327796936035156,30.00296974182129,2.9923884868621826,73.81480407714844,-4.12271785736084,1.8172974586486816,-1.6748242378234863,2.349775552749634,-5.615880012512207,1.5108174085617065,1008.0213623046875,8.0213623046875,0.0,0.0,163.20126342773438,145.20126342773438,2.707799052106335
2008117N11090,NARGIS,2008-04-26 03:00:00,10.9,88.6,18.0,1000.0,15.0,1,2008,4,0,0.8660254037844387,-0.4999999999999998,0.20000000000000107,-0.5,0.20000000000000107,-1.3000000000000114,0.0,0.0,,9.825034690905502,-0.9261112258408549,0.3772505763700687,0.5,-0.3999999999999915,0.0,0.5999999999999996,-1.0999999999999943,2.0,0.5999999999999996,-1.6999999999999886,4.0,0.7999999999999989,-2.0,7.0,0.0,90.0,6.0,test,29.95344352722168,-1.6397314071655273,12.117037773132324,13.022994041442871,79.37894439697266,3.5878639221191406,3.6417348384857178,-0.2872784435749054,10.961015701293945,22.458599090576172,2.2048144340515137,-0.9528247117996216,2.5375280380249023,0.0,459.0768737792969,15.070826530456543,-1.8250732421875,4.5429205894470215,81.0723876953125,12.707093238830566,30.021297454833984,2.4669716358184814,73.0101318359375,-4.163624286651611,1.8397873640060425,-1.6629126071929932,2.1618459224700928,-5.6916046142578125,1.6770246028900146,1009.9022827148438,9.90228271484375,0.0,0.0,163.25648498535156,145.25648498535156,2.757805759653173
2008117N11090,NARGIS,2008-04-26 06:00:00,11.2,88.5,18.0,1000.0,18.0,1,2008,4,0,0.8660254037844387,-0.4999999999999998,0.5,-0.20000000000000284,0.3999999999999986,-1.0,0.0,0.0,,9.954056090394507,-0.3652692179231761,0.9309019274004062,0.3000000000000007,-0.5999999999999943,0.0,0.3000000000000007,-1.2999999999999972,4.0,0.40000000000000036,-1.7999999999999972,4.0,0.6000000000000014,-2.0,7.0,0.0,90.0,6.0,test,29.976177215576172,-1.0530273914337158,11.24301815032959,7.477325439453125,77.91771697998047,2.6050050258636475,2.4785094261169434,-0.23594054579734802,9.69140625,21.944091796875,1.6952393054962158,0.05799560621380806,2.5687499046325684,0.0,459.2952880859375,15.53939437866211,-1.48114013671875,4.087213039398193,80.93001556396484,11.700672149658203,30.04947853088379,2.123839855194092,73.16716003417969,-3.5041496753692627,1.8854522705078125,-1.1363223791122437,1.9567140340805054,-4.944649696350098,1.8598263263702393,1009.1785278320312,9.17852783203125,0.0,0.0,163.3501739501953,145.3501739501953,2.832752625062315
2008117N11090,NARGIS,2008-04-26 09:00:00,11.4,88.2,18.0,1000.0,21.0,1,2008,4,0,0.8660254037844387,-0.4999999999999998,0.5,-0.3999999999999915,0.7000000000000011,-0.8999999999999915,0.0,0.0,,11.77578225790584,-0.6170927806169336,0.7868903990458017,0.09999999999999964,-0.7000000000000028,2.0,0.09999999999999964,-1.2999999999999972,4.0,0.29999999999999893,-1.6000000000000085,7.0,0.5999999999999996,-1.9000000000000057,7.0,0.0,90.0,6.0,test,30.020591735839844,-1.671057105064392,10.856668472290039,11.697041511535645,77.75689697265625,-6.1696882247924805,2.90153431892395,0.11041747778654099,16.25261688232422,22.326622009277344,-3.4232006072998047,-1.3446459770202637,2.320361375808716,0.0,484.917236328125,17.469552993774414,-1.87969970703125,3.922632932662964,79.34449005126953,11.1854887008667,30.082355499267578,2.04717755317688,72.83195495605469,-2.638996124267578,1.6602338552474976,-0.38216719031333923,1.3774884939193726,-3.9977827072143555,1.8515541553497314,1006.4376831054688,6.43768310546875,0.0,0.0,164.02809143066406,146.02809143066406,2.882674183557252
2008117N11090,NARGIS,2008-04-26 12:00:00,11.5,87.9,18.0,1000.0,24.0,1,2008,4,0,0.8660254037844387,-0.4999999999999998,0.3000000000000007,-0.5999999999999943,0.8000000000000007,-0.7999999999999972,0.0,0.0,0.0,12.232725778457983,-0.8907477327922868,0.4544980489786517,0.0,-0.7000000000000028,4.0,0.09999999999999964,-1.2000000000000028,4.0,0.3000000000000007,-1.4000000000000057,7.0,0.5999999999999996,-1.7000000000000028,12.0,0.0,90.0,6.0,test,30.069732666015625,-1.762915015220642,11.915746688842773,11.149686813354492,76.71051025390625,-6.126811504364014,0.36792755126953125,0.0196990966796875,19.566015243530273,22.046045303344727,-3.213366746902466,-1.8865845203399658,2.220165967941284,0.0,513.592529296875,15.77429485321045,-1.83905029296875,2.902921438217163,81.2274169921875,10.887038230895996,30.11323356628418,1.235499620437622,76.08283996582031,-2.3625361919403076,1.635818600654602,-0.2739247977733612,1.2001433372497559,-3.5099716186523438,1.8224834203720093,1006.4837646484375,6.4837646484375,0.0,0.0,165.13177490234375,147.13177490234375,2.907621829127287
2008117N11090,NARGIS,2008-04-26 15:00:00,11.5,87.5,20.0,1000.0,27.0,1,2008,4,0,0.8660254037844387,-0.4999999999999998,0.09999999999999964,-0.7000000000000028,0.5999999999999996,-1.0999999999999943,2.0,2.0,2.0,12.846694901115212,-0.9895399797162127,0.14425889415643509,0.0,-0.5999999999999943,2.0,0.1999999999999993,-0.9000000000000057,5.0,0.5,-1.2000000000000028,5.0,0.6999999999999993,-1.4000000000000057,10.0,0.0,90.0,6.0,test,30.151763916015625,-1.5135498046875,13.209704399108887,12.542930603027344,77.54822540283203,1.056280255317688,0.8082389831542969,0.2313690185546875,19.322265625,21.28662109375,1.85687255859375,-2.02996826171875,3.181884765625,0.0,554.870849609375,20.634105682373047,-1.56024169921875,2.7472434043884277,80.38932800292969,10.635891914367676,30.15151596069336,1.7612384557724,75.75494384765625,-2.3828041553497314,1.5726654529571533,-0.3651333451271057,1.0449823141098022,-3.5119683742523193,1.7677158117294312,1007.9578857421875,7.9578857421875,0.0,0.0,166.64366149902344,146.64366149902344,2.907621829127287
2008117N11090,NARGIS,2008-04-26 18:00:00,11.5,87.2,22.0,1000.0,30.0,1,2008,4,0,0.8660254037844387,-0.4999999999999998,0.0,-0.7000000000000028,0.3000000000000007,-1.2999999999999972,4.0,4.0,4.0,12.712318211869919,-1.0,6.123233995736766e-17,0.09999999999999964,-0.5,0.0,0.3000000000000007,-0.7000000000000028,3.0,0.5999999999999996,-1.0,8.0,1.0,-1.2999999999999972,8.0,0.0,90.0,6.0,test,30.204498291015625,-1.79022216796875,10.114995002746582,10.812191009521484,76.39493560791016,-0.06928880512714386,1.3669967651367188,-0.15591125190258026,19.369922637939453,21.691991806030273,1.1671142578125,-2.14776611328125,3.206298828125,0.0,585.8822631835938,17.477184295654297,-2.1368408203125,2.952181339263916,79.48509216308594,10.986639022827148,30.18230438232422,2.40627384185791,74.65560913085938,-1.9831942319869995,1.5504292249679565,-0.0512419193983078,1.1289300918579102,-3.1171929836273193,1.5954986810684204,1007.7537841796875,7.7537841796875,0.0,0.0,167.73696899414062,145.73696899414062,2.907621829127287
2008117N11090,NARGIS,2008-04-26 21:00:00,11.5,86.9,22.0,1000.0,33.0,1,2008,4,0,0.8660254037844387,-0.4999999999999998,0.0,-0.5999999999999943,0.09999999999999964,-1.2999999999999972,2.0,4.0,4.0,10.89627275303121,-1.0,6.123233995736766e-17,0.1999999999999993,-0.30000000000001137,3.0,0.5,-0.6000000000000085,3.0,0.6999999999999993,-0.8000000000000114,8.0,1.3000000000000007,-1.3000000000000114,8.0,0.0,90.0,6.0,test,30.2451229095459,-1.4852294921875,9.968963623046875,12.166094779968262,80.61649322509766,3.575535774230957,8.468341827392578,0.016387939453125,20.32421875,21.334680557250977,-2.7572264671325684,-1.3533446788787842,3.9894776344299316,0.0,616.926513671875,19.938671112060547,-2.08551025390625,7.93046236038208,80.28439331054688,11.989693641662598,30.20762062072754,3.1641430854797363,74.16009521484375,-1.3437968492507935,1.4072540998458862,0.531247615814209,0.9647494554519653,-2.5052969455718994,1.4540891647338867,1005.4339599609375,5.4339599609375,0.0,0.0,168.48519897460938,146.48519897460938,2.907621829127287
2008117N11090,NARGIS,2008-04-27 00:00:00,11.6,86.7,22.0,1000.0,36.0,1,2008,4,0,0.8660254037844387,-0.4999999999999998,0.09999999999999964,-0.5,0.09999999999999964,-1.2000000000000028,0.0,4.0,4.0,9.264246742802813,-0.9797870683497968,0.20004324706050625,0.20000000000000107,-0.20000000000000284,3.0,0.5,-0.5,8.0,0.9000000000000004,-0.7999999999999972,8.0,1.3000000000000007,-1.1000000000000085,13.0,0.0,90.0,6.0,test,30.035846710205078,-2.0231640338897705,12.253951072692871,11.541309356689453,84.04619598388672,1.175765872001648,9.100971221923828,-0.03509338200092316,17.843828201293945,21.505224227905273,-2.5525805950164795,-1.686154842376709,3.234243154525757,0.0,634.4633178710938,22.607086181640625,-2.3603515625,12.51307201385498,85.52967834472656,16.018810272216797,29.963422775268555,4.265179634094238,78.29839324951172,-1.1799067258834839,0.9579293131828308,1.0879956483840942,0.7749886512756348,-2.540120840072632,0.8546175956726074,1005.7249755859375,5.7249755859375,0.0,0.0,163.6934356689453,141.6934356689453,2.932560617576978
2008117N11090,NARGIS,2008-04-27 03:00:00,11.7,86.6,25.0,1000.0,39.0,1,2008,4,0,0.8660254037844387,-0.4999999999999998,0.1999999999999993,-0.30000000000001137,0.1999999999999993,-0.9000000000000057,3.0,5.0,7.0,6.586184504648685,-0.8266142586063144,0.562768929018592,0.3000000000000007,-0.29999999999999716,0.0,0.5,-0.5,5.0,1.1000000000000014,-1.0,5.0,1.3000000000000007,-1.0,15.0,0.0,90.0,6.0,test,30.0502986907959,-2.2422094345092773,14.196369171142578,7.602820873260498,82.1179428100586,2.3539700508117676,4.098759174346924,0.6208575367927551,28.990781784057617,21.203208923339844,1.3524291515350342,-1.8094165325164795,2.554384708404541,0.0,643.648193359375,29.86554527282715,-2.775146484375,10.121133804321289,85.04946899414062,15.149162292480469,29.97055435180664,3.966768264770508,80.01080322265625,-1.2059258222579956,0.9568085074424744,0.7007409334182739,0.5825315713882446,-2.3909616470336914,1.0365486145019531,1007.3719482421875,7.3719482421875,0.0,0.0,164.11026000976562,139.11026000976562,2.9574904729384492
2008117N11090,NARGIS,2008-04-27 06:00:00,11.8,86.5,25.0,998.0,42.0,1,2008,4,0,0.8660254037844387,-0.4999999999999998,0.20000000000000107,-0.20000000000000284,0.3000000000000007,-0.7000000000000028,3.0,3.0,7.0,5.186692022923926,-0.6995155988459684,0.7146173290448297,0.29999999999999893,-0.29999999999999716,5.0,0.6999999999999993,-0.5999999999999943,5.0,1.0999999999999996,-0.9000000000000057,10.0,1.299999999999999,-0.9000000000000057,20.0,0.0,90.0,6.0,test,30.061237335205078,-2.671862840652466,24.503217697143555,10.526782035827637,91.4227066040039,0.8030911087989807,1.8708229064941406,0.7976440191268921,21.900196075439453,21.96142578125,0.13184814155101776,-2.5370240211486816,2.52587890625,0.0,655.065185546875,34.63037872314453,-2.94879150390625,8.758159637451172,84.53385162353516,14.06977653503418,29.977012634277344,3.264989137649536,78.95465850830078,-0.41076910495758057,1.1239372491836548,1.0135221481323242,0.5565084218978882,-1.3229302167892456,1.3674501180648804,1006.2913208007812,8.29132080078125,0.0,0.0,164.3603515625,139.3603515625,2.982411319271039
2008117N11090,NARGIS,2008-04-27 09:00:00,12.0,86.3,25.0,998.0,45.0,1,2008,4,0,0.8660254037844387,-0.4999999999999998,0.3000000000000007,-0.29999999999999716,0.5,-0.6000000000000085,0.0,3.0,7.0,7.77723920962972,-0.6992527780868713,0.7148745011103647,0.1999999999999993,-0.20000000000000284,5.0,0.8000000000000007,-0.7000000000000028,5.0,1.0,-0.7000000000000028,15.0,1.0,-0.7999999999999972,30.0,1.0,90.0,6.0,test,30.079986572265625,-3.168957471847534,29.831697463989258,5.101083755493164,86.15523529052734,5.599368095397949,3.1322479248046875,0.44353944063186646,25.553319931030273,21.7255859375,-3.8317503929138184,-2.777026414871216,2.900097608566284,0.0,636.6953735351562,32.9568977355957,-3.25006103515625,11.133328437805176,83.4254150390625,12.244343757629395,29.990684509277344,0.36870330572128296,76.13675689697266,0.4575892388820648,0.8484535813331604,1.4472135305404663,0.1739773154258728,-0.21467427909374237,1.1834150552749634,1003.790283203125,5.790283203125,0.0,0.0,164.73089599609375,139.73089599609375,3.032225681224366
2008117N11090,NARGIS,2008-04-27 12:00:00,12.1,86.2,30.0,998.0,48.0,1,2008,4,0,0.8660254037844387,-0.4999999999999998,0.29999999999999893,-0.29999999999999716,0.5,-0.5,5.0,8.0,12.0,7.775822817357856,-0.6991196273702881,0.7150047179044552,0.40000000000000036,-0.29999999999999716,0.0,0.8000000000000007,-0.6000000000000085,5.0,1.0,-0.6000000000000085,15.0,0.9000000000000004,-0.7999999999999972,25.0,0.0,90.0,6.0,test,30.091978073120117,-2.831738233566284,28.72173500061035,4.157870769500732,85.0849609375,3.3873298168182373,6.202411651611328,0.6723101735115051,30.05355453491211,20.903154373168945,-2.0940113067626953,-2.032038688659668,2.8904199600219727,0.0,626.0449829101562,31.446691513061523,-3.0960693359375,11.644721031188965,83.75917053222656,13.175789833068848,29.998666763305664,2.029017925262451,75.9799575805664,0.6943365335464478,0.6727203130722046,1.5301674604415894,0.034785445779561996,0.20059940218925476,0.9239612221717834,1003.8565673828125,5.8565673828125,0.0,0.0,164.9248809814453,134.9248809814453,3.0571190451019183
2008117N11090,NARGIS,2008-04-27 15:00:00,12.2,86.1,30.0,994.0,51.0,1,2008,4,0,0.8660254037844387,-0.4999999999999998,0.1999999999999993,-0.20000000000000284,0.5,-0.5,5.0,5.0,10.0,5.182930079930972,-0.6989853145423321,0.715136022064444,0.6000000000000014,-0.5,0.0,0.8000000000000007,-0.5,10.0,0.8000000000000007,-0.5999999999999943,25.0,0.8000000000000007,-0.6999999999999886,25.0,0.0,90.0,6.0,test,30.107213973999023,-3.0520262718200684,23.36643409729004,3.6383001804351807,87.74688720703125,1.8326210975646973,11.25823974609375,0.7672375440597534,31.974180221557617,20.821229934692383,1.914699673652649,-1.82073974609375,3.450528621673584,0.0,614.4138793945312,30.13092613220215,-3.2933349609375,13.053995132446289,83.72705078125,13.373311042785645,30.004962921142578,2.8838632106781006,75.37773895263672,0.7950799465179443,0.6870454549789429,1.2670966386795044,-0.29010048508644104,0.5237692594528198,1.1129307746887207,1005.849365234375,11.849365234375,0.0,0.0,165.31375122070312,135.31375122070312,3.0820030964646796
2008117N11090,NARGIS,2008-04-27 18:00:00,12.5,85.9,30.0,994.0,54.0,1,2008,4,0,0.8660254037844387,-0.4999999999999998,0.40000000000000036,-0.29999999999999716,0.6999999999999993,-0.5999999999999943,0.0,5.0,8.0,9.187781968158353,-0.590780423871226,0.8068323808391273,0.40000000000000036,-0.30000000000001137,5.0,0.5999999999999996,-0.30000000000001137,15.0,0.5,-0.5,25.0,0.5999999999999996,-0.5,25.0,0.0,90.0,6.0,test,30.160259246826172,-3.5123534202575684,29.122024536132812,4.863837242126465,96.07611083984375,-3.7120203971862793,22.3746280670166,1.1158416271209717,37.13691329956055,21.505956649780273,0.55413818359375,-1.556372046470642,3.6859374046325684,0.0,591.0179443359375,39.124088287353516,-3.756103515625,16.07558822631836,81.46928405761719,12.637791633605957,30.02103614807129,1.9850554466247559,72.44767761230469,1.0903630256652832,0.744340717792511,1.1556127071380615,-0.31272634863853455,1.019942045211792,1.1240015029907227,1005.5230102539062,11.52301025390625,0.0,0.0,165.68887329101562,135.68887329101562,3.15659861759608
2008117N11090,NARGIS,2008-04-27 21:00:00,12.8,85.6,30.0,994.0,57.0,1,2008,4,0,0.8660254037844387,-0.4999999999999998,0.6000000000000014,-0.5,0.8000000000000007,-0.7000000000000028,0.0,5.0,8.0,14.328020565424254,-0.6306508050483364,0.7760667252832615,0.1999999999999993,0.0,10.0,0.1999999999999993,-0.09999999999999432,25.0,0.1999999999999993,-0.19999999999998863,25.0,0.29999999999999893,-0.09999999999999432,25.0,0.0,90.0,6.0,test,30.178268432617188,-3.036489248275757,23.7366943359375,22.692718505859375,96.71092987060547,19.9678955078125,47.82080078125,3.5066680908203125,35.725860595703125,22.420555114746094,-3.3022680282592773,-1.7042357921600342,2.979487419128418,0.0,556.1163330078125,30.47611427307129,-3.97265625,21.778499603271484,76.51605987548828,12.471732139587402,30.038042068481445,2.2734339237213135,65.32466888427734,1.4388798475265503,0.6554346680641174,1.0612666606903076,-0.6553016901016235,1.5159997940063477,1.1450368165969849,1003.2264404296875,9.2264404296875,0.0,0.0,166.0277557373047,136.0277557373047,3.231107598981835
2008117N11090,NARGIS,2008-04-28 00:00:00,12.9,85.6,35.0,994.0,60.0,1,2008,4,0,0.8660254037844387,-0.4999999999999998,0.40000000000000036,-0.30000000000001137,0.8000000000000007,-0.6000000000000085,5.0,5.0,13.0,9.18274331570389,-0.5901753281219135,0.8072750969007974,0.1999999999999993,0.0,10.0,0.09999999999999964,-0.19999999999998863,20.0,0.1999999999999993,-0.19999999999998863,20.0,0.29999999999999893,0.0,20.0,0.0,90.0,6.0,test,30.05483055114746,-3.61334228515625,37.75873565673828,19.494300842285156,100.2872085571289,14.21920108795166,78.42292785644531,2.055649995803833,34.91718673706055,22.802722930908203,-3.044196844100952,-2.2034571170806885,3.2160582542419434,0.0,550.3153076171875,46.10613250732422,-3.8563232421875,26.278884887695312,76.68881225585938,12.036018371582031,29.898719787597656,2.293184518814087,66.75857543945312,1.117645025253296,1.3503729104995728,0.9179618954658508,-0.2216227501630783,1.0369247198104858,2.292482614517212,1003.5429077148438,9.54290771484375,0.0,0.0,163.51339721679688,128.51339721679688,3.255924341926917
2008117N11090,NARGIS,2008-04-28 03:00:00,13.0,85.6,40.0,994.0,63.0,1,2008,4,0,0.8660254037844387,-0.4999999999999998,0.1999999999999993,0.0,0.8000000000000007,-0.5,10.0,10.0,15.0,3.7064999999999864,0.0,1.0,0.0,-0.09999999999999432,15.0,0.0,-0.19999999999998863,15.0,0.09999999999999964,-0.09999999999999432,15.0,0.3000000000000007,0.0,25.0,0.0,90.0,6.0,test,30.041706085205078,-6.016491889953613,65.4500961303711,21.27751922607422,92.9654312133789,11.864933013916016,99.65227508544922,2.0602173805236816,44.494140625,22.478368759155273,-0.8947387933731079,-4.342602729797363,3.0352416038513184,0.0,544.5143432617188,91.69518280029297,-6.41455078125,27.15925407409668,72.06063842773438,11.464101791381836,29.902795791625977,1.5562000274658203,61.609291076660156,0.7631072998046875,1.5450162887573242,0.43834254145622253,-0.34231704473495483,0.7583996653556824,2.7375898361206055,1005.4356689453125,11.4356689453125,0.0,0.0,163.4474639892578,123.44746398925781,3.280731166761796
2008117N11090,NARGIS,2008-04-28 06:00:00,13.1,85.6,45.0,990.0,66.0,1,2008,4,0,0.8660254037844387,-0.4999999999999998,0.1999999999999993,0.0,0.5999999999999996,-0.30000000000001137,10.0,15.0,20.0,3.7064999999999864,0.0,1.0,-0.09999999999999964,-0.19999999999998863,10.0,0.0,-0.19999999999998863,10.0,0.09999999999999964,0.0,10.0,0.20000000000000107,0.10000000000000853,20.0,0.0,90.0,6.0,test,30.024751663208008,-7.661413669586182,79.46588134765625,23.098434448242188,95.17176818847656,5.735574245452881,67.89070129394531,2.963222026824951,61.67988204956055,23.096210479736328,-2.698420524597168,-5.90121603012085,2.5159571170806885,0.0,536.1192016601562,105.98744201660156,-8.61456298828125,27.942930221557617,71.04229736328125,10.278635025024414,29.909303665161133,1.6140713691711426,60.457942962646484,0.9912948608398438,1.7250877618789673,0.4842224717140198,-0.15678782761096954,1.1087855100631714,2.90889048576355,1004.8297119140625,14.8297119140625,0.0,0.0,163.35182189941406,118.35182189941406,3.305527997920581
2008117N11090,NARGIS,2008-04-28 09:00:00,13.0,85.5,55.0,986.0,69.0,1,2008,4,0,0.8660254037844387,-0.4999999999999998,0.0,-0.09999999999999432,0.1999999999999993,-0.09999999999999432,15.0,25.0,30.0,1.8057513225631345,-1.0,6.123233995736766e-17,0.0,-0.09999999999999432,0.0,0.09999999999999964,0.0,0.0,0.3000000000000007,0.09999999999999432,10.0,0.40000000000000036,0.20000000000000284,10.0,0.0,90.0,6.0,test,30.042877197265625,-7.67626953125,82.89472198486328,20.29366683959961,100.7268295288086,6.707882881164551,66.600341796875,3.7622528076171875,58.67578125,23.935546875,-5.00250244140625,-6.001220703125,3.37646484375,0.0,537.76806640625,89.37248992919922,-8.1572265625,26.960451126098633,70.16344451904297,10.467751502990723,29.911020278930664,1.824989676475525,60.411861419677734,1.479862093925476,1.507126808166504,0.7257144451141357,-0.179954394698143,1.7602477073669434,2.5680367946624756,1001.8361206054688,15.83612060546875,0.0,0.0,163.36668395996094,108.36668395996094,3.280731166761796
2008117N11090,NARGIS,2008-04-28 12:00:00,13.0,85.4,55.0,986.0,72.0,1,2008,4,0,0.8660254037844387,-0.4999999999999998,-0.09999999999999964,-0.19999999999998863,0.09999999999999964,-0.19999999999998863,10.0,20.0,25.0,4.059247087607998,-0.8896976624437088,-0.4565501828301028,0.09999999999999964,0.0,0.0,0.1999999999999993,0.19999999999998863,0.0,0.3000000000000007,0.29999999999999716,10.0,0.8000000000000007,0.5,10.0,0.0,90.0,6.0,test,30.03740882873535,-8.004150390625,87.07304382324219,19.65836524963379,101.14354705810547,4.349575996398926,98.00462341308594,3.043923854827881,57.3359375,22.544092178344727,-3.38525390625,-5.703283786773682,2.9815430641174316,0.0,531.3271484375,100.89424133300781,-8.8284912109375,26.69793128967285,70.80760192871094,11.036710739135742,29.919357299804688,2.7426869869232178,61.16307067871094,1.73707914352417,1.1054623126983643,1.2713372707366943,-0.4505278170108795,1.8163727521896362,1.9369105100631714,1002.1503295898438,16.15032958984375,0.0,0.0,163.35179138183594,108.35179138183594,3.280731166761796
2008117N11090,NARGIS,2008-04-28 15:00:00,13.0,85.4,55.0,986.0,75.0,1,2008,4,0,0.8660254037844387,-0.4999999999999998,0.0,-0.09999999999999432,0.0,-0.19999999999998863,0.0,15.0,25.0,1.8057513225631345,-1.0,6.123233995736766e-17,0.09999999999999964,0.09999999999999432,0.0,0.3000000000000007,0.19999999999998863,10.0,0.40000000000000036,0.29999999999999716,10.0,0.9000000000000004,0.5999999999999943,10.0,0.0,90.0,6.0,test,30.03740882873535,-9.331128120422363,86.08785247802734,23.324974060058594,89.90003204345703,7.912543773651123,109.72081756591797,3.4483916759490967,66.94706726074219,22.802001953125,-0.10749511420726776,-4.933996677398682,2.7820372581481934,0.0,531.3271484375,123.82975006103516,-10.73785400390625,24.30010986328125,71.13957214355469,10.190116882324219,29.919357299804688,1.8457697629928589,61.20096206665039,1.4887007474899292,1.0537716150283813,1.1137633323669434,-0.46838560700416565,1.4704817533493042,1.8568085432052612,1004.3159790039062,18.31597900390625,0.0,0.0,163.35179138183594,108.35179138183594,3.280731166761796
2008117N11090,NARGIS,2008-04-28 18:00:00,13.1,85.4,55.0,986.0,78.0,1,2008,4,0,0.8660254037844387,-0.4999999999999998,0.09999999999999964,0.0,0.0,-0.19999999999998863,0.0,10.0,25.0,1.8532499999999932,0.0,1.0,0.09999999999999964,0.19999999999998863,0.0,0.20000000000000107,0.29999999999999716,10.0,0.7000000000000011,0.5,10.0,0.9000000000000004,0.6999999999999886,10.0,0.0,90.0,6.0,test,30.022485733032227,-9.229196548461914,87.58192443847656,15.444488525390625,100.52796936035156,5.515334129333496,72.42160034179688,3.379600763320923,69.3291015625,22.658105850219727,0.19265136122703552,-3.3925976753234863,2.8698890209198,0.0,522.7150268554688,97.26622772216797,-9.93280029296875,24.506315231323242,70.6998062133789,10.358400344848633,29.92316246032715,1.1303446292877197,60.702186584472656,1.520514965057373,1.1028821468353271,1.2707973718643188,-0.2672041058540344,1.3856867551803589,1.7701561450958252,1004.36376953125,18.36376953125,0.0,0.0,163.27920532226562,108.27920532226562,3.305527997920581
2008117N11090,NARGIS,2008-04-28 21:00:00,13.1,85.5,55.0,986.0,81.0,1,2008,4,0,0.8660254037844387,-0.4999999999999998,0.09999999999999964,0.09999999999999432,0.09999999999999964,0.0,0.0,0.0,25.0,2.5870129944490485,0.6977239639819482,0.7163667148083563,0.20000000000000107,0.09999999999999432,10.0,0.3000000000000007,0.20000000000000284,10.0,0.8000000000000007,0.5,10.0,1.0,0.7999999999999972,10.0,0.0,90.0,6.0,test,30.02764320373535,-10.302014350891113,92.07708740234375,19.69984245300293,97.59729766845703,1.4804540872573853,48.00309371948242,4.087481498718262,76.20390319824219,23.074462890625,-2.580249071121216,-2.8687500953674316,3.2461791038513184,0.0,529.2654418945312,101.07842254638672,-10.75140380859375,28.64335823059082,72.99854278564453,10.626631736755371,29.91641616821289,1.4478496313095093,62.94136428833008,1.7832677364349365,1.0883225202560425,1.5750281810760498,-0.11087992042303085,1.546282410621643,1.6527396440505981,1002.2952270507812,16.29522705078125,0.0,0.0,163.33682250976562,108.33682250976562,3.305527997920581
2008117N11090,NARGIS,2008-04-29 00:00:00,13.2,85.6,55.0,986.0,84.0,1,2008,4,0,0.8660254037844387,-0.4999999999999998,0.09999999999999964,0.19999999999998863,0.1999999999999993,0.19999999999998863,0.0,0.0,20.0,4.056638322069392,0.8895469393629212,0.456843783661395,0.10000000000000142,0.10000000000000853,10.0,0.6000000000000014,0.30000000000001137,10.0,0.8000000000000007,0.5,10.0,1.0,0.8000000000000114,10.0,0.0,90.0,6.0,test,29.883913040161133,-9.024499893188477,85.67280578613281,13.581534385681152,95.37042236328125,-0.3431428372859955,39.216957092285156,3.0082573890686035,65.64757537841797,22.201396942138672,-0.8102075457572937,-0.42514893412590027,2.466252326965332,0.0,527.7240600585938,89.74784851074219,-9.64111328125,29.577192306518555,71.6438980102539,11.283053398132324,29.755102157592773,2.3984384536743164,61.28392791748047,1.9415321350097656,1.692941427230835,2.210418939590454,0.41843920946121216,1.3211644887924194,2.471944808959961,1002.8939208984375,16.8939208984375,0.0,0.0,160.5015106201172,105.50151062011719,3.330314759867825
2008117N11090,NARGIS,2008-04-29 03:00:00,13.3,85.6,65.0,980.0,87.0,1,2008,4,0,0.8660254037844387,-0.4999999999999998,0.20000000000000107,0.09999999999999432,0.3000000000000007,0.19999999999998863,10.0,10.0,25.0,4.12200343202698,0.43754057358636167,0.8991986690747032,0.09999999999999964,0.10000000000000853,0.0,0.5999999999999996,0.4000000000000057,0.0,0.7999999999999989,0.7000000000000028,0.0,1.1999999999999993,1.1000000000000085,0.0,0.0,90.0,6.0,test,29.875280380249023,-7.621230602264404,69.54788970947266,18.50767707824707,96.95723724365234,-2.387866497039795,42.54911804199219,3.0589306354522705,56.10187530517578,21.7481632232666,4.7543044090271,2.008659601211548,2.7175452709198,0.0,519.4609375,80.87944793701172,-9.21868896484375,25.536582946777344,67.62084197998047,11.322896957397461,29.763547897338867,3.310272216796875,55.37332534790039,1.6465880870819092,1.777132511138916,1.885623812675476,0.48476117849349976,1.029731273651123,2.6563611030578613,1005.4120483398438,25.41204833984375,0.0,0.0,160.5272216796875,95.5272216796875,3.355091377098753
2008117N11090,NARGIS,2008-04-29 06:00:00,13.3,85.7,65.0,980.0,90.0,1,2008,4,0,0.8660254037844387,-0.4999999999999998,0.10000000000000142,0.10000000000000853,0.20000000000000107,0.29999999999999716,10.0,10.0,20.0,2.585982522397064,0.6974307561454463,0.7166521753140718,0.5,0.20000000000000284,0.0,0.6999999999999993,0.3999999999999915,0.0,0.8999999999999986,0.7000000000000028,0.0,1.299999999999999,1.0999999999999943,0.0,0.0,90.0,6.0,test,29.87926483154297,-7.818989276885986,74.0833740234375,25.989845275878906,97.26990509033203,1.7612388134002686,46.98999786376953,2.754617929458618,61.586875915527344,21.31192398071289,3.3892016410827637,1.8369897603988647,3.104746103286743,0.0,526.5321655273438,84.92195892333984,-9.340576171875,21.255046844482422,66.8220443725586,12.335719108581543,29.76091766357422,3.2052316665649414,53.89494705200195,1.9707492589950562,1.9859765768051147,2.307650566101074,0.7119901180267334,1.3695476055145264,2.933820962905884,1004.9458618164062,24.94586181640625,0.0,0.0,160.7513885498047,95.75138854980469,3.355091377098753
2008117N11090,NARGIS,2008-04-29 09:00:00,13.4,85.7,65.0,980.0,93.0,1,2008,4,0,0.8660254037844387,-0.4999999999999998,0.09999999999999964,0.10000000000000853,0.3000000000000007,0.20000000000000284,0.0,10.0,10.0,2.5854617018588817,0.6972823828701668,0.7167965391510357,0.5,0.29999999999999716,0.0,0.6999999999999993,0.5999999999999943,0.0,1.0999999999999996,1.0,0.0,1.299999999999999,1.3999999999999915,0.0,0.0,90.0,6.0,test,29.872154235839844,-6.182460784912109,55.77305221557617,23.538604736328125,100.97784423828125,9.416643142700195,81.2394790649414,2.8254692554473877,49.53335952758789,21.973573684692383,-0.46555420756340027,2.877739191055298,3.089062452316284,0.0,518.513671875,80.72113800048828,-9.7442626953125,22.63572120666504,65.4963150024414,13.453866958618164,29.773588180541992,2.6374101638793945,52.2036018371582,2.4928343296051025,1.7012717723846436,2.75604248046875,0.3469349145889282,2.0515260696411133,2.7668068408966064,1002.8286743164062,22.82867431640625,0.0,0.0,160.67071533203125,95.67071533203125,3.3798577741394897
2008117N11090,NARGIS,2008-04-29 12:00:00,13.8,85.9,65.0,980.0,96.0,1,2008,4,0,0.8660254037844387,-0.4999999999999998,0.5,0.20000000000000284,0.6000000000000014,0.30000000000001137,0.0,10.0,10.0,9.94081765271193,0.36209387740888127,0.9321416329844956,0.1999999999999993,0.19999999999998863,0.0,0.3999999999999986,0.5,0.0,0.7999999999999989,0.8999999999999915,0.0,1.0,1.3999999999999915,0.0,0.0,90.0,6.0,test,29.88652992248535,-6.718178749084473,66.57951354980469,25.63733673095703,97.34580993652344,11.494071960449219,77.31365203857422,3.558929443359375,57.61488342285156,22.938554763793945,-0.5595507621765137,-0.90655517578125,2.862197160720825,0.0,503.1879577636719,88.8189926147461,-9.05419921875,29.280771255493164,66.34757232666016,12.314061164855957,29.804840087890625,2.28991961479187,52.876651763916016,2.337587833404541,1.6229158639907837,2.647366523742676,0.45837169885635376,1.9935493469238281,2.504567861557007,1003.2527465820312,23.25274658203125,0.0,0.0,160.53851318359375,95.53851318359375,3.4788196520175396
2008117N11090,NARGIS,2008-04-29 15:00:00,13.9,86.0,65.0,980.0,99.0,1,2008,4,0,0.8660254037844387,-0.4999999999999998,0.5,0.29999999999999716,0.5999999999999996,0.4000000000000057,0.0,0.0,10.0,10.72335585400119,0.50328843245844,0.8641184836314556,0.1999999999999993,0.29999999999999716,0.0,0.5999999999999996,0.7000000000000028,0.0,0.7999999999999989,1.0999999999999943,0.0,1.1999999999999993,1.7000000000000028,0.0,0.0,90.0,6.0,test,29.90020179748535,-7.078137397766113,63.786865234375,23.53050994873047,96.95311737060547,7.084900856018066,88.42964172363281,3.792755126953125,59.394142150878906,23.130712509155273,3.5410399436950684,-0.907702624797821,3.0826048851013184,0.0,504.0582275390625,84.74374389648438,-10.14031982421875,32.32499694824219,68.21085357666016,12.47068977355957,29.809371948242188,1.5461316108703613,54.710792541503906,1.9718257188796997,1.6389237642288208,2.497678518295288,0.29243654012680054,1.535560131072998,2.740200996398926,1005.7620849609375,25.7620849609375,0.0,0.0,160.52273559570312,95.52273559570312,3.5035338170969097
2008117N11090,NARGIS,2008-04-29 18:00:00,14.0,86.1,65.0,980.0,102.0,1,2008,4,0,0.8660254037844387,-0.4999999999999998,0.1999999999999993,0.19999999999998863,0.6999999999999993,0.3999999999999915,0.0,0.0,10.0,5.16451771126733,0.6963672719323969,0.7176856014867731,0.1999999999999993,0.30000000000001137,0.0,0.5999999999999996,0.7000000000000028,0.0,0.8000000000000007,1.2000000000000028,0.0,1.1999999999999993,1.8000000000000114,0.0,0.0,90.0,6.0,test,29.90606117248535,-8.646960258483887,75.70657348632812,21.413501739501953,98.44749450683594,1.799264907836914,92.64851379394531,4.090734958648682,68.693359375,23.303319931030273,0.6192382574081421,-1.8146240711212158,2.950390577316284,0.0,504.8228759765625,87.20673370361328,-10.56207275390625,29.443599700927734,69.11067199707031,12.487908363342285,29.814857482910156,0.6883776783943176,54.47709655761719,1.844069242477417,1.6184011697769165,2.5911829471588135,0.11455027759075165,1.3496934175491333,2.8706467151641846,1005.593017578125,25.593017578125,0.0,0.0,160.55734252929688,95.55734252929688,3.5282373098046738
2008117N11090,NARGIS,2008-04-29 21:00:00,14.1,86.3,65.0,980.0,105.0,1,2008,4,0,0.8660254037844387,-0.4999999999999998,0.1999999999999993,0.29999999999999716,0.6999999999999993,0.5999999999999943,0.0,0.0,10.0,6.543275822924621,0.8240896582851324,0.5664593852232425,0.40000000000000036,0.4000000000000057,0.0,0.5999999999999996,0.7999999999999972,0.0,1.0,1.4000000000000057,0.0,1.0999999999999996,1.7000000000000028,0.0,0.0,90.0,6.0,test,29.9169979095459,-8.498129844665527,61.92292404174805,27.86167335510254,92.76132202148438,-4.85772180557251,79.9222183227539,4.185006618499756,66.42679595947266,23.090782165527344,-1.9726366996765137,-1.0878466367721558,3.268862247467041,0.0,511.8316955566406,87.15995788574219,-10.9124755859375,25.199155807495117,69.85121154785156,13.055994033813477,29.81047248840332,0.8346578478813171,55.7085075378418,2.1750361919403076,1.4069312810897827,3.060042142868042,-0.24598988890647888,1.6785086393356323,2.7441558837890625,1004.0097045898438,24.00970458984375,0.0,0.0,160.714599609375,95.714599609375,3.5529300548897096
2008117N11090,NARGIS,2008-04-30 00:00:00,14.2,86.4,65.0,980.0,108.0,1,2008,4,0,0.8660254037844387,-0.4999999999999998,0.1999999999999993,0.30000000000001137,0.3999999999999986,0.5,0.0,0.0,10.0,6.541321094267545,0.8239732779366377,0.56662865904078,0.40000000000000036,0.3999999999999915,0.0,0.6000000000000014,0.8999999999999915,0.0,1.0,1.5,0.0,1.4000000000000004,2.0999999999999943,0.0,0.0,90.0,6.0,test,29.203414916992188,-7.492783069610596,50.2108268737793,20.36766242980957,97.22696685791016,-1.243049144744873,51.343353271484375,3.06076717376709,59.95793151855469,22.330381393432617,1.2537060976028442,-0.23426513373851776,2.386547803878784,0.0,510.8844299316406,80.99152374267578,-10.3763427734375,21.35947036743164,69.299560546875,12.28007698059082,29.330482482910156,1.5926405191421509,56.59843444824219,2.00869083404541,1.829024076461792,2.812960386276245,-0.12215939164161682,1.7191218137741089,3.471250295639038,1004.7633666992188,24.76336669921875,0.0,0.0,148.42776489257812,83.42776489257812,3.577611977133632
2008117N11090,NARGIS,2008-04-30 03:00:00,14.5,86.7,65.0,980.0,111.0,1,2008,4,0,0.8660254037844387,-0.4999999999999998,0.40000000000000036,0.4000000000000057,0.5999999999999996,0.7000000000000028,0.0,0.0,0.0,10.317952965713221,0.6955719300109173,0.7184564636642137,0.1999999999999993,0.3999999999999915,0.0,0.5999999999999996,1.0,0.0,0.6999999999999993,1.2999999999999972,0.0,1.0999999999999996,2.5,0.0,0.0,90.0,6.0,test,29.330913543701172,-8.99053955078125,69.62227630615234,17.78268814086914,96.3134765625,5.873462200164795,41.73545455932617,3.630950927734375,68.1650390625,23.143213272094727,2.4610962867736816,-2.7445311546325684,2.348529100418091,0.0,510.31451416015625,79.06925964355469,-10.5072021484375,19.27435874938965,69.4811782836914,12.456621170043945,29.400888442993164,1.016765832901001,57.99434280395508,1.8815841674804688,1.900059461593628,2.619337558746338,-0.46124836802482605,1.6830209493637085,3.727860689163208,1007.3958740234375,27.3958740234375,0.0,0.0,150.5082244873047,85.50822448730469,3.6515920551307848
2008117N11090,NARGIS,2008-04-30 06:00:00,14.6,86.8,65.0,980.0,114.0,1,2008,4,0,0.8660254037844387,-0.4999999999999998,0.40000000000000036,0.3999999999999915,0.5999999999999996,0.7000000000000028,0.0,0.0,0.0,10.31569235879949,0.6954092688372442,0.7186139080307654,0.20000000000000107,0.5,0.0,0.5999999999999996,1.1000000000000085,0.0,1.0,1.7000000000000028,0.0,1.4000000000000004,2.9000000000000057,0.0,0.0,90.0,6.0,test,29.371929168701172,-8.666372299194336,59.26018524169922,21.641712188720703,96.87320709228516,7.503570556640625,54.55891036987305,3.734447717666626,68.29917907714844,22.793046951293945,1.4517139196395874,-1.6590014696121216,2.7188477516174316,0.0,508.2989501953125,76.63284301757812,-11.60693359375,21.05647087097168,68.81298828125,12.91949462890625,29.423534393310547,0.45262882113456726,54.78519058227539,2.3459689617156982,2.1635982990264893,2.9058921337127686,-0.6365506052970886,2.3982455730438232,4.206729888916016,1006.2556762695312,26.25567626953125,0.0,0.0,150.96054077148438,85.96054077148438,3.676229934489218
2008117N11090,NARGIS,2008-04-30 09:00:00,14.7,87.1,65.0,980.0,117.0,1,2008,4,0,0.8660254037844387,-0.4999999999999998,0.1999999999999993,0.3999999999999915,0.5999999999999996,0.7999999999999972,0.0,0.0,0.0,8.071687883253743,0.8883341322208076,0.45919763667891916,0.40000000000000036,0.6000000000000085,0.0,0.5,0.9000000000000057,0.0,0.9000000000000004,2.1000000000000085,0.0,1.3000000000000007,3.0,0.0,0.0,90.0,6.0,test,29.42247772216797,-9.8807954788208,67.1744384765625,20.368961334228516,92.77091217041016,-1.5704262256622314,55.590816497802734,3.2416112422943115,75.52531433105469,22.036405563354492,-3.8810815811157227,-3.7924389839172363,2.503242254257202,0.0,517.0792236328125,75.67073822021484,-12.236328125,24.688129425048828,68.6827163696289,12.989913940429688,29.456390380859375,0.044020961970090866,53.39158630371094,3.110508918762207,1.887657642364502,3.2940545082092285,-0.8761862516403198,3.5343194007873535,3.7785866260528564,1003.8085327148438,23.80853271484375,0.0,0.0,152.9307861328125,87.9307861328125,3.7008566154137217
2008117N11090,NARGIS,2008-04-30 12:00:00,14.8,87.3,65.0,980.0,120.0,1,2008,4,0,0.8660254037844387,-0.4999999999999998,0.20000000000000107,0.5,0.6000000000000014,0.8999999999999915,0.0,0.0,0.0,9.695294089981951,0.924038728635693,0.38229887258705325,0.3999999999999986,0.6000000000000085,0.0,0.7999999999999989,1.2000000000000028,0.0,1.1999999999999993,2.4000000000000057,0.0,1.1999999999999993,3.299999999999997,0.0,0.0,90.0,6.0,test,29.472827911376953,-7.872329235076904,54.5657844543457,14.657437324523926,88.24482727050781,5.021866321563721,37.12576675415039,3.7536792755126953,65.86617279052734,21.289813995361328,0.8449365496635437,-1.86865234375,2.5652637481689453,0.0,520.525390625,74.9172592163086,-11.068115234375,25.509769439697266,67.80538940429688,12.253853797912598,29.484216690063477,0.7663933634757996,52.6874885559082,3.252901315689087,1.515981912612915,3.5210087299346924,-1.3996480703353882,3.655959129333496,3.4125800132751465,1003.9745483398438,23.97454833984375,0.0,0.0,153.72897338867188,88.72897338867188,3.7254720228871565
2008117N11090,NARGIS,2008-04-30 15:00:00,15.1,87.7,65.0,980.0,123.0,1,2008,4,0,0.8660254037844387,-0.4999999999999998,0.40000000000000036,0.6000000000000085,0.5999999999999996,1.0,0.0,0.0,0.0,13.046267470065565,0.8228846253301401,0.5682084946525131,0.09999999999999964,0.29999999999999716,0.0,0.5,1.5,0.0,0.9000000000000004,2.3999999999999915,0.0,0.8000000000000007,3.3999999999999915,0.0,0.0,90.0,6.0,test,29.66087532043457,-8.447749137878418,61.88093185424805,18.32053565979004,88.77853393554688,-4.272609233856201,45.76429748535156,3.0324065685272217,75.63371276855469,20.9893741607666,3.6527099609375,-4.412663459777832,2.499089241027832,0.0,522.52294921875,78.65288543701172,-10.49273681640625,26.015867233276367,68.15744018554688,12.000205039978027,29.57742691040039,1.8192870616912842,54.828941345214844,3.2859644889831543,1.576480507850647,3.3606295585632324,-1.3683913946151733,3.7920172214508057,3.3946402072906494,1006.018310546875,26.018310546875,0.0,0.0,156.1450958251953,91.14509582519531,3.799249854946112
2008117N11090,NARGIS,2008-04-30 18:00:00,15.2,87.9,65.0,980.0,126.0,1,2008,4,0,0.8660254037844387,-0.4999999999999998,0.3999999999999986,0.6000000000000085,0.5999999999999996,1.1000000000000085,0.0,0.0,0.0,13.04209411044205,0.822759046163739,0.5683903165569717,0.40000000000000036,0.5999999999999943,0.0,0.8000000000000007,1.7999999999999972,0.0,0.8000000000000007,2.6999999999999886,0.0,0.7000000000000011,3.6999999999999886,0.0,0.0,90.0,6.0,test,29.7248592376709,-8.204253196716309,55.12289810180664,28.77423667907715,89.91582489013672,5.393993854522705,52.68281555175781,2.82991886138916,74.52820587158203,21.163555145263672,2.3213329315185547,-3.6222119331359863,2.615389347076416,0.0,529.381103515625,78.09239959716797,-10.92572021484375,23.31369972229004,66.8582763671875,14.087885856628418,29.618793487548828,3.368972063064575,55.38331985473633,3.4574317932128906,1.8433599472045898,3.4899215698242188,-1.340186595916748,3.9054675102233887,3.7329890727996826,1005.4791259765625,25.4791259765625,0.0,0.0,157.16929626464844,92.16929626464844,3.8238194191340993
2008117N11090,NARGIS,2008-04-30 21:00:00,15.2,88.0,65.0,980.0,129.0,1,2008,4,0,0.8660254037844387,-0.4999999999999998,0.09999999999999964,0.29999999999999716,0.5,0.9000000000000057,0.0,0.0,0.0,5.676305841734173,0.9452010875973587,0.32648875019634327,0.40000000000000036,1.2000000000000028,0.0,0.8000000000000007,2.0999999999999943,0.0,0.7000000000000011,3.0999999999999943,0.0,0.7000000000000011,4.099999999999994,0.0,0.0,90.0,6.0,test,29.73345375061035,-5.562744140625,23.608722686767578,33.97206497192383,79.87545776367188,4.164295673370361,42.05760955810547,2.4317688941955566,52.568946838378906,20.490673065185547,2.228625535964966,1.9926269054412842,2.086108446121216,0.0,536.8855590820312,74.35796356201172,-11.50494384765625,19.9907169342041,61.95378875732422,17.247156143188477,29.633769989013672,3.580045461654663,48.58396911621094,3.725243330001831,1.777756690979004,3.820963144302368,-1.5055959224700928,4.04935884475708,3.650989055633545,1003.9859008789062,23.98590087890625,0.0,0.0,157.193603515625,92.193603515625,3.8238194191340993
2008117N11090,NARGIS,2008-05-01 00:00:00,15.6,88.5,65.0,980.0,132.0,1,2008,5,0,0.49999999999999994,-0.8660254037844387,0.40000000000000036,0.5999999999999943,0.7999999999999989,1.2000000000000028,0.0,0.0,0.0,13.025138409722471,0.8222473976562262,0.5691302285484087,0.40000000000000036,1.2000000000000028,0.0,0.40000000000000036,2.0999999999999943,0.0,0.3000000000000007,3.0999999999999943,0.0,0.3000000000000007,4.099999999999994,12.0,0.0,90.0,6.0,test,28.4631404876709,-11.103772163391113,67.89295959472656,21.24117660522461,91.10961151123047,12.71030044555664,35.69755935668945,3.957446336746216,102.0972671508789,21.751270294189453,-3.0521240234375,-7.1314697265625,0.612683117389679,0.0,534.63720703125,87.40328216552734,-14.4349365234375,20.775136947631836,64.98175811767578,17.63002586364746,28.77006721496582,4.362432956695557,52.25556182861328,3.940704822540283,1.512845516204834,3.807018995285034,-1.5729386806488037,4.300787925720215,3.1511852741241455,1004.6536865234375,24.6536865234375,0.0,0.0,137.19032287597656,72.19032287597656,3.9219804478171585
2008117N11090,NARGIS,2008-05-01 03:00:00,15.6,89.2,65.0,980.0,135.0,1,2008,5,0,0.49999999999999994,-0.8660254037844387,0.40000000000000036,1.2000000000000028,0.5,1.5,0.0,0.0,0.0,22.666257198084583,0.9450070267809039,0.3270500257372198,0.40000000000000036,0.8999999999999915,0.0,0.3000000000000007,1.8999999999999915,0.0,0.3000000000000007,2.8999999999999915,0.0,0.3000000000000007,3.8999999999999915,12.0,0.0,90.0,6.0,test,28.678688049316406,-13.80212688446045,85.56951141357422,16.290306091308594,95.27472686767578,1.316147804260254,31.501293182373047,3.5809717178344727,113.19152069091797,21.568086624145508,-1.7497339248657227,-11.487495422363281,1.3429687023162842,0.0,488.0311584472656,91.99933624267578,-15.218505859375,22.42786407470703,65.7553939819336,16.454530715942383,28.858360290527344,1.8058713674545288,50.120609283447266,3.6339192390441895,1.3056031465530396,3.8649237155914307,-1.7099968194961548,3.704631805419922,2.8731770515441895,1006.7642822265625,26.7642822265625,0.0,0.0,139.9013671875,74.9013671875,3.9219804478171585
2008117N11090,NARGIS,2008-05-01 06:00:00,16.0,89.7,65.0,980.0,138.0,1,2008,5,0,0.49999999999999994,-0.8660254037844387,0.40000000000000036,1.2000000000000028,0.8000000000000007,1.7999999999999972,0.0,0.0,0.0,22.62631269865017,0.9448070103463058,0.32762739995378237,0.0,0.8999999999999915,0.0,-0.09999999999999964,1.8999999999999915,0.0,-0.09999999999999964,2.8999999999999915,12.0,0.0,3.8999999999999915,25.0,0.0,90.0,6.0,test,29.041851043701172,-11.77215576171875,60.031517028808594,25.67571449279785,101.74490356445312,4.32039737701416,53.36865997314453,3.4362518787384033,87.3783187866211,22.389354705810547,-2.10589599609375,-10.23101806640625,1.6262695789337158,0.0,475.9981689453125,92.26268768310547,-15.46044921875,21.27081298828125,65.15816497802734,14.473620414733887,29.094280242919922,1.6968799829483032,49.6554069519043,4.43901252746582,1.127582311630249,4.410017967224121,-1.887377381324768,4.694890022277832,2.6970937252044678,1005.66357421875,25.66357421875,0.0,0.0,145.90306091308594,80.90306091308594,4.019950324706279
2008117N11090,NARGIS,2008-05-01 09:00:00,16.0,90.1,65.0,980.0,141.0,1,2008,5,0,0.49999999999999994,-0.8660254037844387,0.40000000000000036,0.8999999999999915,0.8000000000000007,2.0999999999999943,0.0,0.0,0.0,17.66390779958137,0.9076770737197253,0.41966931010451114,-0.09999999999999964,1.0,0.0,-0.09999999999999964,2.0,0.0,-0.09999999999999964,3.0,12.0,0.0,4.0,25.0,0.0,90.0,6.0,test,29.257282257080078,-11.271459579467773,58.97007369995117,28.567277908325195,99.6251220703125,1.9155809879302979,31.7888240814209,2.677093505859375,79.90625,22.618946075439453,-5.712133884429932,-9.505871772766113,1.385009765625,0.0,434.520751953125,92.95370483398438,-15.3668212890625,21.165348052978516,64.75772857666016,13.921873092651367,29.176929473876953,1.7120052576065063,49.48013687133789,5.089672565460205,0.7504228353500366,5.174059867858887,-2.1901278495788574,5.330556869506836,2.3028931617736816,1003.1331176757812,23.13311767578125,0.0,0.21533134579658508,149.28466796875,84.28466796875,4.019950324706279
2008117N11090,NARGIS,2008-05-01 12:00:00,16.0,90.6,65.0,980.0,144.0,1,2008,5,0,0.49999999999999994,-0.8660254037844387,0.0,0.8999999999999915,0.40000000000000036,2.0999999999999943,0.0,0.0,0.0,16.03312414197905,1.0,6.123233995736766e-17,-0.09999999999999964,1.0,0.0,-0.09999999999999964,2.0,12.0,0.0,3.0,25.0,0.0,3.9000000000000057,25.0,0.0,90.0,6.0,test,29.5070858001709,-14.091527938842773,86.42988586425781,19.10731315612793,99.12284851074219,1.1331071853637695,49.91598129272461,3.422567844390869,106.8033218383789,22.886865615844727,-6.587267875671387,-13.433130264282227,2.4334959983825684,0.0,382.3982238769531,94.62297821044922,-16.04095458984375,21.26359748840332,67.60285949707031,12.298177719116211,29.29429817199707,1.949920654296875,52.659793853759766,5.104614734649658,0.4721115827560425,5.23961877822876,-2.5812106132507324,5.435799598693848,2.0319690704345703,1002.9110107421875,22.9110107421875,0.0,0.874902606010437,153.4229736328125,88.4229736328125,4.019950324706279
2008117N11090,NARGIS,2008-05-01 15:00:00,15.9,91.1,65.0,980.0,147.0,1,2008,5,0,0.49999999999999994,-0.8660254037844387,-0.09999999999999964,1.0,0.3000000000000007,1.8999999999999915,0.0,0.0,0.0,17.919560474691163,0.9946377225263912,-0.1034205053532114,0.0,1.0,0.0,0.0,2.0,12.0,0.09999999999999964,3.0,25.0,0.20000000000000107,4.0,25.0,0.0,90.0,6.0,test,29.654077529907227,-13.1417818069458,75.3270492553711,20.841829299926758,97.09577178955078,-1.1725846529006958,40.532344818115234,3.251370906829834,97.11128997802734,22.713369369506836,-0.6266137957572937,-12.601842880249023,2.085683584213257,0.0,331.7127380371094,88.59368896484375,-15.16607666015625,21.268802642822266,64.80841064453125,12.10464859008789,29.389909744262695,3.1689391136169434,51.56756591796875,4.565802574157715,0.3357600271701813,5.052211761474609,-2.112440347671509,4.653847694396973,1.5144035816192627,1005.1302490234375,25.1302490234375,0.0,0.7661784887313843,156.75765991210938,91.75765991210938,3.9954760372541736
2008117N11090,NARGIS,2008-05-01 18:00:00,15.9,91.6,65.0,980.0,150.0,1,2008,5,0,0.49999999999999994,-0.8660254037844387,-0.09999999999999964,1.0,-0.09999999999999964,1.8999999999999915,0.0,0.0,0.0,17.919560474691163,0.9946377225263912,-0.1034205053532114,0.0,1.0,12.0,0.09999999999999964,2.0,25.0,0.09999999999999964,2.9000000000000057,25.0,0.5999999999999996,4.0,15.0,0.0,90.0,6.0,test,29.85411834716797,-12.8130521774292,71.54679870605469,26.502090454101562,99.7254867553711,-0.6490907669067383,61.76931381225586,3.138784885406494,92.5298843383789,22.96819305419922,-3.191469669342041,-12.293410301208496,2.5817627906799316,0.0,279.94830322265625,92.86454010009766,-15.7166748046875,23.434589385986328,66.20909118652344,12.086014747619629,29.487377166748047,1.8175997734069824,53.36687469482422,4.593503475189209,0.34369638562202454,5.353690147399902,-1.6581746339797974,4.439634799957275,1.241363286972046,1004.6746826171875,24.6746826171875,0.0,0.8373420834541321,159.06166076660156,94.06166076660156,3.9954760372541736
2008117N11090,NARGIS,2008-05-01 21:00:00,15.9,92.1,65.0,980.0,153.0,1,2008,5,0,0.49999999999999994,-0.8660254037844387,0.0,1.0,-0.09999999999999964,2.0,0.0,0.0,0.0,17.823470819220756,1.0,6.123233995736766e-17,0.0,1.0,12.0,0.09999999999999964,2.0,25.0,0.20000000000000107,3.0,25.0,0.5999999999999996,3.700000000000003,-5.0,0.0,90.0,6.0,test,29.902555465698242,-12.413105010986328,60.44744873046875,28.760639190673828,96.4784164428711,3.107560634613037,40.81197738647461,3.298051118850708,89.88054656982422,22.676952362060547,-7.127863883972168,-11.060097694396973,2.7607581615448,0.0,228.40237426757812,96.09845733642578,-16.46722412109375,24.792991638183594,67.8615493774414,13.363703727722168,29.570436477661133,1.8583215475082397,54.720340728759766,4.80064582824707,0.04373457282781601,5.955009460449219,-1.658849835395813,4.3164825439453125,0.7782416343688965,1002.9458618164062,22.94586181640625,0.09285049885511398,0.09044153243303299,160.03863525390625,95.03863525390625,3.9954760372541736
2008117N11090,NARGIS,2008-05-02 00:00:00,15.9,92.6,77.0,972.0,156.0,1,2008,5,0,0.49999999999999994,-0.8660254037844387,0.0,1.0,-0.09999999999999964,2.0,12.0,12.0,12.0,17.823470819220756,1.0,6.123233995736766e-17,0.09999999999999964,1.0,13.0,0.09999999999999964,1.9000000000000057,13.0,0.5999999999999996,3.0,3.0,0.7999999999999989,3.4000000000000057,-27.0,0.0,90.0,6.0,test,29.750202178955078,-12.902482986450195,63.48345184326172,17.16254997253418,93.75183868408203,0.46139681339263916,40.23445510864258,3.63779354095459,97.2574234008789,22.012157440185547,-4.669621467590332,-11.5427827835083,2.3503198623657227,0.0,177.26519775390625,94.27656555175781,-16.69122314453125,25.55918312072754,68.72801971435547,13.308611869812012,29.557981491088867,2.1045055389404297,55.880924224853516,4.827140808105469,0.12844617664813995,5.9861836433410645,-1.4476747512817383,4.429396629333496,0.8746592402458191,1003.785400390625,31.785400390625,0.39141955971717834,0.0,157.83306884765625,80.83306884765625,3.9954760372541736
2008117N11090,NARGIS,2008-05-02 03:00:00,15.9,93.1,77.0,972.0,159.0,1,2008,5,0,0.49999999999999994,-0.8660254037844387,0.0,1.0,0.0,2.0,12.0,12.0,12.0,17.823470819220756,1.0,6.123233995736766e-17,0.09999999999999964,1.0,13.0,0.20000000000000107,2.0,13.0,0.5999999999999996,2.700000000000003,-17.0,1.0999999999999996,3.3000000000000114,-27.0,0.0,90.0,6.0,test,29.633834838867188,-13.709982872009277,77.09266662597656,17.5810546875,96.6051025390625,4.500644207000732,60.86849594116211,3.123917818069458,101.55058288574219,21.919950485229492,0.6617211699485779,-12.368027687072754,2.509536027908325,0.0,127.02909088134766,98.09217071533203,-17.5093994140625,24.57020378112793,69.87623596191406,15.346517562866211,29.6041259765625,4.123829364776611,58.21151351928711,4.377007484436035,0.16471771895885468,5.562961101531982,-1.079774022102356,3.8887174129486084,0.7360749244689941,1005.669189453125,33.669189453125,0.6045503616333008,0.0022748622577637434,156.25205993652344,79.25205993652344,3.9954760372541736
2008117N11090,NARGIS,2008-05-02 06:00:00,16.0,93.6,90.0,962.0,162.0,1,2008,5,0,0.49999999999999994,-0.8660254037844387,0.09999999999999964,1.0,0.09999999999999964,2.0,13.0,25.0,25.0,17.91071972131447,0.9946324132791173,0.10347155384239264,0.0,0.9000000000000057,0.0,0.5,2.0,-10.0,0.6999999999999993,2.4000000000000057,-40.0,1.3999999999999986,3.3000000000000114,-45.0,0.0,90.0,6.0,test,29.5029354095459,-14.641199111938477,86.15542602539062,13.894351959228516,91.71102905273438,1.7039339542388916,60.30235290527344,3.133819580078125,103.3714828491211,21.516454696655273,-0.44316405057907104,-12.823132514953613,2.2520508766174316,0.0,73.56272888183594,91.62333679199219,-17.52288818359375,27.3095645904541,71.79673767089844,15.00398063659668,29.63779067993164,2.7224721908569336,59.38835525512695,4.661754131317139,0.12726129591464996,5.796295642852783,-0.8973981738090515,4.153713226318359,0.6289483904838562,1004.300048828125,42.300048828125,0.6591303944587708,0.14071910083293915,154.20701599121094,64.20701599121094,4.019950324706279
2008117N11090,NARGIS,2008-05-02 09:00:00,16.0,94.1,90.0,962.0,165.0,1,2008,5,0,0.49999999999999994,-0.8660254037844387,0.09999999999999964,1.0,0.09999999999999964,2.0,13.0,25.0,25.0,17.91071972131447,0.9946324132791173,0.10347155384239264,0.10000000000000142,1.0,0.0,0.5,1.7000000000000028,-30.0,1.0,2.3000000000000114,-40.0,,,-55.0,0.0,90.0,6.0,test,,-13.978442192077637,78.65725708007812,13.144518852233887,98.10285186767578,4.365384101867676,36.70778274536133,3.8116822242736816,100.9599609375,22.424266815185547,-4.255273342132568,-11.443163871765137,,0.1699601113796234,34.00730895996094,94.96143341064453,-17.6993408203125,30.650121688842773,75.41690826416016,14.149921417236328,29.664831161499023,1.6223033666610718,65.13338470458984,4.8975934982299805,-0.36653465032577515,6.445855617523193,-1.1552119255065918,4.073630332946777,0.05677112564444542,1002.0751342773438,40.07513427734375,0.029636656865477562,0.9991238117218018,153.1734161376953,63.17341613769531,4.019950324706279
2008117N11090,NARGIS,2008-05-02 12:00:00,16.0,94.5,90.0,962.0,168.0,1,2008,5,0,0.49999999999999994,-0.8660254037844387,0.0,0.9000000000000057,0.09999999999999964,1.9000000000000057,0.0,13.0,25.0,16.033124141979307,1.0,6.123233995736766e-17,0.5,1.0999999999999943,-10.0,0.6999999999999993,1.5,-40.0,1.3999999999999986,2.4000000000000057,-45.0,,,-55.0,0.0,90.0,6.0,test,,-14.70367431640625,100.50386810302734,6.536745548248291,101.81172943115234,16.557601928710938,60.36329650878906,4.2238311767578125,108.7021484375,20.9091796875,-2.953125,-12.39874267578125,,0.4182436466217041,26.12228012084961,101.29644775390625,-17.864501953125,25.77424430847168,73.96537780761719,14.748262405395508,29.689008712768555,3.1880316734313965,64.73695373535156,4.55653190612793,-0.7148579359054565,6.112545013427734,-1.6503956317901611,3.8399198055267334,-0.021453361958265305,1002.0879516601562,40.08795166015625,0.0,0.9974110722541809,153.13880920410156,63.13880920410156,4.019950324706279
2008117N11090,NARGIS,2008-05-02 15:00:00,16.1,95.1,90.0,964.0,171.0,1,2008,5,0,0.49999999999999994,-0.8660254037844387,0.10000000000000142,1.0,0.20000000000000107,2.0,0.0,13.0,25.0,17.901825040424775,0.9946270636774762,0.10352296460361632,0.3999999999999986,0.7000000000000028,-30.0,0.8999999999999986,1.3000000000000114,-40.0,,,-55.0,,,-59.0,0.0,90.0,6.0,test,,-16.646486282348633,111.14802551269531,12.625908851623535,99.52448272705078,13.135673522949219,60.13521194458008,4.674734592437744,127.12387084960938,20.12255859375,-2.916015625,-14.701677322387695,,0.7760654091835022,0.0,121.19569396972656,-18.20880126953125,24.440998077392578,74.03357696533203,15.516687393188477,29.695484161376953,2.9057183265686035,64.64087677001953,4.068585395812988,-0.7495521903038025,5.719125270843506,-1.2923996448516846,3.3310134410858154,-0.2959531247615814,1004.34814453125,40.34814453125,0.0,0.9995995163917542,157.14364624023438,67.14364624023438,4.044412366692539
2008117N11090,NARGIS,2008-05-02 18:00:00,16.5,95.6,80.0,974.0,174.0,1,2008,5,0,0.49999999999999994,-0.8660254037844387,0.5,1.0999999999999943,0.5,2.0,-10.0,-10.0,15.0,21.631450390322865,0.9036037370306644,0.42836933413144535,0.1999999999999993,0.4000000000000057,-30.0,0.8999999999999986,1.3000000000000114,-35.0,,,-45.0,,,-54.0,0.0,80.0,5.0,test,,-18.082799911499023,96.73246765136719,3.523301362991333,99.84754180908203,7.765391826629639,25.471689224243164,4.318280220031738,130.3994140625,21.343505859375,-6.052526950836182,-15.195642471313477,,0.9565995335578918,0.0,107.34889221191406,-18.39215087890625,29.005313873291016,78.62034606933594,14.27673625946045,29.703325271606445,1.5017731189727783,69.79335021972656,4.548663139343262,-0.39889174699783325,6.106334686279297,-0.9052165746688843,3.8718018531799316,0.04628736525774002,1003.9406127929688,29.94061279296875,0.34126609563827515,0.9991324543952942,163.1133575439453,83.11335754394531,4.142136590230948
2008117N11090,NARGIS,2008-05-02 21:00:00,16.5,95.8,60.0,986.0,177.0,1,2008,5,0,0.49999999999999994,-0.8660254037844387,0.3999999999999986,0.7000000000000028,0.5,1.7000000000000028,-30.0,-30.0,-5.0,14.479971188044585,0.8590161233042574,0.5119485324750184,0.5,0.6000000000000085,-10.0,,,-25.0,,,-29.0,,,-35.0,0.0,60.0,4.0,test,,-18.470666885375977,101.56547546386719,11.112953186035156,92.92784881591797,2.5034284591674805,29.76579475402832,4.55059814453125,144.2908172607422,20.573436737060547,-7.242749214172363,-12.6683349609375,,0.9444775581359863,0.0,119.60367584228516,-19.60736083984375,33.308128356933594,78.2427978515625,13.497773170471191,29.704748153686523,1.3933031558990479,69.82093811035156,4.746475696563721,-0.2659294605255127,6.339415073394775,-1.0398497581481934,3.9858198165893555,0.3802921175956726,1002.5347290039062,16.53472900390625,0.8257226943969727,0.9882628321647644,163.7657470703125,103.7657470703125,4.142136590230948
2008117N11090,NARGIS,2008-05-03 00:00:00,16.7,96.0,50.0,990.0,180.0,1,2008,5,0,0.49999999999999994,-0.8660254037844387,0.1999999999999993,0.4000000000000057,0.6999999999999993,1.5,-30.0,-40.0,-27.0,8.009553305599743,0.8864836631181839,0.4627598891699304,0.6999999999999993,0.9000000000000057,-5.0,,,-15.0,,,-24.0,,,-28.0,0.0,50.0,4.0,test,,-18.078405380249023,135.63235473632812,18.03948211669922,97.44547271728516,5.038596153259277,29.003334045410156,4.525915622711182,144.17715454101562,19.307226181030273,-5.379248142242432,-11.66876220703125,,0.9323611855506897,0.0,140.9108123779297,-20.4521484375,36.16558074951172,80.13651275634766,16.212562561035156,29.68212127685547,4.432367324829102,70.7795181274414,4.9334635734558105,0.43929150700569153,6.366322040557861,-1.09010910987854,4.271328449249268,1.6575467586517334,1003.5535888671875,13.5535888671875,0.9947727918624878,,164.9082794189453,114.90827941894531,4.190923293592169
2008117N11090,NARGIS,2008-05-03 03:00:00,17.0,96.4,50.0,992.0,183.0,1,2008,5,0,0.49999999999999994,-0.8660254037844387,0.5,0.6000000000000085,0.8999999999999986,1.3000000000000114,-10.0,-40.0,-27.0,14.104520255864946,0.7539165133609875,0.6569702359175885,,,-15.0,,,-19.0,,,-25.0,,,,,50.0,4.0,test,,-17.18511962890625,132.49757385253906,14.444656372070312,96.05876922607422,6.950428009033203,29.87423324584961,3.959585666656494,124.1158218383789,19.805810928344727,-2.789111375808716,-11.809850692749023,,0.9747483730316162,0.0,143.17823791503906,-18.8682861328125,37.125343322753906,83.2467269897461,18.60875701904297,29.718585968017578,5.005178928375244,72.0531997680664,4.651106834411621,0.74588942527771,6.082930088043213,-0.9762492775917053,3.941570281982422,2.2411162853240967,1005.2554931640625,13.2554931640625,0.999168336391449,,167.24984741210938,117.24984741210938,4.264007416017337
2008117N11090,NARGIS,2008-05-03 06:00:00,17.4,96.9,45.0,994.0,186.0,1,2008,5,0,0.49999999999999994,-0.8660254037844387,0.6999999999999993,0.9000000000000057,0.8999999999999986,1.3000000000000114,-5.0,-35.0,-45.0,20.53318563593422,0.7751360788143512,0.6317943172586407,,,-10.0,,,-19.0,,,-23.0,,,,,45.0,3.0,test,,-14.517765998840332,120.61790466308594,12.43974494934082,97.46330261230469,14.10790729522705,53.37392807006836,4.047241687774658,110.28570556640625,19.87590789794922,-2.885251522064209,-11.802721977233887,,0.9162788987159729,0.0,140.6949920654297,-15.7301025390625,36.64402770996094,81.4457015991211,17.752927780151367,29.82781219482422,2.880378007888794,69.38037872314453,5.041833400726318,0.8411940932273865,6.490294933319092,-1.2181050777435303,4.336526393890381,2.6416373252868652,1004.3483276367188,10.34832763671875,0.9903593063354492,,167.054931640625,122.054931640625,4.361270722421219
2008117N11090,NARGIS,2008-05-03 09:00:00,17.8,97.3,35.0,998.0,189.0,1,2008,5,0,0.49999999999999994,-0.8660254037844387,0.8000000000000007,0.8999999999999915,1.3000000000000007,1.5,-15.0,-25.0,-55.0,21.72579612372294,0.7309653502894432,0.6824145782999009,,,-4.0,,,-10.0,,,,,,,,35.0,3.0,test,,-7.896547794342041,84.53302764892578,15.71868896484375,99.73876190185547,10.06564998626709,57.25667190551758,2.9425764083862305,73.3978500366211,19.29403305053711,-3.465214729309082,-7.90182638168335,,0.9999949932098389,0.0,120.8729476928711,-10.83746337890625,32.61247634887695,80.5905990600586,18.063854217529297,30.006122589111328,1.4057292938232422,69.25296020507812,5.516660213470459,0.3066151440143585,7.1082048416137695,-1.6568719148635864,4.779094219207764,2.1401381492614746,1001.756591796875,3.756591796875,0.9974768161773682,,164.8707733154297,129.8707733154297,4.458321466642926
2008117N11090,NARGIS,2008-05-03 12:00:00,18.3,97.6,35.0,998.0,192.0,1,2008,5,0,0.49999999999999994,-0.8660254037844387,0.9000000000000021,0.6999999999999886,1.6000000000000014,1.5999999999999943,-10.0,-15.0,-55.0,20.733969192556568,0.5940328767103817,0.8044407631312503,,,-9.0,,,-13.0,,,,,,,,35.0,3.0,test,,-5.518679141998291,59.06230926513672,7.80147123336792,97.35208892822266,2.3282508850097656,26.31865882873535,2.1041126251220703,57.1838264465332,19.494794845581055,-0.27799317240715027,-5.696674823760986,,0.9997450113296509,0.0,90.91270446777344,-6.11981201171875,28.81521224975586,80.08065795898438,15.844375610351562,30.180919647216797,2.004579544067383,68.79601287841797,5.634876251220703,0.32878226041793823,6.822478771209717,-1.9801177978515625,5.300810813903809,2.4857325553894043,1002.4149169921875,4.4149169921875,0.9821500778198242,,,,4.579328776319827
2008117N11090,NARGIS,2008-05-03 15:00:00,18.8,97.7,31.0,998.0,195.0,1,2008,5,0,0.49999999999999994,-0.8660254037844387,1.0,0.4000000000000057,1.8000000000000007,1.2999999999999972,-4.0,-19.0,-59.0,19.816634840386804,0.354122232243786,0.9351991470433867,,,-6.0,,,,,,,,,,,31.0,2.0,test,,-3.349919319152832,20.808292388916016,12.782780647277832,99.3907241821289,4.683431148529053,17.532461166381836,1.6507580280303955,33.33992004394531,20.723037719726562,5.65023946762085,-1.9473974704742432,,0.997954785823822,0.0,78.09803771972656,-4.66717529296875,22.87983512878418,80.88050079345703,14.268132209777832,30.246164321899414,2.54377818107605,70.3298110961914,5.229429244995117,0.499206006526947,6.011896133422852,-1.4875364303588867,5.223267078399658,2.2885124683380127,1004.8997802734375,6.8997802734375,0.9979243874549866,,,,4.69998735238082
2008117N11090,NARGIS,2008-05-03 18:00:00,19.4,97.8,26.0,998.0,198.0,1,2008,5,0,0.49999999999999994,-0.8660254037844387,1.0999999999999979,0.20000000000000284,2.0,0.8999999999999915,-9.0,-19.0,-54.0,20.68335567791227,0.16902744584217852,0.985611344573544,,,-4.0,,,,,,,,,,,26.0,1.0,test,,-1.7704418897628784,16.541099548339844,13.56845760345459,97.89509582519531,3.654439926147461,7.276325225830078,1.4901312589645386,25.84929656982422,21.036949157714844,3.331186532974243,0.897290050983429,,0.9953159093856812,0.0,43.611698150634766,-2.8477783203125,19.787052154541016,84.0369644165039,12.812679290771484,30.079498291015625,1.8566622734069824,72.8785171508789,5.425273418426514,1.129921793937683,5.771661758422852,-0.9728955030441284,5.624199390411377,2.836439609527588,1004.9512329101562,6.95123291015625,,,,,4.844304379618305
2008117N11090,NARGIS,2008-05-03 21:00:00,20.1,98.1,25.0,998.0,201.0,1,2008,5,0,0.49999999999999994,-0.8660254037844387,1.3000000000000007,0.3999999999999915,2.3000000000000007,0.7999999999999972,-6.0,-10.0,-35.0,25.077860186731126,0.27759568156701475,0.9606979949887189,,,,,,,,,,,,,,25.0,1.0,test,,-0.5619555711746216,11.307833671569824,13.508142471313477,99.12989044189453,-0.39477086067199707,15.45501708984375,0.9654937982559204,18.261991500854492,21.658395767211914,-0.45792970061302185,3.483107805252075,,0.9972266554832458,0.0,31.824094772338867,-2.00250244140625,12.806053161621094,87.81104278564453,12.126168251037598,,0.47629642486572266,77.62629699707031,6.055952548980713,1.327052354812622,5.851528644561768,-1.078739047050476,6.477216720581055,3.183171510696411,1004.4420166015625,6.4420166015625,,,,,5.012001717775542
2008117N11090,NARGIS,2008-05-04 00:00:00,20.8,98.5,22.0,998.0,204.0,1,2008,5,0,0.49999999999999994,-0.8660254037844387,1.4000000000000021,0.7000000000000028,2.5,0.9000000000000057,-4.0,-13.0,-28.0,28.639821932900173,0.42344047466074436,0.9059239286049815,,,,,,,,,,,,,,22.0,1.0,test,,-0.7628173828125,5.867835998535156,10.023490905761719,98.7555923461914,2.021801710128784,6.9110870361328125,0.6230407953262329,17.555858612060547,22.1215763092041,1.287500023841858,2.729480028152466,,0.9958691596984863,0.0,27.417583465576172,-1.40179443359375,12.866459846496582,90.00537109375,9.687874794006348,,0.7132038474082947,80.58363342285156,6.0738396644592285,1.7684440612792969,5.362192153930664,-0.7773624062538147,6.75560188293457,3.6806745529174805,1005.8424682617188,7.84246826171875,,,,,5.178950961152752
2008157N16066,UNNAMED,2008-06-05 00:00:00,15.5,66.0,25.0,1000.0,0.0,0,2008,6,1,1.2246467991473532e-16,-1.0,,,,,,,,,,,1.0,-0.5,0.0,2.5,-1.5,0.0,3.5,-2.0,0.0,4.0,-3.0,0.0,0.0,25.0,1.0,test,29.602203369140625,-1.691162109375,0.07425961643457413,24.43224334716797,74.35076904296875,2.627291440963745,11.1236572265625,-0.2561492919921875,18.0244140625,21.143310546875,-0.65625,-0.5693359375,1.42529296875,0.0,763.8607177734375,44.21794891357422,-5.7962646484375,19.354101181030273,78.54362487792969,22.359359741210938,29.79084587097168,1.3655884265899658,65.77286529541016,-3.0447092056274414,3.2781379222869873,2.1631486415863037,3.7732925415039062,-6.630302429199219,2.9491348266601562,1004.1990356445312,4.19903564453125,0.0,0.0,156.96731567382812,131.96731567382812,3.897457924400513
2008157N16066,UNNAMED,2008-06-05 03:00:00,16.0,66.0,25.0,1000.0,3.0,0,2008,6,1,1.2246467991473532e-16,-1.0,,,,,,,,,,,1.0,-1.0,0.0,2.5,-1.5,0.0,3.5,-2.5,0.0,3.5,-4.0,0.0,0.0,25.0,1.0,test,29.832672119140625,-1.5223388671875,-1.9130592346191406,31.586837768554688,83.31356811523438,-3.203612804412842,7.640361785888672,0.148345947265625,18.677734375,22.055908203125,2.63311767578125,0.56689453125,1.666259765625,0.0,717.9689331054688,46.55754852294922,-6.2056884765625,17.048355102539062,77.59654235839844,23.334754943847656,29.85548210144043,2.1137821674346924,62.26266860961914,-3.013338804244995,3.109328269958496,2.2879927158355713,3.383589744567871,-6.7164692878723145,2.938950777053833,1005.3387451171875,5.3387451171875,0.0,0.0,159.3785400390625,134.3785400390625,4.019950324706279
2008157N16066,UNNAMED,2008-06-05 06:00:00,16.5,65.5,25.0,1000.0,6.0,0,2008,6,1,1.2246467991473532e-16,-1.0,1.0,-0.5,,,0.0,,,20.552148292006674,-0.4322985238325619,0.9017305508255711,1.5,-1.0,0.0,2.5,-1.5,0.0,3.0,-2.5,0.0,3.5,-3.5,0.0,0.0,25.0,1.0,test,29.972320556640625,-1.71624755859375,-3.104375123977661,27.41282081604004,80.36309051513672,-6.391114234924316,19.54077911376953,0.499359130859375,25.453125,21.812255859375,4.28997802734375,0.0787353515625,2.91357421875,0.0,707.1486206054688,105.80116271972656,-8.42852783203125,22.030298233032227,78.88773345947266,23.753202438354492,29.903905868530273,2.0648984909057617,65.21004486083984,-3.101776599884033,2.8966803550720215,2.096872329711914,2.8664138317108154,-6.803844928741455,2.9176201820373535,1005.4290161132812,5.42901611328125,0.0,0.0,162.8647003173828,137.8647003173828,4.142136590230948
2008157N16066,UNNAMED,2008-06-05 09:00:00,17.0,65.0,25.0,1000.0,9.0,0,2008,6,1,1.2246467991473532e-16,-1.0,1.0,-1.0,,,0.0,,,25.64270433582324,-0.6911407493446801,0.7227201841620823,1.5,-0.5,0.0,2.5,-1.5,0.0,2.5,-3.0,0.0,3.0,-3.5,0.0,0.0,25.0,1.0,test,30.135406494140625,-2.22906494140625,-2.0711371898651123,29.452024459838867,79.3970947265625,-6.896546840667725,11.240959167480469,-0.2531585693359375,21.00390625,23.22998046875,2.16937255859375,0.32000732421875,2.016357421875,0.0,704.4714965820312,96.1161117553711,-9.45050048828125,20.24787139892578,78.54373168945312,22.85863494873047,29.932266235351562,1.3304144144058228,66.53511810302734,-2.844370126724243,2.559774160385132,2.0182223320007324,2.4153313636779785,-6.4413838386535645,2.6091156005859375,1003.654541015625,3.654541015625,0.0,0.0,165.7022705078125,140.7022705078125,4.264007416017337
2008157N16066,UNNAMED,2008-06-05 12:00:00,18.0,64.5,25.0,996.0,12.0,0,2008,6,1,1.2246467991473532e-16,-1.0,1.5,-1.0,2.5,-1.5,0.0,0.0,,32.91545475274314,-0.5354765723469473,0.844550081681107,1.0,-0.5,0.0,1.5,-1.5,0.0,2.0,-2.5,0.0,2.0,-3.0,0.0,0.0,25.0,1.0,test,30.278961181640625,-5.50048828125,35.9412841796875,22.512317657470703,59.2745246887207,-11.286054611206055,23.214340209960938,0.3672332763671875,51.4208984375,22.724365234375,-0.9000244140625,-4.45001220703125,1.536865234375,0.0,666.4578857421875,60.03804397583008,-7.5045166015625,12.421321868896484,74.29074096679688,20.34189796447754,29.924102783203125,-0.2919386923313141,66.15922546386719,-2.677269458770752,1.745559811592102,1.5947332382202148,1.045831561088562,-5.9761738777160645,2.183335542678833,1001.954345703125,5.954345703125,0.0,0.0,167.10137939453125,142.10137939453125,4.506765649363108
2008157N16066,UNNAMED,2008-06-05 15:00:00,18.5,64.5,25.0,996.0,15.0,0,2008,6,1,1.2246467991473532e-16,-1.0,1.5,-0.5,2.5,-1.5,0.0,0.0,,29.154570342450757,-0.3014074282981104,0.9534954442296615,1.0,-1.0,0.0,1.0,-2.5,0.0,1.5,-3.0,0.0,1.5,-3.0,0.0,0.0,25.0,1.0,test,30.168609619140625,-5.29486083984375,29.773624420166016,12.170225143432617,57.0988883972168,-8.616833686828613,1.6350746154785156,0.6251983642578125,54.2783203125,23.843017578125,1.0244140625,-4.8087158203125,0.8115234375,0.0,630.7137451171875,47.59220504760742,-6.1815185546875,5.143838405609131,69.46829223632812,18.53897476196289,29.89243507385254,-0.07969304919242859,62.03117752075195,-2.8816049098968506,1.5596274137496948,0.9227123856544495,0.9120344519615173,-5.918768405914307,2.08538818359375,1001.933349609375,5.933349609375,0.0,0.0,165.7471923828125,140.7471923828125,4.627634569943146
2008157N16066,UNNAMED,2008-06-05 18:00:00,19.0,64.0,25.0,996.0,18.0,0,2008,6,1,1.2246467991473532e-16,-1.0,1.0,-0.5,2.5,-1.5,0.0,0.0,,20.499167976833444,-0.4274032736864555,0.9040610829153641,0.5,-1.0,0.0,1.0,-2.0,0.0,1.0,-2.5,0.0,1.0,-3.0,0.0,0.0,25.0,1.0,test,30.020172119140625,-5.12408447265625,34.845428466796875,8.03770923614502,55.750789642333984,9.980589866638184,1.3661384582519531,0.374359130859375,50.681640625,22.087890625,1.10504150390625,-4.80499267578125,0.8701171875,0.0,568.8707275390625,43.406829833984375,-5.60498046875,2.849595546722412,69.68142700195312,16.516571044921875,29.74995994567871,0.9947599768638611,61.18232345581055,-3.241332769393921,1.50714111328125,-0.11954078078269958,0.7113615870475769,-5.833219051361084,2.1442151069641113,1002.1858520507812,6.18585205078125,0.0,0.0,163.14389038085938,138.14389038085938,4.748151078234065
2008157N16066,UNNAMED,2008-06-05 21:00:00,19.5,63.5,25.0,996.0,21.0,0,2008,6,1,1.2246467991473532e-16,-1.0,1.0,-1.0,2.5,-1.5,0.0,0.0,,25.468355001233608,-0.6859297914144681,0.7276677272286467,0.0,-1.5,0.0,0.5,-2.0,0.0,0.5,-2.0,0.0,0.5,-2.5,0.0,0.0,25.0,1.0,test,29.830718994140625,-4.0628662109375,23.88001823425293,9.00537109375,57.129058837890625,6.576583385467529,1.6236305236816406,0.249664306640625,35.833984375,22.343017578125,0.04937744140625,-4.20123291015625,1.52593994140625,0.0,496.65203857421875,38.198097229003906,-4.8564453125,2.801809787750244,68.73441314697266,14.734792709350586,29.589088439941406,1.739158034324646,60.478187561035156,-2.7614080905914307,1.5935087203979492,-0.3070092797279358,0.7548524141311646,-4.947183132171631,2.1928930282592773,1000.7808837890625,4.7808837890625,0.0,0.0,160.12582397460938,135.12582397460938,4.8683059964371616
2008157N16066,UNNAMED,2008-06-06 00:00:00,19.5,63.0,25.0,996.0,24.0,0,2008,6,1,1.2246467991473532e-16,-1.0,0.5,-1.0,1.5,-1.5,0.0,0.0,0.0,19.77490680841154,-0.8834177375862471,0.4685862790543452,0.5,-1.0,0.0,0.5,-1.5,0.0,0.5,-2.0,0.0,,,,,25.0,1.0,test,29.442535400390625,-2.95269775390625,17.46333122253418,5.750797748565674,61.29730224609375,4.993382930755615,4.042625427246094,0.68634033203125,30.3525390625,22.302978515625,-1.88311767578125,-1.62060546875,1.571685791015625,0.0,450.5456237792969,30.640541076660156,-3.8858642578125,4.469662189483643,70.98790740966797,14.874368667602539,29.28390884399414,0.4307686388492584,61.13399887084961,-1.943115472793579,1.0436608791351318,0.08394550532102585,0.20900975167751312,-3.913102865219116,1.611426830291748,1000.3576049804688,4.35760498046875,0.0,0.0,152.2622833251953,127.26228332519531,4.8683059964371616
2008157N16066,UNNAMED,2008-06-06 03:00:00,19.5,62.0,25.0,995.0,27.0,0,2008,6,1,1.2246467991473532e-16,-1.0,0.0,-1.5,1.0,-2.5,0.0,0.0,0.0,26.204255150498692,-1.0,6.123233995736766e-17,0.5,-0.5,0.0,0.5,-0.5,0.0,0.5,-1.0,0.0,,,,,25.0,1.0,test,29.126129150390625,-1.086669921875,3.0338892936706543,9.341833114624023,75.61920928955078,5.604358673095703,8.603096008300781,0.631622314453125,17.603515625,22.55224609375,0.224365234375,0.28375244140625,1.8388671875,0.0,363.3517761230469,27.024641036987305,-3.6551513671875,6.081013202667236,72.15042877197266,14.674444198608398,29.128690719604492,0.28857460618019104,63.16714096069336,-1.9091644287109375,0.5890182852745056,0.2744247615337372,-0.006014884449541569,-3.9593827724456787,0.9526524543762207,1001.1181640625,6.1181640625,0.0,0.0,147.5162811279297,122.51628112792969,4.8683059964371616
2008157N16066,UNNAMED,2008-06-06 06:00:00,20.0,62.0,25.0,995.0,30.0,0,2008,6,1,1.2246467991473532e-16,-1.0,0.5,-1.0,1.0,-2.0,0.0,0.0,0.0,19.726644704685132,-0.8828086963303381,0.4697326959915915,0.0,-0.5,0.0,0.0,-1.0,0.0,,,,,,,,25.0,1.0,test,29.068511962890625,-1.90130615234375,6.229255199432373,11.782607078552246,57.481536865234375,1.6658341884613037,4.786491394042969,0.916534423828125,22.458984375,22.821044921875,1.2862548828125,-1.909423828125,1.08447265625,0.0,332.24530029296875,23.767990112304688,-3.75885009765625,4.261816501617432,63.95112228393555,13.063200950622559,29.045429229736328,-0.5171365737915039,54.132781982421875,-1.826635479927063,0.6485760807991028,0.10096146166324615,0.26950010657310486,-3.6977028846740723,0.8009145259857178,1001.5886840820312,6.58868408203125,0.0,0.0,145.7882080078125,120.7882080078125,4.988090174290218
2008157N16066,UNNAMED,2008-06-06 09:00:00,20.0,61.5,25.0,995.0,33.0,0,2008,6,1,1.2246467991473532e-16,-1.0,0.5,-0.5,0.5,-2.0,0.0,0.0,0.0,12.715450036199877,-0.6847910787717361,0.7287394448186828,0.0,0.0,0.0,0.0,-0.5,0.0,,,,,,,,25.0,1.0,test,28.814605712890625,0.01947021484375,1.8133854866027832,8.09420394897461,68.8794937133789,0.03410990536212921,3.6420822143554688,0.2714691162109375,3.087890625,21.7978515625,0.0474853515625,0.19189453125,-0.11181640625,0.0,288.2568054199219,22.36077308654785,-2.9476318359375,2.9108593463897705,64.64618682861328,12.252734184265137,28.927162170410156,-0.2546742558479309,54.59835433959961,-1.285326361656189,0.6822176575660706,0.6804738640785217,0.23811939358711243,-3.232473850250244,0.8354032039642334,999.8101806640625,4.8101806640625,0.0,0.0,144.45904541015625,119.45904541015625,4.988090174290218
2008157N16066,UNNAMED,2008-06-06 12:00:00,20.0,61.5,25.0,994.0,36.0,0,2008,6,1,1.2246467991473532e-16,-1.0,0.0,-0.5,0.5,-1.5,0.0,0.0,0.0,8.707426747357424,-1.0,6.123233995736766e-17,0.0,-0.5,0.0,,,,,,,,,,,25.0,1.0,test,28.814605712890625,-0.82672119140625,5.349514961242676,10.818949699401855,72.49527740478516,6.155454635620117,3.5719871520996094,1.3157806396484375,16.5693359375,22.330078125,-3.00567626953125,-1.36187744140625,0.06298828125,0.0,288.2568054199219,20.380870819091797,-2.937255859375,1.7360042333602905,64.38165283203125,13.227950096130371,28.927162170410156,0.4862995147705078,55.4315299987793,-0.8928319811820984,0.15206588804721832,1.6079365015029907,-0.14460067451000214,-3.09348464012146,0.14157812297344208,997.9637451171875,3.9637451171875,0.0,0.0,144.45904541015625,119.45904541015625,4.988090174290218
2008157N16066,UNNAMED,2008-06-06 15:00:00,20.0,61.5,25.0,996.0,39.0,0,2008,6,1,1.2246467991473532e-16,-1.0,0.0,0.0,0.5,-0.5,0.0,0.0,0.0,0.0,0.0,1.0,0.0,-0.5,0.0,,,,,,,,,,,25.0,1.0,test,28.814605712890625,-0.58319091796875,5.195960521697998,9.225057601928711,70.0365219116211,8.83695125579834,0.20170211791992188,0.7047119140625,9.4951171875,22.98095703125,-1.99560546875,-1.9481201171875,0.039306640625,0.0,288.2568054199219,20.780242919921875,-2.61431884765625,0.8034347891807556,64.71668243408203,13.907394409179688,28.927162170410156,0.432685911655426,54.685882568359375,-0.8578556180000305,-0.2171158790588379,1.5254873037338257,-0.438903272151947,-3.1007437705993652,-0.34933218359947205,998.427490234375,2.427490234375,0.0,0.0,144.45904541015625,119.45904541015625,4.988090174290218
2008157N16066,UNNAMED,2008-06-06 18:00:00,20.0,61.0,25.0,996.0,42.0,0,2008,6,1,1.2246467991473532e-16,-1.0,0.0,-0.5,0.0,-1.0,0.0,0.0,0.0,8.707426747357424,-1.0,6.123233995736766e-17,,,,,,,,,,,,,,25.0,1.0,test,29.024566650390625,-0.15704345703125,5.312295436859131,10.809191703796387,70.20262908935547,-8.99001407623291,0.012874603271484375,0.3700408935546875,7.4931640625,24.0302734375,1.35064697265625,-1.69744873046875,0.52880859375,0.0,247.49957275390625,16.52723503112793,-2.2490234375,0.34193357825279236,62.301082611083984,12.879197120666504,28.812854766845703,0.9390193223953247,50.678279876708984,-1.1566065549850464,-0.10677050054073334,0.9640455842018127,-0.39147230982780457,-3.3535056114196777,-0.173534095287323,999.5065307617188,3.50653076171875,0.0,0.0,144.72149658203125,119.72149658203125,4.988090174290218
2008157N16066,UNNAMED,2008-06-06 21:00:00,20.0,61.0,25.0,996.0,45.0,0,2008,6,1,1.2246467991473532e-16,-1.0,0.0,-0.5,0.0,-0.5,0.0,0.0,0.0,8.707426747357424,-1.0,6.123233995736766e-17,,,,,,,,,,,,,,25.0,1.0,test,29.024566650390625,-0.18060302734375,4.547000885009766,10.43790054321289,69.53292083740234,-2.886335849761963,0.03147125244140625,0.0663604736328125,5.7880859375,24.252197265625,0.1075439453125,-1.6356201171875,0.834320068359375,0.0,247.49957275390625,12.04604434967041,-1.25347900390625,0.4774021804332733,62.44916915893555,12.209163665771484,28.812854766845703,0.49643903970718384,49.829345703125,-0.6435630917549133,0.2827562093734741,1.1297266483306885,-0.010877201333642006,-2.6950623989105225,0.30178603529930115,998.8430786132812,2.84307861328125,0.0,0.0,144.72149658203125,119.72149658203125,4.988090174290218
2008168N22090,UNNAMED,2008-06-16 03:00:00,21.5,90.0,25.0,992.0,0.0,1,2008,6,1,1.2246467991473532e-16,-1.0,,,,,,,,,,,0.0,-0.5,0.0,0.8999999999999986,-0.5999999999999943,0.0,1.3000000000000007,-1.0,0.0,1.5,-1.5,0.0,0.0,25.0,1.0,test,28.937408447265625,-6.327392578125,33.13246536254883,19.44715690612793,78.83618927001953,0.8036297559738159,20.911224365234375,0.7459869384765625,49.427734375,22.54345703125,1.01373291015625,-2.76123046875,0.909423828125,0.0007100105285644531,55.59749984741211,43.427398681640625,-6.4285888671875,19.88677978515625,88.42332458496094,19.90275764465332,29.21224021911621,0.2727734446525574,80.26799011230469,0.9772947430610657,0.21135543286800385,4.70939826965332,2.7298691272735596,-1.5858343839645386,-1.4301725625991821,1001.5711059570312,9.57110595703125,0.021561898291110992,0.004991642665117979,146.31201171875,121.31201171875,5.345127190792497
2008168N22090,UNNAMED,2008-06-16 06:00:00,21.4,89.7,25.0,990.0,3.0,1,2008,6,1,1.2246467991473532e-16,-1.0,,,,,,,,,,,0.6000000000000014,-0.20000000000000284,0.0,1.3000000000000007,-0.5,0.0,1.6000000000000014,-0.9000000000000057,0.0,1.6000000000000014,-1.5,0.0,0.0,25.0,1.0,test,29.110923767089844,-5.172101974487305,27.97886085510254,25.65625762939453,91.46614074707031,0.5943114757537842,11.795136451721191,0.32395753264427185,40.34492111206055,21.346357345581055,2.32012939453125,-1.7108911275863647,1.2694629430770874,0.00043662069947458804,66.14871215820312,39.10147476196289,-6.0006103515625,14.475454330444336,86.5830307006836,19.326101303100586,29.229103088378906,0.08782800287008286,79.89672088623047,1.3203797340393066,0.426347553730011,5.053462505340576,2.950784683227539,-1.2386152744293213,-1.2430986166000366,1000.750244140625,10.750244140625,0.02449101023375988,0.007561717182397842,147.5308380126953,122.53083801269531,5.321435998136712
2008168N22090,UNNAMED,2008-06-16 09:00:00,21.5,89.5,25.0,988.0,6.0,1,2008,6,1,1.2246467991473532e-16,-1.0,0.0,-0.5,,,0.0,,,8.621481789313435,-1.0,6.123233995736766e-17,0.8999999999999986,-0.09999999999999432,0.0,1.3000000000000007,-0.5,0.0,1.5,-1.0,0.0,1.5,-1.5,0.0,0.0,25.0,1.0,test,29.072174072265625,-5.0162353515625,28.599077224731445,26.349660873413086,93.02355194091797,10.255763053894043,8.080963134765625,0.6133575439453125,42.9208984375,20.91943359375,-1.28875732421875,0.10748291015625,1.368896484375,0.0007312297821044922,55.59749984741211,35.79720687866211,-5.41668701171875,14.518916130065918,86.75833129882812,18.666343688964844,29.24711799621582,0.3875623941421509,80.25047302246094,1.8031516075134277,0.11913692951202393,5.6252121925354,2.928767204284668,-0.7968708872795105,-1.7247394323349,998.8320922851562,10.83209228515625,0.01729685254395008,6.140211917227134e-05,148.4043426513672,123.40434265136719,5.345127190792497
2008168N22090,UNNAMED,2008-06-16 12:00:00,22.0,89.5,25.0,988.0,9.0,1,2008,6,1,1.2246467991473532e-16,-1.0,0.6000000000000014,-0.20000000000000284,,,0.0,,,11.6384512554966,-0.2952804356446316,0.9554106260271112,0.6999999999999993,-0.29999999999999716,0.0,1.0,-0.7000000000000028,0.0,1.0,-1.2999999999999972,0.0,1.0,-1.5,0.0,0.0,25.0,1.0,test,,-5.83978271484375,36.284236907958984,16.002582550048828,85.26000213623047,3.88430118560791,16.222000122070312,0.47406005859375,44.2607421875,20.222412109375,-1.9781494140625,-1.60565185546875,,0.6160855293273926,0.0,37.737247467041016,-5.91949462890625,14.51517391204834,87.76952362060547,17.994808197021484,29.260013580322266,0.19920198619365692,82.46500396728516,1.7650068998336792,-0.45781081914901733,5.579776287078857,2.636007785797119,-0.918455183506012,-2.4869649410247803,998.9409790039062,10.94097900390625,0.24310027062892914,0.000583987683057785,146.9048614501953,121.90486145019531,5.463337479696344
2008168N22090,UNNAMED,2008-06-16 15:00:00,22.4,89.4,25.0,988.4,12.0,1,2008,6,1,1.2246467991473532e-16,-1.0,0.8999999999999986,-0.09999999999999432,0.8999999999999986,-0.5999999999999943,0.0,0.0,,16.76702631083165,-0.10218955377227747,0.9947649446476403,0.40000000000000213,-0.4000000000000057,0.0,0.6000000000000014,-0.9000000000000057,0.0,0.6000000000000014,-1.4000000000000057,0.0,0.7000000000000028,-1.5,-1.0,0.0,25.0,1.0,test,,-6.294111251831055,27.883825302124023,10.20206069946289,86.62521362304688,-0.9589175581932068,1.778470516204834,0.7872344851493835,53.386444091796875,20.443641662597656,0.9831005930900574,-2.277846574783325,,0.7722135782241821,0.0,46.16737747192383,-6.46142578125,12.228946685791016,86.8865966796875,18.752775192260742,29.234716415405273,0.2023962438106537,81.78870391845703,1.2985541820526123,-0.4326716959476471,5.208524227142334,2.573806047439575,-1.4080713987350464,-2.304816722869873,1001.4202270507812,13.020227050781273,0.8470628261566162,0.6263416409492493,144.78053283691406,119.78053283691406,5.557606582767668
2008168N22090,UNNAMED,2008-06-16 18:00:00,22.7,89.2,25.0,988.8,15.0,1,2008,6,1,1.2246467991473532e-16,-1.0,0.6999999999999993,-0.29999999999999716,1.3000000000000007,-0.5,0.0,0.0,,13.94990021227691,-0.3676786976827518,0.9299528887370132,0.3000000000000007,-0.4000000000000057,0.0,0.3000000000000007,-1.0,0.0,0.3000000000000007,-1.2000000000000028,0.0,0.5,-1.4000000000000057,-2.0,0.0,25.0,1.0,test,,-6.340761661529541,27.79787254333496,11.444327354431152,94.36016082763672,2.2319319248199463,7.9352240562438965,0.9784899950027466,56.8386344909668,20.992158889770508,1.3262646198272705,-1.9309496879577637,,0.8431721329689026,0.0,47.47719955444336,-6.76300048828125,13.673416137695312,88.32755279541016,19.548791885375977,29.199493408203125,0.667348325252533,83.86279296875,1.1243759393692017,-0.02353215403854847,5.05933952331543,2.56679630279541,-1.5303806066513062,-1.5482083559036255,1001.986328125,13.186328125000045,0.9230645895004272,0.9313560724258423,,,5.628130902466328
2008168N22090,UNNAMED,2008-06-16 21:00:00,22.8,89.0,25.0,989.2,18.0,1,2008,6,1,1.2246467991473532e-16,-1.0,0.40000000000000213,-0.4000000000000057,1.3000000000000007,-0.5,0.0,0.0,,10.082311366852718,-0.6777981054218198,0.7352480726167132,0.1999999999999993,-0.5,0.0,0.1999999999999993,-1.0,0.0,0.3000000000000007,-1.0999999999999943,-1.0,0.6999999999999993,-1.4000000000000057,-3.0,0.0,25.0,1.0,test,,-6.157458305358887,27.48238754272461,10.673184394836426,93.6808090209961,-2.2232141494750977,19.588851928710938,0.8359954953193665,51.946876525878906,21.205860137939453,-1.4590942859649658,-0.6841186285018921,,0.9206557869911194,0.0,33.35024642944336,-6.64471435546875,16.68780517578125,89.31562042236328,19.382614135742188,29.20880126953125,0.7942312359809875,84.45243072509766,1.420479416847229,0.19395838677883148,5.181705474853516,2.3946616649627686,-1.0719218254089355,-1.0537500381469727,1000.843017578125,11.643017578124955,0.9408725500106812,0.9460268020629883,,,5.6516048159347605
2008168N22090,UNNAMED,2008-06-17 00:00:00,23.0,88.8,25.0,989.6,21.0,1,2008,6,1,1.2246467991473532e-16,-1.0,0.3000000000000007,-0.4000000000000057,1.0,-0.7000000000000028,0.0,0.0,,8.80191658558176,-0.7752518911416185,0.6316522027835763,0.0,-0.5999999999999943,0.0,0.0,-0.7999999999999972,0.0,0.1999999999999993,-1.0,-2.0,0.6999999999999993,-1.5,-4.0,0.0,25.0,1.0,test,,-6.341467380523682,26.31052017211914,6.713544845581055,88.65583801269531,-0.834538459777832,25.762075424194336,1.0202728509902954,56.975975036621094,20.702001571655273,-1.8787720203399658,-1.0639159679412842,,0.9858327507972717,0.0,34.31541061401367,-6.59405517578125,14.188216209411621,90.81488800048828,18.909883499145508,28.849517822265625,1.0231016874313354,85.82201385498047,1.4436075687408447,0.537040114402771,4.888862609863281,2.3965883255004883,-0.7516765594482422,-0.5144572854042053,1001.3182983398438,11.718298339843727,0.9908016920089722,0.872509241104126,,,5.698500924113266
2008168N22090,UNNAMED,2008-06-17 03:00:00,23.0,88.5,25.0,990.0,24.0,1,2008,6,1,1.2246467991473532e-16,-1.0,0.1999999999999993,-0.5,0.6000000000000014,-0.9000000000000057,0.0,0.0,0.0,9.300145038942752,-0.9171500081544245,0.398542171598363,0.0,-0.5,0.0,0.10000000000000142,-0.5999999999999943,-1.0,0.5,-0.9000000000000057,-3.0,1.0,-1.5,-5.0,0.0,25.0,1.0,test,,-6.14630126953125,21.80862045288086,9.638891220092773,85.52591705322266,-1.3285518884658813,22.367477416992188,0.4376068115234375,50.5126953125,20.7412109375,1.2449951171875,-0.77313232421875,,0.9698762893676758,0.0,30.260129928588867,-6.4595947265625,12.174629211425781,90.63236999511719,19.99848175048828,28.9317569732666,0.021332284435629845,84.31211853027344,1.4858418703079224,0.8046150803565979,4.774093151092529,2.8585550785064697,-0.6119047999382019,-0.448496550321579,1002.4724731445312,12.47247314453125,0.993532121181488,0.906878650188446,,,5.698500924113266
2008168N22090,UNNAMED,2008-06-17 06:00:00,23.0,88.2,25.0,990.0,27.0,1,2008,6,1,1.2246467991473532e-16,-1.0,0.0,-0.5999999999999943,0.3000000000000007,-1.0,0.0,0.0,0.0,10.235553717964313,-1.0,6.123233995736766e-17,0.0,-0.20000000000000284,0.0,0.1999999999999993,-0.4000000000000057,-2.0,0.6999999999999993,-0.9000000000000057,-4.0,,,,,25.0,1.0,test,,-5.760400295257568,22.106719970703125,12.119906425476074,94.9171142578125,-5.371118068695068,29.32891273498535,0.5514861941337585,50.910545349121094,20.463817596435547,1.2941405773162842,-1.12762451171875,,0.9933058619499207,0.0,33.27402114868164,-6.3079833984375,9.67790412902832,88.47254943847656,20.128320693969727,28.99664878845215,-0.1124386414885521,81.87983703613281,1.806913137435913,1.122422456741333,4.831159591674805,3.28538179397583,-0.16223084926605225,-0.2596636712551117,1001.7503051757812,11.75030517578125,0.992036759853363,0.8703755140304565,,,5.698500924113266
2008168N22090,UNNAMED,2008-06-17 09:00:00,23.0,88.0,25.0,990.0,30.0,1,2008,6,1,1.2246467991473532e-16,-1.0,0.0,-0.5,0.1999999999999993,-1.0,0.0,0.0,0.0,8.529628098303675,-1.0,6.123233995736766e-17,0.10000000000000142,-0.09999999999999432,-1.0,0.5,-0.4000000000000057,-3.0,1.0,-1.0,-5.0,,,,,25.0,1.0,test,,-5.71917724609375,30.325864791870117,15.380200386047363,96.53775787353516,-3.2969930171966553,26.32427978515625,1.39434814453125,54.7880859375,19.54150390625,-1.97247314453125,-1.63751220703125,,0.9874453544616699,0.0,35.959251403808594,-6.32281494140625,9.465816497802734,86.91167449951172,20.501924514770508,29.07070541381836,-0.5908676385879517,81.7114486694336,2.3615520000457764,1.0303560495376587,5.4423370361328125,3.6012349128723145,0.299256831407547,-0.6361090540885925,999.5993041992188,9.59930419921875,0.9926575422286987,0.8006202578544617,,,5.698500924113266
2008168N22090,UNNAMED,2008-06-17 12:00:00,23.0,88.0,25.0,990.0,33.0,1,2008,6,1,1.2246467991473532e-16,-1.0,0.0,-0.20000000000000284,0.0,-0.7999999999999972,0.0,0.0,0.0,3.411851239321518,-1.0,6.123233995736766e-17,0.1999999999999993,-0.20000000000000284,-2.0,0.6999999999999993,-0.7000000000000028,-4.0,,,,,,,,25.0,1.0,test,,-4.89892578125,19.892879486083984,20.653234481811523,99.50433349609375,-2.472031831741333,20.949844360351562,1.0665283203125,43.884765625,20.231689453125,-0.36309814453125,0.43499755859375,,0.9874453544616699,0.0,38.74400329589844,-6.59613037109375,9.48015308380127,89.94127655029297,20.82525062561035,29.07070541381836,-0.5958592891693115,83.82838439941406,2.446683406829834,0.9004761576652527,5.808256149291992,3.7591915130615234,0.20424801111221313,-0.942569375038147,999.9758911132812,9.97589111328125,0.9927830100059509,0.8048949837684631,,,5.698500924113266
2008168N22090,UNNAMED,2008-06-17 15:00:00,23.1,87.9,24.0,990.4,36.0,1,2008,6,1,1.2246467991473532e-16,-1.0,0.10000000000000142,-0.09999999999999432,0.10000000000000142,-0.5999999999999943,-1.0,-1.0,-1.0,2.518014796670094,-0.6769853744170652,0.7359964693022556,0.3999999999999986,-0.30000000000001137,-2.0,0.8999999999999986,-0.9000000000000057,-4.0,,,,,,,,24.0,1.0,test,,-5.001674652099609,24.486133575439453,23.061302185058594,95.14382934570312,-4.627816200256348,15.872272491455078,0.979142427444458,44.6984748840332,20.08993148803711,3.4909398555755615,1.2130322456359863,,0.9885058999061584,0.0,38.99895477294922,-6.63739013671875,11.367684364318848,90.59785461425781,21.35758399963379,29.10944366455078,-0.8313808441162109,84.37710571289062,2.2981648445129395,0.8889234662055969,5.820589065551758,3.594327926635742,-0.08850760757923126,-0.7526687383651733,1002.1544189453125,11.754418945312523,0.9902492165565491,0.8390161991119385,,,5.721922975969662
2008168N22090,UNNAMED,2008-06-17 18:00:00,23.2,87.8,23.0,990.8,39.0,1,2008,6,1,1.2246467991473532e-16,-1.0,0.1999999999999993,-0.20000000000000284,0.1999999999999993,-0.4000000000000057,-2.0,-2.0,-2.0,5.0343082017403935,-0.6767116748576955,0.73624813012414,0.5,-0.5,-2.0,,,,,,,,,,,23.0,1.0,test,,-4.473645210266113,30.88431739807129,19.33056640625,93.0494613647461,-3.5571043491363525,10.450933456420898,1.1091912984848022,50.512149810791016,18.69709014892578,3.8581347465515137,2.724616765975952,,0.9894068241119385,0.0,41.06419372558594,-6.68243408203125,15.91461181640625,89.5823974609375,21.79783058166504,29.099525451660156,0.024677468463778496,82.98987579345703,2.336693048477173,1.172682285308838,5.801151752471924,3.5903797149658203,0.006622969172894955,-0.22724604606628418,1002.9010009765625,12.101000976562545,0.992435872554779,0.8881165981292725,,,5.745327597856349
2008168N22090,UNNAMED,2008-06-17 21:00:00,23.5,87.6,22.0,991.2,42.0,1,2008,6,1,1.2246467991473532e-16,-1.0,0.3999999999999986,-0.30000000000001137,0.5,-0.4000000000000057,-2.0,-3.0,-3.0,8.997140841770655,-0.5666938906737696,0.8239284157455826,0.5,-0.5999999999999943,-2.0,,,,,,,,,,,22.0,1.0,test,,-5.525671482086182,35.261959075927734,14.85239315032959,92.33877563476562,-1.9981400966644287,9.218805313110352,1.2088104486465454,52.167381286621094,19.956981658935547,-0.04038085788488388,2.423754930496216,,0.9935362339019775,0.0,40.856483459472656,-6.281982421875,17.369415283203125,90.85503387451172,21.071258544921875,29.16259765625,0.09712104499340057,83.86000061035156,2.734217643737793,1.1873903274536133,5.74916934967041,3.4416472911834717,0.7456181049346924,-0.07999901473522186,1001.724853515625,10.524853515624955,0.9657592177391052,0.9677308201789856,,,5.815436171019575
2008168N22090,UNNAMED,2008-06-18 00:00:00,23.7,87.3,21.0,991.6,45.0,1,2008,6,1,1.2246467991473532e-16,-1.0,0.5,-0.5,0.6999999999999993,-0.7000000000000028,-2.0,-4.0,-4.0,12.564016712807637,-0.675322128223805,0.7375228966827204,,,,,,,,,,,,,,21.0,1.0,test,,-5.775356292724609,27.62265396118164,14.946906089782715,88.08425903320312,1.3296711444854736,3.096320867538452,0.8755688667297363,48.0791015625,19.7857723236084,-0.6995459198951721,1.6774219274520874,,0.993484377861023,0.0,43.46674728393555,-6.23663330078125,15.581746101379395,90.2188491821289,21.185144424438477,28.963884353637695,-0.3884824514389038,82.03730010986328,2.668400764465332,0.8462052941322327,5.420987129211426,3.120332717895508,0.8780592679977417,-0.4780169725418091,1001.945068359375,10.345068359374977,0.9879583716392517,0.9447146058082581,,,5.862086764305853
2008168N22090,UNNAMED,2008-06-18 03:00:00,24.0,87.0,20.0,992.0,48.0,1,2008,6,1,1.2246467991473532e-16,-1.0,0.5,-0.5999999999999943,0.8999999999999986,-0.9000000000000057,-2.0,-4.0,-5.0,13.74961020285442,-0.7387968507025724,0.6739281960208825,,,,,,,,,,,,,,20.0,1.0,test,,-5.36627197265625,17.433753967285156,11.459348678588867,85.59964752197266,-1.6944948434829712,1.7380828857421875,0.6138916015625,48.6552734375,19.5673828125,2.2406005859375,1.126220703125,,0.9988111257553101,0.0,35.13871765136719,-5.68670654296875,9.695854187011719,89.31987762451172,18.83905029296875,28.947452545166016,-0.6030712127685547,81.76363372802734,2.6064891815185547,1.0671876668930054,4.928922653198242,3.1588478088378906,1.0868209600448608,-0.1721898913383484,1003.0311279296875,11.0311279296875,0.9638626575469971,0.9982507228851318,,,5.931928549946086
2008223N20086,UNNAMED,2008-08-09 12:00:00,20.0,86.0,25.0,988.0,0.0,1,2008,8,1,-0.8660254037844384,-0.5000000000000004,,,,,,,,,,,0.6000000000000014,-0.20000000000000284,0.0,1.1999999999999993,-0.4000000000000057,0.0,2.0,-0.5999999999999943,0.0,,,,,25.0,1.0,test,,-4.21624755859375,12.251093864440918,8.357392311096191,76.52008056640625,-3.1714773178100586,25.30718231201172,0.569000244140625,37.935546875,19.58251953125,-2.8187255859375,-3.33624267578125,,0.7450182437896729,0.0,30.1826114654541,-5.79412841796875,10.848353385925293,81.42830657958984,18.638511657714844,28.192852020263672,0.042267899960279465,73.64192199707031,-2.7802650928497314,0.994592547416687,1.775827407836914,2.520094394683838,-6.17841100692749,-0.10163833945989609,995.844970703125,7.844970703125,0.9861334562301636,0.9887306094169617,134.7146453857422,109.71464538574219,4.988090174290218
2008223N20086,UNNAMED,2008-08-09 15:00:00,20.3,85.9,25.0,988.4,3.0,1,2008,8,1,-0.8660254037844384,-0.5000000000000004,,,,,,,,,,,0.5999999999999979,-0.20000000000000284,0.0,1.1999999999999993,-0.4000000000000057,0.0,2.1999999999999993,-0.7000000000000028,0.0,,,,,25.0,1.0,test,,-3.8779101371765137,13.380870819091797,7.654759407043457,69.60121154785156,-0.8684704899787903,5.314292907714844,0.3052099645137787,31.3721866607666,19.413652420043945,1.5583959817886353,-2.353632926940918,,0.9737539887428284,0.0,29.362459182739258,-5.4718017578125,5.89324426651001,80.88858795166016,18.739816665649414,28.2680606842041,-0.26380300521850586,72.87921142578125,-3.4475934505462646,1.3447703123092651,1.520004153251648,3.1019704341888428,-7.255578517913818,0.2149609923362732,998.0574951171875,9.657495117187523,0.9879775643348694,0.9970332384109497,135.15988159179688,110.15988159179688,5.059778929674678
2008223N20086,UNNAMED,2008-08-09 18:00:00,20.6,85.8,25.0,988.8,6.0,1,2008,8,1,-0.8660254037844384,-0.5000000000000004,0.6000000000000014,-0.20000000000000284,,,0.0,,,11.648207711906414,-0.29785738330113576,0.9546103808428862,0.5999999999999979,-0.20000000000000284,0.0,1.3999999999999986,-0.3999999999999915,0.0,,,,,,,,25.0,1.0,test,,-4.133408069610596,17.662979125976562,9.323528289794922,66.66650390625,-1.5441957712173462,0.4528457522392273,-0.003114623948931694,35.369529724121094,18.748945236206055,1.7146191596984863,-1.1788476705551147,,0.9806060194969177,0.0,25.26789665222168,-5.13067626953125,5.299496650695801,78.57806396484375,17.937395095825195,28.354108810424805,-0.49896228313446045,67.55689239501953,-3.6523165702819824,2.0818450450897217,1.5495344400405884,3.466970920562744,-7.586493015289307,1.3883353471755981,998.52099609375,9.720996093750045,0.9964557886123657,0.9907988905906677,135.93646240234375,110.93646240234375,5.131328968663853
2008223N20086,UNNAMED,2008-08-09 21:00:00,20.9,85.7,25.0,989.2,9.0,1,2008,8,1,-0.8660254037844384,-0.5000000000000004,0.5999999999999979,-0.20000000000000284,,,0.0,,,11.646161558161621,-0.29731932420638085,0.9547780995883081,0.6000000000000014,-0.20000000000000284,0.0,1.6000000000000014,-0.5,0.0,,,,,,,,25.0,1.0,test,,-3.573837995529175,19.70534324645996,8.316734313964844,77.80554962158203,1.8501527309417725,2.8540453910827637,-0.20479004085063934,25.408475875854492,19.882177352905273,-1.456088900566101,0.2767065465450287,,0.9846858382225037,0.0,23.513381958007812,-4.4649658203125,4.327669620513916,82.437255859375,15.392714500427246,28.433847427368164,-0.5672252774238586,71.52668762207031,-3.2800607681274414,2.2562191486358643,1.5781279802322388,3.1702492237091064,-6.832108974456787,2.0267629623413086,997.5910034179688,8.391003417968705,0.9980847835540771,0.9923009872436523,,,5.202738329677277
2008223N20086,UNNAMED,2008-08-10 00:00:00,21.2,85.6,25.0,989.6,12.0,1,2008,8,1,-0.8660254037844384,-0.5000000000000004,0.5999999999999979,-0.20000000000000284,1.1999999999999993,-0.4000000000000057,0.0,0.0,,11.64409093198755,-0.2967735471484756,0.9549478842915521,0.8000000000000007,-0.19999999999998863,0.0,,,,,,,,,,,25.0,1.0,test,,-2.987734317779541,13.269576072692871,2.6426680088043213,85.99447631835938,0.26782891154289246,2.508718252182007,-0.26667359471321106,26.084609985351562,20.082128524780273,-0.5517261028289795,1.0321727991104126,,0.9878354668617249,0.0,20.494966506958008,-4.1427001953125,2.6097872257232666,84.02299499511719,14.83718490600586,28.171310424804688,0.5969851613044739,73.10595703125,-3.3397436141967773,1.894385814666748,0.5188130140304565,3.1381359100341797,-5.897040367126465,1.5952963829040527,998.1563720703125,8.556372070312477,0.9938943982124329,0.9571387767791748,,,5.2740050549912505
2008223N20086,UNNAMED,2008-08-10 03:00:00,21.5,85.5,25.0,990.0,15.0,1,2008,8,1,-0.8660254037844384,-0.5000000000000004,0.6000000000000014,-0.20000000000000284,1.1999999999999993,-0.4000000000000057,0.0,0.0,,11.64199604745488,-0.29622005553586656,0.9551197195631175,1.0,-0.29999999999999716,0.0,,,,,,,,,,,25.0,1.0,test,,-1.92474365234375,11.798115730285645,5.849592685699463,84.0859603881836,-1.7791105508804321,2.3174362182617188,-0.286468505859375,25.978515625,20.180908203125,1.64373779296875,0.14874267578125,,0.9974535703659058,0.0,24.977657318115234,-3.49609375,2.1939196586608887,85.14947509765625,14.629512786865234,28.219955444335938,0.08866971731185913,74.27819061279297,-3.4455056190490723,2.0002288818359375,0.046665094792842865,3.660508632659912,-5.582398891448975,1.1807492971420288,999.4137573242188,9.41375732421875,0.9962098002433777,0.984754204750061,,,5.345127190792497
2008223N20086,UNNAMED,2008-08-10 06:00:00,22.0,85.4,25.0,990.0,18.0,1,2008,8,1,-0.8660254037844384,-0.5000000000000004,0.8000000000000007,-0.19999999999998863,1.3999999999999986,-0.3999999999999915,0.0,0.0,,15.219084840310488,-0.2258090412801386,0.9741715849254404,,,,,,,,,,,,,,25.0,1.0,test,,-1.6092407703399658,8.640632629394531,9.527483940124512,79.77538299560547,0.9176925420761108,2.84814453125,-0.42483216524124146,22.855859756469727,20.172021865844727,0.24873046576976776,-0.5933837890625,,0.9982712268829346,0.0,27.75695037841797,-3.6876220703125,3.2097721099853516,84.8024673461914,15.044830322265625,28.36903190612793,-0.030562270432710648,75.41730499267578,-3.277747631072998,2.1313233375549316,0.04488664120435715,4.008429050445557,-5.3300299644470215,0.958008348941803,999.2999267578125,9.2999267578125,0.9993227124214172,0.9992223381996155,,,5.463337479696344
2008223N20086,UNNAMED,2008-08-10 09:00:00,22.5,85.2,25.0,990.0,21.0,1,2008,8,1,-0.8660254037844384,-0.5000000000000004,1.0,-0.29999999999999716,1.6000000000000014,-0.5,0.0,0.0,,19.231161990903328,-0.26709458499227706,0.9636703184532578,,,,,,,,,,,,,,25.0,1.0,test,,-1.51666259765625,8.710596084594727,9.239616394042969,88.38710021972656,1.993505597114563,1.6719818115234375,0.05083312839269638,19.9345703125,20.753320693969727,-2.7982177734375,-1.8119628429412842,,0.9930582046508789,0.0,19.052261352539062,-3.09716796875,5.014543533325195,83.56950378417969,15.746588706970215,28.624908447265625,0.3752283751964569,75.46109008789062,-2.881120204925537,1.8104324340820312,0.4392276704311371,3.9113290309906006,-5.036753177642822,0.44007086753845215,997.632080078125,7.632080078125,0.9995057582855225,0.8368281126022339,,,5.581131714298943
2008259N20089,UNNAMED,2008-09-15 06:00:00,19.7,88.8,18.0,996.0,0.0,1,2008,9,1,-1.0,-1.8369701987210297e-16,,,,,,,,,,,-0.09999999999999787,-0.29999999999999716,7.0,0.0,-0.7000000000000028,7.0,0.10000000000000142,-0.8999999999999915,7.0,0.6999999999999993,-1.3999999999999915,13.0,0.0,40.0,3.0,test,29.54945945739746,-5.043505668640137,20.278301239013672,5.76409912109375,91.7628173828125,1.7662395238876343,21.967388153076172,0.5436499118804932,47.842227935791016,20.692724227905273,-1.0020581483840942,-4.62991189956665,2.7011327743530273,0.0,225.79470825195312,25.806528091430664,-5.109375,22.279762268066406,91.20096588134766,18.205774307250977,29.158689498901367,2.1346583366394043,83.81660461425781,-1.0807019472122192,0.18615181744098663,1.3103225231170654,1.3899258375167847,-2.7771084308624268,-0.6517466902732849,1005.82861328125,9.82861328125,0.0,0.0,153.1407470703125,135.1407470703125,4.9162646678939135
2008259N20089,UNNAMED,2008-09-15 09:00:00,19.6,88.7,20.0,996.0,3.0,1,2008,9,1,-1.0,-1.8369701987210297e-16,,,,,,,,,,,0.0,-0.29999999999999716,5.0,0.09999999999999787,-0.7000000000000028,6.0,0.5,-1.1000000000000085,10.0,1.0,-1.5,10.0,0.0,40.0,3.0,test,29.550006866455078,-5.245984077453613,23.471343994140625,12.389498710632324,89.66355895996094,-2.991389751434326,11.361176490783691,1.177012324333191,48.78855514526367,20.41985321044922,-4.614814281463623,-5.62112283706665,2.883486270904541,0.0,226.5496368408203,29.561689376831055,-5.3134765625,18.68844223022461,88.36102294921875,19.433805465698242,29.14922332763672,1.6807528734207153,80.88973236083984,-0.49948588013648987,0.008838821202516556,2.4191155433654785,1.5818002223968506,-2.57719349861145,-1.0778979063034058,1002.6417236328125,6.6417236328125,0.0,0.0,152.77853393554688,132.77853393554688,4.892292783551669
2008259N20089,UNNAMED,2008-09-15 12:00:00,19.6,88.5,25.0,996.0,6.0,1,2008,9,1,-1.0,-1.8369701987210297e-16,-0.09999999999999787,-0.29999999999999716,,,7.0,,,5.555810509559321,-0.9427254428714419,-0.3335696919128651,0.09999999999999787,-0.4000000000000057,0.0,0.1999999999999993,-0.5999999999999943,0.0,0.7999999999999972,-1.0999999999999943,6.0,1.1999999999999993,-1.2999999999999972,5.0,0.0,40.0,3.0,test,29.631256103515625,-5.136523246765137,29.890392303466797,12.231195449829102,94.34758758544922,-2.6487910747528076,2.469067335128784,1.8940887451171875,52.564453125,21.188135147094727,-3.3690428733825684,-4.544751167297363,1.999658226966858,0.0,208.79676818847656,40.81761932373047,-5.41571044921875,16.924358367919922,88.22271728515625,19.000768661499023,29.15542221069336,2.4878056049346924,81.63763427734375,-0.29200705885887146,-1.0712138414382935,2.408484935760498,1.060251235961914,-2.256387233734131,-2.559730291366577,1002.5973510742188,6.59735107421875,0.0,0.0,153.7595672607422,128.7595672607422,4.892292783551669
2008259N20089,UNNAMED,2008-09-15 15:00:00,19.6,88.4,25.0,996.0,9.0,1,2008,9,1,-1.0,-1.8369701987210297e-16,0.0,-0.29999999999999716,,,5.0,,,5.237603923134123,-1.0,6.123233995736766e-17,0.09999999999999787,-0.4000000000000057,1.0,0.5,-0.8000000000000114,5.0,1.0,-1.2000000000000028,5.0,1.5,-1.4000000000000057,5.0,0.0,40.0,3.0,test,29.664459228515625,-6.499064922332764,41.64939880371094,13.061243057250977,91.8385238647461,0.15857595205307007,2.594663619995117,2.0503129959106445,63.8449592590332,21.067852020263672,0.6700439453125,-4.201952934265137,2.110790967941284,0.0,199.80552673339844,48.781715393066406,-6.7236328125,16.58426284790039,86.17730712890625,20.522275924682617,29.16556739807129,1.2120826244354248,79.84565734863281,-0.689871609210968,-1.1265208721160889,2.5010221004486084,1.2255710363388062,-2.993605852127075,-2.710313320159912,1004.7733154296875,8.7733154296875,0.0,0.0,154.18540954589844,129.18540954589844,4.892292783551669
2008259N20089,UNNAMED,2008-09-15 18:00:00,19.7,88.1,25.0,986.0,12.0,1,2008,9,1,-1.0,-1.8369701987210297e-16,0.09999999999999787,-0.4000000000000057,0.0,-0.7000000000000028,0.0,7.0,,7.220987991308122,-0.9665050207938968,0.25664770558138467,0.10000000000000142,-0.19999999999998863,0.0,0.6999999999999993,-0.6999999999999886,6.0,1.1000000000000014,-0.8999999999999915,5.0,1.4000000000000021,-1.5,5.0,0.0,40.0,3.0,test,29.73176383972168,-6.657082557678223,26.70330238342285,16.32822036743164,89.33460235595703,-3.726917266845703,6.610968112945557,2.168133497238159,63.62421798706055,21.48550796508789,0.6198974847793579,-3.2981934547424316,2.6385838985443115,0.0,167.15380859375,45.66886901855469,-7.30584716796875,19.290037155151367,87.0452651977539,21.114763259887695,29.19933319091797,1.3807156085968018,79.84200286865234,-0.6292170882225037,-0.770407497882843,2.7975447177886963,1.2279621362686157,-3.0651426315307617,-2.046987771987915,1004.951904296875,18.951904296875,0.0,0.0,155.60118103027344,130.60118103027344,4.9162646678939135
2008259N20089,UNNAMED,2008-09-15 21:00:00,19.7,88.0,26.0,990.0,15.0,1,2008,9,1,-1.0,-1.8369701987210297e-16,0.09999999999999787,-0.4000000000000057,0.09999999999999787,-0.7000000000000028,1.0,6.0,,7.220987991308122,-0.9665050207938968,0.25664770558138467,0.40000000000000213,-0.4000000000000057,4.0,0.9000000000000021,-0.7999999999999972,4.0,1.4000000000000021,-1.0,4.0,1.4000000000000021,-1.7000000000000028,14.0,0.0,40.0,3.0,test,29.709575653076172,-6.993725776672363,30.283842086791992,16.458065032958984,88.34476470947266,-6.344005107879639,10.235595703125,2.1080291271209717,65.39765930175781,21.145702362060547,-2.242748975753784,-1.791015625,2.638622999191284,0.0,158.2789764404297,40.03739929199219,-7.94781494140625,22.845417022705078,87.38224792480469,21.332063674926758,29.208316802978516,1.8144339323043823,80.4842758178711,-0.4221559762954712,-0.5905722975730896,3.016113758087158,1.074546456336975,-2.819932222366333,-1.5856773853302002,1003.5684204101562,13.56842041015625,0.0,0.0,155.85340881347656,129.85340881347656,4.9162646678939135
2008259N20089,UNNAMED,2008-09-16 00:00:00,19.8,87.9,25.0,994.0,18.0,1,2008,9,1,-1.0,-1.8369701987210297e-16,0.10000000000000142,-0.19999999999998863,0.1999999999999993,-0.5999999999999943,0.0,0.0,,3.949217258505792,-0.8830546262344924,0.4692702069020161,0.5999999999999979,-0.5,6.0,1.0,-0.7000000000000028,5.0,1.3000000000000007,-1.3000000000000114,5.0,1.3000000000000007,-1.8000000000000114,5.0,0.0,40.0,3.0,test,29.642702102661133,-7.971328258514404,33.7838020324707,7.489078521728516,91.6138687133789,1.4796870946884155,13.777088165283203,2.1467700004577637,66.48507690429688,21.5386905670166,-3.0300097465515137,-2.445629835128784,2.5419092178344727,0.0,143.6671142578125,45.24631881713867,-8.44476318359375,23.60749053955078,88.77777862548828,18.296192169189453,29.133785247802734,0.6961789131164551,81.36308288574219,-0.34389635920524597,-0.4883553087711334,2.5429739952087402,0.9429125189781189,-2.3826582431793213,-1.306317925453186,1003.6992797851562,9.69927978515625,0.0,0.0,154.92543029785156,129.92543029785156,4.940221576441379
2008259N20089,UNNAMED,2008-09-16 03:00:00,20.1,87.6,30.0,994.0,21.0,1,2008,9,1,-1.0,-1.8369701987210297e-16,0.40000000000000213,-0.4000000000000057,0.5,-0.8000000000000114,4.0,5.0,,10.16932301005025,-0.684559403206898,0.7289570793133267,0.5,-0.3999999999999915,0.0,1.0,-0.5999999999999943,0.0,1.0,-1.2999999999999972,10.0,1.3999999999999986,-2.0,0.0,0.0,40.0,3.0,test,29.615631103515625,-8.6434907913208,43.249332427978516,9.323284149169922,93.27498626708984,1.702070713043213,31.230358123779297,2.02946400642395,69.34593963623047,21.079063415527344,-0.2346215844154358,-3.1962597370147705,2.2119715213775635,0.0,100.25328826904297,46.321102142333984,-9.18743896484375,21.272775650024414,89.81485748291016,18.137008666992188,29.198278427124023,0.8824940323829651,81.93098449707031,-0.6145269274711609,-0.056236572563648224,1.8041248321533203,1.432503342628479,-2.2839300632476807,-0.9237056970596313,1005.2218017578125,11.2218017578125,0.0,0.0006327444571070373,155.34112548828125,125.34112548828125,5.012001717775542
2008259N20089,UNNAMED,2008-09-16 06:00:00,20.4,87.4,31.0,992.0,24.0,1,2008,9,1,-1.0,-1.8369701987210297e-16,0.5999999999999979,-0.5,0.6999999999999993,-0.6999999999999886,6.0,6.0,13.0,14.109360555041356,-0.6155551274806715,0.788093830094015,0.40000000000000213,-0.20000000000000284,-1.0,0.7000000000000028,-0.8000000000000114,-1.0,0.7000000000000028,-1.3000000000000114,-1.0,1.3000000000000007,-2.200000000000003,4.0,0.0,40.0,3.0,test,29.572036743164062,-8.66611099243164,41.938934326171875,9.460733413696289,88.99251556396484,3.9878711700439453,30.763835906982422,2.0082342624664307,71.81996154785156,21.341346740722656,-0.3283007740974426,-3.8806934356689453,2.149423837661743,1.516342194918252e-06,70.17584991455078,45.514503479003906,-9.283935546875,19.115018844604492,88.52074432373047,17.13419532775879,29.258258819580078,0.12519307434558868,82.03254699707031,-0.29970529675483704,0.41426214575767517,1.8602665662765503,1.9806574583053589,-1.7509604692459106,-0.5299187898635864,1004.7953491210938,12.79534912109375,5.956823588348925e-05,0.1147746816277504,154.63597106933594,123.63597106933594,5.083644452550817
2008259N20089,UNNAMED,2008-09-16 09:00:00,20.6,87.2,30.0,990.0,27.0,1,2008,9,1,-1.0,-1.8369701987210297e-16,0.5,-0.3999999999999915,0.9000000000000021,-0.7999999999999972,0.0,4.0,10.0,11.576408754935981,-0.5994094960990546,0.8004425375917233,0.5,-0.20000000000000284,0.0,0.5,-0.9000000000000057,10.0,0.8999999999999986,-1.6000000000000085,0.0,1.2999999999999972,-2.4000000000000057,0.0,0.0,40.0,3.0,test,,-8.15640640258789,36.787742614746094,13.129535675048828,85.68463897705078,9.270660400390625,15.331650733947754,2.142646551132202,69.24336242675781,21.124170303344727,-3.753830671310425,-4.699643611907959,,0.05201682075858116,47.020103454589844,45.871910095214844,-9.01824951171875,17.64447784423828,86.7184829711914,17.82229995727539,29.294456481933594,0.4218989610671997,81.67266082763672,0.25423941016197205,0.3145832419395447,2.7456142902374268,2.2324016094207764,-1.4062879085540771,-0.9076905846595764,1002.3063354492188,12.30633544921875,0.00017537888197693974,0.0004996220231987536,154.3541259765625,124.3541259765625,5.131328968663853
2008259N20089,UNNAMED,2008-09-16 12:00:00,20.8,87.2,30.0,986.0,30.0,1,2008,9,1,-1.0,-1.8369701987210297e-16,0.40000000000000213,-0.20000000000000284,1.0,-0.7000000000000028,-1.0,5.0,5.0,8.182806266542947,-0.42344047466074647,0.9059239286049805,0.3000000000000007,-0.6000000000000085,0.0,0.3000000000000007,-1.1000000000000085,0.0,0.8999999999999986,-2.0,5.0,1.1999999999999993,-2.6000000000000085,0.0,0.0,40.0,3.0,test,,-8.032417297363281,35.251434326171875,13.722467422485352,87.25882720947266,-0.23674841225147247,7.240108013153076,2.7702159881591797,72.30738067626953,21.169218063354492,-2.511106014251709,-4.133813381195068,,0.05995890125632286,47.020103454589844,47.014625549316406,-9.008056640625,17.792850494384766,88.32377624511719,19.38260269165039,29.325260162353516,1.7330372333526611,83.61841583251953,-0.03880758583545685,-0.3478005826473236,2.3500890731811523,1.7481613159179688,-1.62809157371521,-1.6897594928741455,1002.2544555664062,16.25445556640625,0.07323247194290161,0.07950204610824585,153.74935913085938,123.74935913085938,5.178950961152752
2008259N20089,UNNAMED,2008-09-16 15:00:00,21.1,87.0,30.0,986.0,33.0,1,2008,9,1,-1.0,-1.8369701987210297e-16,0.5,-0.20000000000000284,1.0,-0.5999999999999943,0.0,0.0,5.0,9.890454976851213,-0.3496292420241755,0.9368881433349451,0.0,-0.7000000000000028,10.0,0.3999999999999986,-1.4000000000000057,0.0,0.7999999999999972,-2.200000000000003,0.0,0.8999999999999986,-2.700000000000003,-4.0,0.0,40.0,3.0,test,29.50469398498535,-8.17388916015625,40.1009521484375,12.07276725769043,94.3671875,-0.6560631394386292,14.793197631835938,2.221099853515625,70.62480163574219,21.520849227905273,1.89813232421875,-3.223010301589966,3.0107421875,0.2922441363334656,26.12228012084961,46.002376556396484,-8.482666015625,16.801734924316406,88.83670806884766,18.86214828491211,29.3701114654541,1.1281421184539795,83.45816802978516,-0.5526894927024841,-0.25927773118019104,1.9471145868301392,1.9486901760101318,-2.208204507827759,-1.7188503742218018,1004.7695922851562,18.76959228515625,0.8280429840087891,0.9670709371566772,153.57884216308594,123.57884216308594,5.250265448984451
2008259N20089,UNNAMED,2008-09-16 18:00:00,21.1,86.6,30.0,988.0,36.0,1,2008,9,1,-1.0,-1.8369701987210297e-16,0.3000000000000007,-0.6000000000000085,0.7000000000000028,-0.8000000000000114,0.0,-1.0,5.0,11.769885952807215,-0.8813999449177241,0.47237076232450387,0.0,-0.5,0.0,0.5999999999999979,-1.3999999999999915,5.0,0.8999999999999986,-2.0,0.0,0.8999999999999986,-2.6999999999999886,-4.0,0.0,40.0,3.0,test,,-8.383874893188477,41.902530670166016,6.779038906097412,99.67839813232422,9.772316932678223,24.898170471191406,2.9724864959716797,71.8837890625,21.530439376831055,1.3051269054412842,-3.124584913253784,,0.9243282079696655,0.0,43.15110397338867,-8.53924560546875,15.15727424621582,90.84126281738281,18.547697067260742,29.384553909301758,1.2041137218475342,86.15603637695312,-0.887813150882721,0.20805689692497253,1.9598644971847534,2.0342483520507812,-2.8105592727661133,-1.0071221590042114,1004.920166015625,16.920166015625,0.9730907678604126,0.9883492588996887,153.63084411621094,123.63084411621094,5.250265448984451
2008259N20089,UNNAMED,2008-09-16 21:00:00,21.1,86.3,40.0,990.0,39.0,1,2008,9,1,-1.0,-1.8369701987210297e-16,0.0,-0.7000000000000028,0.5,-0.9000000000000057,10.0,10.0,14.0,12.10297296890741,-1.0,6.123233995736766e-17,0.3999999999999986,-0.7000000000000028,-10.0,0.7999999999999972,-1.5,-10.0,0.8999999999999986,-2.0,-14.0,1.0,-2.799999999999997,-14.0,0.0,40.0,3.0,test,,-8.509760856628418,46.47514724731445,5.24715518951416,98.13680267333984,10.203930854797363,36.0897331237793,2.872265100479126,68.92015838623047,21.74911117553711,-2.1667308807373047,-2.478518009185791,,0.9785164594650269,0.0,51.365474700927734,-8.57061767578125,17.97486686706543,90.34025573730469,18.307144165039062,29.386594772338867,1.943803071975708,85.4854965209961,-0.7342852354049683,0.3876517415046692,2.172067165374756,1.9214847087860107,-2.7079877853393555,-0.6127980947494507,1003.8037109375,13.8037109375,0.9877395629882812,0.994009256362915,153.6710968017578,113.67109680175781,5.250265448984451
2008259N20089,UNNAMED,2008-09-17 00:00:00,21.1,86.1,30.0,992.0,42.0,1,2008,9,1,-1.0,-1.8369701987210297e-16,0.0,-0.5,0.3000000000000007,-1.1000000000000085,0.0,0.0,5.0,8.644980692076688,-1.0,6.123233995736766e-17,0.5999999999999979,-0.8999999999999915,5.0,0.8999999999999986,-1.5,0.0,0.8999999999999986,-2.1999999999999886,-4.0,1.0999999999999979,-3.0,-4.0,0.0,35.0,3.0,test,,-8.538681983947754,59.5064697265625,6.320989608764648,98.24884796142578,5.120848178863525,24.189029693603516,3.632612943649292,71.80476379394531,21.109092712402344,-2.1112256050109863,-2.0661816596984863,,0.9777551293373108,0.0,76.72779083251953,-8.989013671875,20.677282333374023,89.9610366821289,18.972740173339844,28.704280853271484,2.55212664604187,84.9427490234375,-1.028525710105896,0.5201969742774963,1.8334835767745972,2.1136186122894287,-2.898524045944214,-0.47453102469444275,1003.9496459960938,11.94964599609375,0.9905452728271484,0.9335107207298279,147.1812286376953,117.18122863769531,5.250265448984451
2008259N20089,UNNAMED,2008-09-17 03:00:00,21.5,85.6,30.0,992.0,45.0,1,2008,9,1,-1.0,-1.8369701987210297e-16,0.3999999999999986,-0.7000000000000028,0.3999999999999986,-1.4000000000000057,-10.0,0.0,0.0,14.164719113247132,-0.8521224041605372,0.5233425344147619,0.3999999999999986,-0.7999999999999972,0.0,0.5,-1.2999999999999972,-4.0,0.6000000000000014,-2.0999999999999943,-4.0,0.8999999999999986,-2.8999999999999915,0.0,0.0,35.0,3.0,test,,-7.898938179016113,46.520206451416016,5.102062225341797,99.68114471435547,-2.518339157104492,44.3189697265625,3.4459776878356934,71.17578125,21.171142578125,0.24576416611671448,-3.3694701194763184,,0.9975140690803528,0.0,64.05999755859375,-8.432861328125,20.422069549560547,89.38530731201172,18.15081787109375,28.81388282775879,2.826308012008667,84.4691162109375,-1.3056761026382446,0.8956222534179688,1.3198477029800415,2.411999464035034,-2.9990901947021484,-0.05134667456150055,1005.9912109375,13.9912109375,0.9887835383415222,0.9853861927986145,,,5.345127190792497
2008259N20089,UNNAMED,2008-09-17 06:00:00,21.7,85.2,35.0,992.0,48.0,1,2008,9,1,-1.0,-1.8369701987210297e-16,0.5999999999999979,-0.8999999999999915,0.5999999999999979,-1.3999999999999915,5.0,5.0,4.0,19.073739949334463,-0.812490601472209,0.5829742897584148,0.3000000000000007,-0.6000000000000085,-5.0,0.3000000000000007,-1.2999999999999972,-9.0,0.5,-2.1000000000000085,-9.0,0.9000000000000021,-2.799999999999997,-13.0,0.0,35.0,3.0,test,,-7.292367935180664,43.54048156738281,6.730161666870117,101.00726318359375,1.5639485120773315,44.843894958496094,3.4165642261505127,67.90941619873047,21.258066177368164,0.7752538919448853,-2.755566358566284,,0.9752779603004456,0.0,52.71596908569336,-8.1341552734375,19.373483657836914,88.1771011352539,16.985103607177734,28.88591194152832,1.5871753692626953,82.28079223632812,-1.114012360572815,1.3065823316574097,1.371359944343567,2.534306764602661,-2.7014236450195312,0.5635520815849304,1005.7514038085938,13.75140380859375,0.9757141470909119,0.9939568638801575,,,5.392460657432981
2008259N20089,UNNAMED,2008-09-17 09:00:00,21.9,84.8,30.0,992.0,51.0,1,2008,9,1,-1.0,-1.8369701987210297e-16,0.3999999999999986,-0.7999999999999972,0.7999999999999972,-1.5,0.0,-10.0,0.0,15.626351604647203,-0.8803142696606379,0.4743909639019886,0.10000000000000142,-0.5,-4.0,0.20000000000000284,-1.2999999999999972,-4.0,0.5,-2.0999999999999943,0.0,1.0,-2.700000000000003,-5.0,0.0,30.0,2.0,test,,-6.586950778961182,45.20423126220703,5.756268501281738,98.64542388916016,1.9988336563110352,46.114654541015625,2.9454047679901123,61.62730407714844,20.675928115844727,-3.053278923034668,-3.4131274223327637,,0.9936829805374146,0.0,50.73432922363281,-6.9063720703125,14.679991722106934,88.35088348388672,16.17437744140625,28.924402236938477,1.0817267894744873,82.13418579101562,-0.4955437481403351,1.246437907218933,1.9546403884887695,2.247229814529419,-2.0853993892669678,0.603700578212738,1003.1473999023438,11.14739990234375,0.9816446900367737,0.9936784505844116,,,5.439728418642112
2008259N20089,UNNAMED,2008-09-17 12:00:00,22.0,84.6,30.0,992.0,54.0,1,2008,9,1,-1.0,-1.8369701987210297e-16,0.3000000000000007,-0.6000000000000085,0.8999999999999986,-1.5,-5.0,0.0,0.0,11.713378097356399,-0.8801748552095634,0.4746495804873571,0.0,-0.6999999999999886,-4.0,0.1999999999999993,-1.5,-4.0,0.6000000000000014,-2.1999999999999886,-8.0,1.0,-2.5999999999999943,-5.0,0.0,30.0,2.0,test,,-6.155908107757568,38.40370559692383,11.706171989440918,98.67961120605469,-0.6412748098373413,26.968862533569336,3.0226502418518066,60.16386795043945,20.493799209594727,-2.940747022628784,-3.148388624191284,,0.9961811900138855,0.0,51.6776123046875,-6.83441162109375,10.475404739379883,87.82303619384766,16.827478408813477,28.9675350189209,2.1183223724365234,81.41610717773438,-0.8327631950378418,0.6032676100730896,1.361754298210144,1.4874714612960815,-2.2526981830596924,-0.08459071815013885,1002.7326049804688,10.73260498046875,0.9898190498352051,0.9995330572128296,,,5.463337479696344
2008259N20089,UNNAMED,2008-09-17 15:00:00,22.0,84.3,26.0,992.8,57.0,1,2008,9,1,-1.0,-1.8369701987210297e-16,0.10000000000000142,-0.5,0.5,-1.2999999999999972,-4.0,-4.0,-4.0,8.78912434011827,-0.9775168788047754,0.21085718306894363,0.10000000000000142,-0.7999999999999972,0.0,0.3999999999999986,-1.5999999999999943,4.0,0.8999999999999986,-2.200000000000003,-1.0,1.1000000000000014,-2.3999999999999915,-1.0,0.0,30.0,2.0,test,,-5.88079833984375,35.96943664550781,6.612050533294678,97.4846420288086,0.44495096802711487,15.412615776062012,2.2415435314178467,53.64960861206055,20.702831268310547,1.845251441001892,-2.0016112327575684,,0.9988362789154053,0.0,43.754661560058594,-6.5238037109375,9.764348030090332,89.85479736328125,16.57807159423828,28.924468994140625,1.0520178079605103,83.51350402832031,-1.4413703680038452,0.7660572528839111,0.952531635761261,1.5999178886413574,-3.084786891937256,0.09291409701108932,1005.0122680664062,12.212268066406295,0.9992559552192688,0.9989458918571472,,,5.463337479696344
2008259N20089,UNNAMED,2008-09-17 18:00:00,22.0,83.9,26.0,993.6,60.0,1,2008,9,1,-1.0,-1.8369701987210297e-16,0.0,-0.6999999999999886,0.3000000000000007,-1.2999999999999972,-4.0,-9.0,-4.0,12.028124349331096,-1.0,6.123233995736766e-17,0.1999999999999993,-0.8000000000000114,0.0,0.6000000000000014,-1.5,-4.0,1.0,-1.9000000000000057,-1.0,1.1999999999999993,-2.3000000000000114,-1.0,0.0,30.0,2.0,test,,-5.895251274108887,32.97106170654297,2.531651258468628,94.73029327392578,-1.787093162536621,22.573192596435547,2.2779815196990967,51.318946838378906,20.877735137939453,2.65399169921875,-2.03875732421875,,0.9778932332992554,0.0,48.61703872680664,-6.3197021484375,14.152091026306152,91.26016235351562,16.261198043823242,,1.0234986543655396,85.908935546875,-1.5107166767120361,1.237757921218872,0.739457368850708,1.828952431678772,-3.16007399559021,0.8245081305503845,1005.3807373046875,11.780737304687477,0.9993349313735962,0.9766963124275208,,,5.463337479696344
2008259N20089,UNNAMED,2008-09-17 21:00:00,22.1,83.5,26.0,994.4,63.0,1,2008,9,1,-1.0,-1.8369701987210297e-16,0.10000000000000142,-0.7999999999999972,0.20000000000000284,-1.2999999999999972,0.0,-4.0,-14.0,13.861162751731506,-0.9910217293704203,0.13370090469275556,0.29999999999999716,-0.7999999999999972,4.0,0.7999999999999972,-1.4000000000000057,-1.0,1.0,-1.5999999999999943,-1.0,1.3999999999999986,-2.299999999999997,-1.0,0.0,30.0,2.0,test,,-5.932714939117432,24.211170196533203,6.62893009185791,90.84969329833984,-1.1437604427337646,29.668224334716797,2.3493010997772217,55.10078048706055,20.692724227905273,-1.7066528797149658,-1.652380347251892,,0.9952558279037476,0.0,53.531158447265625,-6.86920166015625,15.83237361907959,91.76751708984375,16.300546646118164,,1.6535536050796509,86.00221252441406,-1.0822945833206177,1.4746695756912231,0.6835209727287292,2.1078827381134033,-2.4334027767181396,1.1681108474731445,1004.2708740234375,9.870874023437523,0.9983921647071838,0.9938518404960632,,,5.486929898477136
2008259N20089,UNNAMED,2008-09-18 00:00:00,22.2,83.1,26.0,995.2,66.0,1,2008,9,1,-1.0,-1.8369701987210297e-16,0.1999999999999993,-0.8000000000000114,0.1999999999999993,-1.5,0.0,-4.0,-4.0,14.218561766306685,-0.9654251615604013,0.26068037407153044,0.40000000000000213,-0.6999999999999886,-4.0,0.8000000000000007,-1.0999999999999943,-1.0,1.0,-1.5,-1.0,1.6999999999999993,-2.299999999999997,-1.0,0.0,30.0,2.0,test,,-5.422658920288086,21.912338256835938,9.595498085021973,86.9162826538086,6.35882568359375,27.139375686645508,1.500691533088684,44.7587890625,21.143964767456055,-0.7567089796066284,0.30308350920677185,,0.9976615905761719,0.0,53.227699279785156,-6.15631103515625,15.369972229003906,92.35134887695312,16.130876541137695,,2.042283535003662,87.5001220703125,-1.0495350360870361,1.412914752960205,0.7302795052528381,2.524352550506592,-2.2780721187591553,0.9880779981613159,1004.52392578125,9.323925781249955,0.9409611225128174,0.9994587302207947,,,5.510505603117888
2008259N20089,UNNAMED,2008-09-18 03:00:00,22.4,82.7,30.0,996.0,69.0,1,2008,9,1,-1.0,-1.8369701987210297e-16,0.29999999999999716,-0.7999999999999972,0.3999999999999986,-1.5999999999999943,4.0,4.0,0.0,14.791937931937992,-0.9266750278028117,0.37586352955116314,0.5,-0.6000000000000085,-5.0,0.7000000000000028,-0.7999999999999972,-5.0,1.1000000000000014,-1.5,-5.0,2.1000000000000014,-2.200000000000003,-5.0,0.0,30.0,2.0,test,,-5.185537338256836,23.89079475402832,8.02529525756836,85.39080810546875,-0.6436431407928467,25.538183212280273,1.8101409673690796,44.86238098144531,21.048280715942383,2.6171436309814453,-0.30115967988967896,,0.9748576879501343,0.0,56.16552734375,-6.26678466796875,18.566041946411133,90.38368225097656,15.979353904724121,,3.0036509037017822,83.67115783691406,-1.2556003332138062,1.6927751302719116,0.296642929315567,2.8224759101867676,-2.1815056800842285,1.2759085893630981,1006.5018920898438,10.50189208984375,0.9959487915039062,0.9992237091064453,,,5.557606582767668
2008259N20089,UNNAMED,2008-09-18 06:00:00,22.6,82.4,22.0,996.0,72.0,1,2008,9,1,-1.0,-1.8369701987210297e-16,0.40000000000000213,-0.6999999999999886,0.6000000000000014,-1.5,-4.0,-4.0,-13.0,14.085131379286468,-0.8502991574267406,0.5262996702254098,0.3999999999999986,-0.4000000000000057,3.0,0.5999999999999979,-0.8000000000000114,3.0,1.2999999999999972,-1.6000000000000085,3.0,2.599999999999998,-2.200000000000003,3.0,0.0,25.0,1.0,test,,-4.52993631362915,24.598360061645508,4.712414741516113,88.87533569335938,1.86268150806427,17.853473663330078,1.236183524131775,43.11179733276367,20.858993530273438,1.5162304639816284,-0.3991039991378784,,0.9831825494766235,0.0,51.445735931396484,-5.90081787109375,18.897016525268555,88.22024536132812,16.182605743408203,,3.0073840618133545,80.32418060302734,-1.1570556163787842,2.217116594314575,0.30238041281700134,3.301556348800659,-1.8711857795715332,1.7082030773162842,1006.0179443359375,10.0179443359375,0.9995728135108948,0.9953870177268982,,,5.60463984473511
2008259N20089,UNNAMED,2008-09-18 09:00:00,22.9,82.1,25.0,996.0,75.0,1,2008,9,1,-1.0,-1.8369701987210297e-16,0.5,-0.6000000000000085,0.7999999999999972,-1.4000000000000057,-5.0,-1.0,-5.0,13.812491422038477,-0.7415838898437109,0.6708601451303177,0.20000000000000284,-0.19999999999998863,0.0,0.6000000000000014,-0.8999999999999915,0.0,1.6000000000000014,-1.5999999999999943,0.0,3.1000000000000014,-2.0999999999999943,0.0,0.0,25.0,1.0,test,,-3.83447265625,22.894521713256836,2.972904682159424,92.26720428466797,-3.3188092708587646,17.209510803222656,1.5847656726837158,41.545467376708984,20.697303771972656,-3.018674373626709,-1.666933536529541,,0.9975706338882446,0.0,35.93357849121094,-4.9757080078125,14.429924964904785,84.85213470458984,15.852469444274902,,2.2223451137542725,74.62813568115234,-0.45985254645347595,2.170255661010742,0.9598786234855652,3.1333765983581543,-1.1479241847991943,1.5996071100234985,1003.172607421875,7.172607421875,0.999274492263794,0.9954179525375366,,,5.6750615136347955
2008259N20089,UNNAMED,2008-09-18 12:00:00,23.0,82.0,25.0,996.0,78.0,1,2008,9,1,-1.0,-1.8369701987210297e-16,0.3999999999999986,-0.4000000000000057,0.8000000000000007,-1.0999999999999943,3.0,-1.0,-5.0,10.075489294175183,-0.6772576774596881,0.7357459060857281,0.1999999999999993,-0.4000000000000057,0.0,0.8999999999999986,-1.2000000000000028,0.0,2.1999999999999993,-1.7999999999999972,0.0,,,,,25.0,1.0,test,,-3.1431884765625,23.661523818969727,3.0213944911956787,92.5608139038086,0.4059726595878601,5.238533020019531,1.5975189208984375,33.517578125,21.320556640625,-2.45001220703125,-1.6143798828125,,0.9984108209609985,0.0,36.895957946777344,-3.8994140625,10.779988288879395,84.29084014892578,16.7542724609375,,1.098546028137207,75.99994659423828,-0.4534270167350769,1.7676544189453125,0.9632534384727478,2.6522819995880127,-1.1352263689041138,1.1928805112838745,1003.3629150390625,7.3629150390625,0.999339759349823,0.9947641491889954,,,5.698500924113266
2008259N20089,UNNAMED,2008-09-18 15:00:00,23.1,81.9,25.0,996.0,81.0,1,2008,9,1,-1.0,-1.8369701987210297e-16,0.20000000000000284,-0.19999999999998863,0.7000000000000028,-0.7999999999999972,0.0,-5.0,-1.0,5.036029593340188,-0.6769853744170652,0.7359964693022556,0.3999999999999986,-0.7000000000000028,0.0,1.3999999999999986,-1.4000000000000057,0.0,2.8999999999999986,-1.9000000000000057,0.0,,,,,25.0,1.0,test,,-3.251474618911743,20.882225036621094,6.231802463531494,93.01665496826172,4.6362624168396,6.533203601837158,1.5197906494140625,36.977108001708984,21.271533966064453,3.0515356063842773,-0.4451611340045929,,0.9978072047233582,0.0,30.531999588012695,-3.7066650390625,10.905056953430176,86.58929443359375,16.202634811401367,,0.7760826349258423,79.4237289428711,-0.9284726977348328,2.070552349090576,0.27984392642974854,2.60674786567688,-1.6128065586090088,1.6584666967391968,1005.9650268554688,9.96502685546875,0.9986657500267029,0.9985565543174744,,,5.721922975969662
2008259N20089,UNNAMED,2008-09-18 18:00:00,23.2,81.6,25.0,996.0,84.0,1,2008,9,1,-1.0,-1.8369701987210297e-16,0.1999999999999993,-0.4000000000000057,0.5999999999999979,-0.8000000000000114,0.0,3.0,-1.0,7.756455990363296,-0.8784360123185609,0.47785999232187765,0.6999999999999993,-0.7999999999999972,0.0,2.0,-1.3999999999999915,0.0,,,,,,,,25.0,1.0,test,,-2.7219018936157227,16.96996307373047,9.272344589233398,96.94094848632812,3.2499589920043945,54.555477142333984,1.4033997058868408,31.76984405517578,21.72940444946289,3.1153759956359863,0.09885498136281967,,0.9965616464614868,0.0,29.928367614746094,-4.2523193359375,12.418720245361328,90.58822631835938,15.580413818359375,,1.047521948814392,83.99650573730469,-1.1282657384872437,2.649738073348999,-0.2423306405544281,3.0054728984832764,-1.740952491760254,2.3617663383483887,1006.3219604492188,10.32196044921875,0.9979187250137329,0.9909254908561707,,,5.745327597856349
2008259N20089,UNNAMED,2008-09-18 21:00:00,23.5,81.2,25.0,996.0,87.0,1,2008,9,1,-1.0,-1.8369701987210297e-16,0.3999999999999986,-0.7000000000000028,0.6000000000000014,-0.8999999999999915,0.0,0.0,-1.0,14.017353780249799,-0.8487187572266337,0.5288444678085216,1.0,-0.7000000000000028,0.0,2.5,-1.2000000000000028,0.0,,,,,,,,25.0,1.0,test,,-2.7735352516174316,10.109367370605469,14.446017265319824,90.69304656982422,6.106098651885986,19.230648040771484,1.7065551280975342,28.007617950439453,21.821435928344727,-0.9427490234375,1.8173949718475342,,0.9988877773284912,0.0,32.615047454833984,-5.13787841796875,14.242782592773438,91.32278442382812,15.109682083129883,,1.8189399242401123,85.15203094482422,-0.7940247058868408,3.0629818439483643,-0.36344975233078003,3.2432186603546143,-1.1744500398635864,3.017167568206787,1005.1470947265625,9.1470947265625,0.9984028339385986,0.9789818525314331,,,5.815436171019575
2008259N20089,UNNAMED,2008-09-19 00:00:00,23.9,80.8,25.0,996.0,90.0,1,2008,9,1,-1.0,-1.8369701987210297e-16,0.6999999999999993,-0.7999999999999972,0.8999999999999986,-1.2000000000000028,0.0,0.0,-1.0,18.762273972775336,-0.722445965770007,0.691427383419721,1.3000000000000007,-0.5999999999999943,0.0,,,,,,,,,,,25.0,1.0,test,,-3.57635498046875,14.634702682495117,13.712313652038574,90.00007629394531,4.959515571594238,6.291617393493652,1.451784610748291,32.287384033203125,21.626659393310547,-2.472975969314575,-0.5184594988822937,,0.9987824559211731,0.0,45.01383590698242,-6.3106689453125,14.57983684539795,88.77216339111328,16.699993133544922,,2.7407195568084717,84.06636810302734,-0.6169063448905945,3.5063562393188477,-0.5863010287284851,3.834567070007324,-0.5560708045959473,3.4873387813568115,1005.7344360351562,9.73443603515625,0.9906014204025269,0.9880649447441101,,,5.908665929914871
2008259N20089,UNNAMED,2008-09-19 03:00:00,24.5,80.5,25.0,996.0,93.0,1,2008,9,1,-1.0,-1.8369701987210297e-16,1.0,-0.7000000000000028,1.3999999999999986,-1.4000000000000057,0.0,0.0,-5.0,21.97281275013159,-0.5372411903293095,0.8434286593503606,1.5,-0.5,0.0,,,,,,,,,,,25.0,1.0,test,,-4.202392578125,12.239047050476074,13.082330703735352,84.65609741210938,19.783187866210938,25.282859802246094,2.691131591796875,48.900390625,19.77294921875,0.6912841796875,-1.90625,,0.9983013868331909,0.0,42.530906677246094,-6.7886962890625,11.030326843261719,87.9067153930664,16.62761688232422,,2.7402255535125732,82.73295593261719,-0.4030701220035553,4.308996200561523,-0.9603811502456665,4.077269077301025,0.06328290700912476,4.669766902923584,1007.7157592773438,11.71575927734375,0.9887785315513611,0.9998513460159302,,,6.047969189547121
2008259N20089,UNNAMED,2008-09-19 06:00:00,25.2,80.2,25.0,996.0,96.0,1,2008,9,1,-1.0,-1.8369701987210297e-16,1.3000000000000007,-0.5999999999999943,2.0,-1.3999999999999915,0.0,0.0,3.0,26.10871016899885,-0.38535892216699313,0.9227667641968329,,,,,,,,,,,,,,25.0,1.0,test,,-5.143022537231445,27.87421989440918,8.4634428024292,80.7166976928711,-1.367224931716919,22.131046295166016,0.4695599377155304,40.51953125,20.46501922607422,0.6172240972518921,-2.960080623626709,,0.9953358769416809,0.0,36.52128982543945,-6.3355712890625,8.247276306152344,86.52181243896484,15.684603691101074,,2.424445629119873,79.72201538085938,0.4816136360168457,5.397361755371094,-0.8677472472190857,4.667602062225342,1.4784462451934814,6.115351676940918,1007.0087280273438,11.00872802734375,0.9995846748352051,0.9999639987945557,,,6.209650344043332
2008259N20089,UNNAMED,2008-09-19 09:00:00,26.0,80.0,25.0,996.0,99.0,1,2008,9,1,-1.0,-1.8369701987210297e-16,1.5,-0.5,2.5,-1.2000000000000028,0.0,0.0,0.0,29.01953801298514,-0.28699458715686615,0.9579322037298151,,,,,,,,,,,,,,25.0,1.0,test,,-5.56414794921875,23.307945251464844,10.566444396972656,84.66569519042969,1.479178786277771,2.6364288330078125,0.720977783203125,43.6123046875,21.026123046875,-2.7568359375,-3.75811767578125,,0.9695702791213989,0.0,34.651771545410156,-5.99774169921875,9.852834701538086,87.8487777709961,15.207784652709961,,1.1685982942581177,82.12751007080078,2.057659149169922,5.756703853607178,0.09052838385105133,4.579306125640869,3.4431276321411133,6.8155670166015625,1004.3197021484375,8.3197021484375,0.9853948950767517,0.9847040176391602,,,6.393292479001263
2008293N09060,UNNAMED,2008-10-19 09:00:00,9.0,60.0,25.0,1004.0,0.0,0,2008,10,2,-0.8660254037844386,0.5000000000000001,,,,,,,,,,,0.09999999999999964,-1.0,-1.75,0.5999999999999996,-1.7999999999999972,-5.25,,,0.0,,,-3.0,0.0,30.0,2.0,test,27.333892822265625,-3.22259521484375,13.074456214904785,11.922425270080566,79.23246002197266,-1.067135214805603,0.841156005859375,-0.2784271240234375,27.1240234375,20.136474609375,-2.5631103515625,-2.42620849609375,0.79443359375,0.0,1055.6971435546875,57.67249298095703,-4.35845947265625,4.7964396476745605,78.60022735595703,18.71065330505371,28.15616798400879,0.6541608572006226,66.67976379394531,-6.7512898445129395,0.9070417284965515,-3.6561405658721924,1.9563277959823608,-9.003785133361816,0.3821491599082947,1006.3314208984375,2.3314208984375,0.0,,125.00289916992188,100.00289916992188,2.281471525039735
2008293N09060,UNNAMED,2008-10-19 12:00:00,9.0,59.5,25.0,1004.0,3.0,0,2008,10,2,-0.8660254037844386,0.5000000000000001,,,,,,,,,,,0.3000000000000007,-0.8999999999999986,-3.5,,,-7.0,,,-3.0,,,0.0,0.0,30.0,2.0,test,27.424713134765625,-2.99945068359375,13.766448020935059,7.65838623046875,86.57330322265625,5.195329666137695,0.6122665405273438,0.0013885498046875,25.8203125,21.4072265625,-3.3343505859375,-1.53314208984375,0.2998046875,0.0,1030.8424072265625,38.8014030456543,-3.37091064453125,7.710105895996094,82.22105407714844,18.70302963256836,28.141124725341797,0.3176966905593872,70.31963348388672,-6.508302688598633,1.143917441368103,-3.4922447204589844,2.307581901550293,-8.603510856628418,0.5042439103126526,1005.5663452148438,1.56634521484375,0.0,,124.87931060791016,99.87931060791016,2.281471525039735
2008293N09060,UNNAMED,2008-10-19 15:00:00,9.1,59.0,23.25,1004.0,6.0,0,2008,10,2,-0.8660254037844386,0.5000000000000001,0.09999999999999964,-1.0,,,-1.75,,,18.392850605727894,-0.9949108360567296,0.10075925911249757,0.5,-0.7999999999999972,-3.5,,,1.75,,,-1.25,,,1.75,0.0,30.0,2.0,test,27.683502197265625,-2.7124876976013184,13.386144638061523,15.651412963867188,93.00404357910156,1.7206447124481201,0.5038284063339233,0.5343780517578125,22.424219131469727,22.302587509155273,1.422888159751892,-1.47796630859375,0.567218005657196,0.0,997.992919921875,28.35717010498047,-3.49029541015625,5.512833118438721,80.47865295410156,18.49659538269043,28.105693817138672,-0.14764504134655,68.4073486328125,-6.523261547088623,1.3055224418640137,-3.416428565979004,2.6434218883514404,-8.718548774719238,0.5972832441329956,1006.7616577148438,2.76165771484375,0.0,,126.76521301269531,103.51521301269531,2.3066088844528387
2008293N09060,UNNAMED,2008-10-19 18:00:00,9.3,58.6,21.5,1004.0,9.0,0,2008,10,2,-0.8660254037844386,0.5000000000000001,0.3000000000000007,-0.8999999999999986,,,-3.5,,,17.373625265500156,-0.9474138503818108,0.3200109312269063,,,-3.5,,,0.5,,,3.5,,,4.5,0.0,30.0,2.0,test,27.874126434326172,-2.7332494258880615,14.668940544128418,16.331594467163086,93.93043518066406,7.904494762420654,1.912880301475525,1.0210888385772705,24.172304153442383,22.642383575439453,1.5797924995422363,-1.2115576267242432,1.552270531654358,0.0,960.7866821289062,20.026464462280273,-3.1302490234375,3.445758104324341,80.12476348876953,18.879674911499023,28.076013565063477,0.6131160855293274,66.56954193115234,-6.541268348693848,1.6903049945831299,-3.380812883377075,3.069697856903076,-8.736431121826172,0.9828523993492126,1007.6336669921875,3.6336669921875,0.0,,128.96017456054688,107.46017456054688,2.3568624477356392
2008293N09060,UNNAMED,2008-10-19 21:00:00,9.6,58.2,19.75,1004.0,12.0,0,2008,10,2,-0.8660254037844386,0.5000000000000001,0.5,-0.7999999999999972,0.5999999999999996,-1.7999999999999972,-3.5,-5.25,,17.307811599315148,-0.8446115305637882,0.5353796432800699,,,5.25,,,2.25,,,5.25,,,6.25,0.0,30.0,2.0,test,27.95690155029297,-3.019028425216675,14.622892379760742,11.411850929260254,84.86681365966797,0.3828490674495697,4.969542026519775,0.8922143578529358,26.131484985351562,21.576757431030273,-1.5963525772094727,-0.68505859375,1.5976684093475342,0.0,914.063232421875,21.071456909179688,-3.27191162109375,5.76495361328125,79.80894470214844,18.596847534179688,28.033203125,0.4499456584453583,67.10771179199219,-5.896697521209717,2.0127241611480713,-2.9919047355651855,3.4070489406585693,-7.810814380645752,1.302608609199524,1006.1143798828125,2.1143798828125,0.0,,129.74571228027344,109.99571228027344,2.4321887558569784
2008293N09060,UNNAMED,2008-10-20 00:00:00,9.8,57.7,18.0,1004.0,15.0,0,2008,10,2,-0.8660254037844386,0.5000000000000001,0.5,-0.8999999999999986,0.8000000000000007,-1.7999999999999972,-3.5,-7.0,,18.86798974973626,-0.8710978174561743,0.49110955236391973,,,4.0,,,7.0,,,8.0,,,8.0,0.0,30.0,2.0,test,27.380210876464844,-2.547109365463257,11.723943710327148,15.021448135375977,80.85912322998047,-2.0399487018585205,6.882813930511475,1.001715064048767,24.187070846557617,22.27499008178711,-2.7903614044189453,-2.186027765274048,1.2457983493804932,0.0,875.1883544921875,20.12162208557129,-2.97674560546875,10.173181533813477,83.08951568603516,19.52320671081543,27.62632179260254,-0.06447063386440277,72.45159149169922,-5.455429553985596,2.400824785232544,-2.976808786392212,4.1986775398254395,-7.012226581573486,1.3265469074249268,1005.747314453125,1.747314453125,0.0,,124.3065414428711,106.3065414428711,2.4823693777372524
2008293N09060,UNNAMED,2008-10-20 03:00:00,9.9,57.3,25.0,1004.0,18.0,0,2008,10,2,-0.8660254037844386,0.5000000000000001,0.3000000000000007,-0.9000000000000057,0.8000000000000007,-1.7000000000000028,5.25,1.75,,17.34603104505759,-0.9472417457103983,0.32052000746211945,,,-3.0,,,0.0,,,1.0,,,5.0,0.0,30.0,2.0,test,27.355680465698242,-2.873354434967041,10.5564603805542,17.649789810180664,73.22593688964844,-0.9661904573440552,1.5749365091323853,-0.02579406648874283,21.108749389648438,21.696361541748047,-0.23489990830421448,-2.0505738258361816,0.46825072169303894,0.0,851.9522705078125,29.619319915771484,-3.36102294921875,8.461414337158203,80.19292449951172,19.43476104736328,27.56795310974121,0.8169844150543213,68.25721740722656,-5.418064117431641,2.501401424407959,-2.9910964965820312,4.752273082733154,-6.961684226989746,1.0646041631698608,1006.8389282226562,2.83892822265625,0.0,,122.9889144897461,97.9889144897461,2.507448384294965
2008293N09060,UNNAMED,2008-10-20 06:00:00,10.0,56.9,22.0,1003.3333333333334,21.0,0,2008,10,2,-0.8660254037844386,0.5000000000000001,0.1999999999999993,-0.8000000000000043,0.6999999999999993,-1.7000000000000028,4.0,0.5,,15.06387491368204,-0.9692565710896648,0.24605222900739115,,,3.0,,,4.0,,,4.0,,,4.0,0.0,30.0,2.0,test,27.3752498626709,-2.7340087890625,8.842757225036621,19.632692337036133,80.65213775634766,-4.522396564483643,5.075460910797119,0.48078614473342896,27.671875,21.204736709594727,1.1022460460662842,-2.131762742996216,1.1666991710662842,0.0,830.3424072265625,87.95085144042969,-4.7589111328125,10.403023719787598,80.19720458984375,20.566709518432617,27.505420684814453,1.5311987400054932,67.23139190673828,-5.544045448303223,2.865687847137451,-2.788658380508423,5.522594451904297,-7.320915222167969,1.15988290309906,1007.9000854492188,4.566752115885379,,,122.40801239013672,100.40801239013672,2.5325197527300456
2008293N09060,UNNAMED,2008-10-20 09:00:00,10.0,56.5,22.0,1002.6666666666666,24.0,0,2008,10,2,-0.8660254037844386,0.5000000000000001,0.09999999999999964,-0.7999999999999972,0.40000000000000036,-1.7000000000000028,-3.0,2.25,-3.0,14.717904766900597,-0.9920406455540394,0.1259180589459858,,,3.0,,,4.0,,,8.0,,,4.0,0.0,30.0,2.0,test,27.392242431640625,-3.1690673828125,6.3452253341674805,23.664621353149414,85.6877670288086,-0.9683406949043274,13.313766479492188,0.2290802001953125,23.17578125,22.384521484375,-1.8375244140625,-3.0875244140625,0.7978515625,0.0,821.2584228515625,81.24064636230469,-6.475830078125,15.351323127746582,84.89436340332031,21.144689559936523,27.4561824798584,1.0327342748641968,74.86775970458984,-5.117033958435059,3.336693048477173,-1.9472814798355103,6.151844501495361,-7.175716400146484,1.5570340156555176,1005.0503540039062,2.3836873372396212,,,122.1617431640625,100.1617431640625,2.5325197527300456
2008293N09060,UNNAMED,2008-10-20 12:00:00,10.1,56.2,25.0,1002.0,27.0,0,2008,10,2,-0.8660254037844386,0.5000000000000001,0.09999999999999964,-0.6999999999999957,0.29999999999999893,-1.5,3.0,7.0,0.0,12.905471884378365,-0.9896355392841558,0.14360187807183475,,,1.0,,,1.0,,,1.0,,,5.0,0.0,30.0,2.0,test,27.37165641784668,-5.228945255279541,36.14750671386719,31.829946517944336,77.3559341430664,-8.163374900817871,0.9532879590988159,0.2009619176387787,38.585975646972656,20.687528610229492,-5.05435037612915,-5.1017746925354,0.13103514909744263,0.0,804.940185546875,51.46855545043945,-6.168701171875,10.972325325012207,81.2912826538086,24.09612274169922,27.390226364135742,-1.4308445453643799,72.90198516845703,-5.327121734619141,4.118948459625244,-1.090632438659668,7.269054889678955,-8.234193801879883,2.106940507888794,1004.7088623046875,2.7088623046875,,,121.69070434570312,96.69070434570312,2.5575834066707586
2008293N09060,UNNAMED,2008-10-20 15:00:00,10.2,55.8,25.0,1001.6,30.0,0,2008,10,2,-0.8660254037844386,0.5000000000000001,0.1999999999999993,-0.7000000000000028,0.29999999999999893,-1.5,3.0,0.0,1.75,13.294845147415865,-0.9603514318303069,0.27879226564142595,,,1.0,,,5.0,,,1.0,,,1.0,0.0,30.0,2.0,test,27.283374786376953,-4.728979587554932,20.88619041442871,21.176849365234375,61.24131393432617,1.7047622203826904,1.6424572467803955,0.7268279790878296,38.088905334472656,21.151159286499023,0.8988378643989563,-2.774362802505493,0.5472729206085205,0.0,788.4381103515625,41.40837097167969,-5.89727783203125,5.362977504730225,74.91815185546875,23.74554443359375,27.310274124145508,-1.8192600011825562,66.17247772216797,-5.185097694396973,4.699302673339844,-0.3207683265209198,7.4957404136657715,-8.412371635437012,3.0115537643432617,1006.7716674804688,5.171667480468727,,,120.73800659179688,95.73800659179688,2.5826392697688667
2008293N09060,UNNAMED,2008-10-20 18:00:00,10.3,55.5,26.0,1001.2,33.0,0,2008,10,2,-0.8660254037844386,0.5000000000000001,0.20000000000000107,-0.7000000000000028,0.3000000000000007,-1.3999999999999986,1.0,4.0,4.5,13.290975989445384,-0.9603278672678588,0.27887342531830783,,,0.0,,,0.0,,,4.0,,,0.0,0.0,30.0,2.0,test,27.2072811126709,-5.106848239898682,24.007200241088867,16.667617797851562,63.88838577270508,-1.38504159450531,3.133960008621216,1.1050140857696533,48.71562576293945,20.995752334594727,3.2981324195861816,-0.3036254942417145,0.6901489496231079,0.0,774.569580078125,40.82126235961914,-5.64306640625,4.17633056640625,69.54602813720703,23.350561141967773,27.248403549194336,-1.4520314931869507,58.78668975830078,-4.9263596534729,5.201229572296143,0.13366246223449707,7.966788291931152,-8.03980827331543,3.5817654132843018,1007.8075561523438,6.6075561523437045,,,120.17533874511719,94.17533874511719,2.607687265699866
2008293N09060,UNNAMED,2008-10-20 21:00:00,10.4,55.1,26.0,1000.8,36.0,0,2008,10,2,-0.8660254037844386,0.5000000000000001,0.20000000000000107,-0.6999999999999957,0.40000000000000036,-1.3999999999999986,1.0,4.0,6.25,13.287069589420149,-0.9603040544134839,0.2789554141382179,,,4.0,,,0.0,,,0.0,,,0.0,0.0,30.0,2.0,test,27.172164916992188,-4.249487400054932,13.356093406677246,16.83965492248535,74.44190979003906,1.4235504865646362,3.3958094120025635,1.2892041206359863,46.73273468017578,21.609535217285156,1.073886752128601,0.047331541776657104,1.3096826076507568,0.0,761.8649291992188,28.409751892089844,-5.7982177734375,3.506544828414917,72.10830688476562,22.969505310058594,27.16729164123535,0.15066105127334595,58.99547576904297,-4.248807907104492,5.438004970550537,0.5846496224403381,8.165556907653809,-7.0660786628723145,3.8002781867980957,1006.0562133789062,5.2562133789062955,,,119.50717163085938,93.50717163085938,2.6327273181632167
2008293N09060,UNNAMED,2008-10-21 00:00:00,10.5,54.8,26.0,1000.4,39.0,0,2008,10,2,-0.8660254037844386,0.5000000000000001,0.1999999999999993,-0.7000000000000028,0.40000000000000036,-1.4000000000000057,0.0,1.0,8.0,13.283125962102666,-0.960279992713492,0.27903823321218163,,,0.0,,,4.0,,,0.0,,,0.0,0.0,30.0,2.0,test,,,,,,,,,,,,,,,,26.732929229736328,-5.3499755859375,2.1641104221343994,72.7551498413086,23.474029541015625,26.598276138305664,-0.2916717827320099,62.980674743652344,-3.9703288078308105,5.282936096191406,0.9181991219520569,8.557433128356934,-7.028828144073486,3.0733463764190674,1006.1791381835938,5.779138183593773,,,115.31879425048828,89.31879425048828,2.657759350882577
2008293N09060,UNNAMED,2008-10-21 03:00:00,10.6,54.5,30.0,1000.0,42.0,0,2008,10,2,-0.8660254037844386,0.5000000000000001,0.1999999999999993,-0.6000000000000014,0.40000000000000036,-1.2999999999999972,4.0,5.0,5.0,11.541125113857744,-0.9470263520273987,0.32115586335248125,,,-4.0,,,-4.0,,,-4.0,,,-5.0,0.0,30.0,2.0,test,,,,,,,,,,,,,,,,33.15835952758789,-7.05084228515625,2.272801160812378,70.71278381347656,25.510482788085938,26.58270835876465,-1.3179558515548706,56.690616607666016,-3.824479818344116,5.332174301147461,1.3052046298980713,8.812150001525879,-7.184479713439941,2.9973015785217285,1007.6079711914062,7.60797119140625,,,115.41521453857422,85.41521453857422,2.6827832876060334
2008293N09060,UNNAMED,2008-10-21 06:00:00,10.8,54.3,26.0,1000.0,45.0,0,2008,10,2,-0.8660254037844386,0.5000000000000001,0.3000000000000007,-0.5,0.5,-1.2000000000000028,0.0,0.0,4.0,10.665804923597827,-0.8533926227102187,0.5212686749688441,,,4.0,,,0.0,,,0.0,,,0.0,0.0,30.0,2.0,test,,,,,,,,,,,,,,,,29.613039016723633,-6.2652587890625,3.1012067794799805,70.08720397949219,26.109298706054688,26.56945037841797,-1.3589767217636108,55.79800033569336,-3.845780611038208,5.71000337600708,1.7317205667495728,9.204339027404785,-7.584392070770264,3.4533066749572754,1009.0883178710938,9.08831787109375,,,115.38410186767578,89.38410186767578,2.732806568181125
2008293N09060,UNNAMED,2008-10-21 09:00:00,11.0,54.2,26.0,1000.0,48.0,0,2008,10,2,-0.8660254037844386,0.5000000000000001,0.40000000000000036,-0.29999999999999716,0.5999999999999996,-0.8999999999999986,-4.0,0.0,4.0,9.20532376822967,-0.5928745007328168,0.8052948692130188,,,0.0,,,0.0,,,-1.0,,,0.0,0.0,30.0,2.0,test,,,,,,,,,,,,,,,,17.610347747802734,-5.05035400390625,1.3755491971969604,68.47008514404297,26.281431198120117,26.54970359802246,-0.7627862095832825,55.86210632324219,-3.244514226913452,5.9635539054870605,2.607156276702881,9.266453742980957,-7.146378517150879,4.033206462860107,1006.5642700195312,6.56427001953125,,,114.82695770263672,88.82695770263672,2.782796550370605
2008293N09060,UNNAMED,2008-10-21 12:00:00,11.4,54.2,30.0,1000.0,51.0,0,2008,10,2,-0.8660254037844386,0.5000000000000001,0.5999999999999996,-0.09999999999999432,0.9000000000000004,-0.5999999999999943,4.0,4.0,5.0,11.266926551646371,-0.1612407381942275,0.9869151049338442,,,-4.0,,,-4.0,,,-4.0,,,-5.0,0.0,30.0,2.0,test,,,,,,,,,,,,,,,,24.746999740600586,-5.96966552734375,0.5536081194877625,69.9763412475586,27.553882598876953,26.50650405883789,-1.9177865982055664,58.89731216430664,-2.964054822921753,6.05247163772583,3.0348594188690186,9.169366836547852,-6.735780715942383,4.539738178253174,1006.1542358398438,6.15423583984375,,,114.31916046142578,84.31916046142578,2.882674183557252
2008293N09060,UNNAMED,2008-10-21 15:00:00,11.8,54.1,26.0,1000.4,54.0,0,2008,10,2,-0.8660254037844386,0.5000000000000001,0.8000000000000007,-0.10000000000000142,1.200000000000001,-0.3999999999999986,0.0,-4.0,1.0,14.93657202883801,-0.12145263215148469,0.9925972285592359,,,0.0,,,-1.0,,,0.0,,,0.0,0.0,26.0,1.0,test,,,,,,,,,,,,,,,,24.908056259155273,-7.02728271484375,0.9535272121429443,69.46668243408203,26.874755859375,26.467418670654297,-0.5068093538284302,59.36404800415039,-2.8285813331604004,6.245235443115234,2.9976706504821777,9.283668518066406,-6.286117076873779,4.70166540145874,1007.9329223632812,7.532922363281273,,,114.25599670410156,88.25599670410156,2.982411319271039
2008293N09060,UNNAMED,2008-10-21 18:00:00,12.3,53.9,26.0,1000.8,57.0,0,2008,10,2,-0.8660254037844386,0.5000000000000001,0.9000000000000004,-0.30000000000000426,1.5,-0.3999999999999986,-4.0,0.0,0.0,17.541533783403658,-0.3096724151685051,0.9508433074296233,,,0.0,,,0.0,,,-1.0,,,0.0,0.0,26.0,1.0,test,,,,,,,,,,,,,,,,25.665103912353516,-6.63238525390625,2.51810884475708,73.74479675292969,23.758625030517578,26.425643920898438,1.003455638885498,62.34416198730469,-3.128162384033203,6.6797380447387695,2.4099271297454834,9.608353614807129,-6.275765895843506,5.0509233474731445,1009.2640991210938,8.464099121093795,,,,,3.1068777595115136
2008293N09060,UNNAMED,2008-10-21 21:00:00,12.7,53.6,26.0,1001.2,60.0,0,2008,10,2,-0.8660254037844386,0.5000000000000001,0.8999999999999986,-0.5,1.6999999999999993,-0.6000000000000014,0.0,0.0,0.0,18.971314924017616,-0.47648499874904604,0.8791826010375328,,,-1.0,,,0.0,,,0.0,,,-1.0,0.0,26.0,1.0,test,,,,,,,,,,,,,,,,23.41996955871582,-6.01397705078125,2.497136116027832,79.3025131225586,20.23228645324707,26.407684326171875,0.18934054672718048,64.42276763916016,-2.821908950805664,6.963230133056641,2.107222080230713,9.593467712402344,-5.473398685455322,5.355978012084961,1008.23828125,7.0382812499999545,,,,,3.206281013522653
2008293N09060,UNNAMED,2008-10-22 00:00:00,13.0,53.3,26.0,1001.6,63.0,0,2008,10,2,-0.8660254037844386,0.5000000000000001,0.6999999999999993,-0.6000000000000014,1.5999999999999996,-0.9000000000000057,0.0,-4.0,0.0,16.902035521329964,-0.6410179366684302,0.767525898500727,,,0.0,,,-1.0,,,0.0,,,-4.0,0.0,26.0,1.0,test,,,,,,,,,,,,,,,,14.751002311706543,-4.4610595703125,3.129387617111206,77.60022735595703,18.97748374938965,25.897985458374023,-0.38445693254470825,64.05934143066406,-2.9045677185058594,7.002633571624756,1.2571107149124146,10.045563697814941,-5.051915645599365,5.0596137046813965,1007.619384765625,6.019384765624977,,,,,3.280731166761796
2008293N09060,UNNAMED,2008-10-22 03:00:00,13.2,53.1,25.0,1002.0,66.0,0,2008,10,2,-0.8660254037844386,0.5000000000000001,0.5,-0.5,1.3999999999999986,-1.0,-1.0,-1.0,-5.0,12.932498106413805,-0.6975779493270747,0.716508900581586,,,1.0,,,1.0,,,0.0,,,-3.0,0.0,26.0,1.0,test,,,,,,,,,,,,,,,,,,,80.83238220214844,19.419940948486328,25.883407592773438,-1.3392091989517212,66.12705993652344,-3.0514023303985596,6.839266300201416,1.0738798379898071,9.461304664611816,-5.2503485679626465,5.198580265045166,1009.4503173828125,7.4503173828125,,,,,3.330314759867825
2008293N09060,UNNAMED,2008-10-22 06:00:00,13.4,52.9,26.0,1002.0,69.0,0,2008,10,2,-0.8660254037844386,0.5000000000000001,0.40000000000000036,-0.3999999999999986,1.0999999999999996,-1.0,0.0,0.0,0.0,10.341846807435104,-0.6972823828701333,0.7167965391510682,,,-1.0,,,0.0,,,-4.0,,,-4.0,0.0,26.0,1.0,test,,,,,,,,,,,,,,,,,,,79.32405090332031,19.556903839111328,25.882705688476562,-0.5391883254051208,62.04220199584961,-3.468705892562866,6.717276573181152,0.4723411798477173,8.876399040222168,-5.5996222496032715,5.4556684494018555,1011.3109130859375,9.3109130859375,,,,,3.3798577741394897
2008293N09060,UNNAMED,2008-10-22 09:00:00,13.5,52.8,26.0,1002.0,72.0,0,2008,10,2,-0.8660254037844386,0.5000000000000001,0.3000000000000007,-0.30000000000000426,0.8000000000000007,-0.8000000000000043,1.0,0.0,0.0,7.754811491300163,-0.6971328279218652,0.7169419922376309,,,0.0,,,-1.0,,,-4.0,,,-4.0,0.0,26.0,1.0,test,,,,,,,,,,,,,,,,,,,80.06329345703125,19.475658416748047,25.869844436645508,-1.050010323524475,61.19554901123047,-3.2392446994781494,6.14446496963501,0.6548576951026917,7.939826488494873,-5.267323970794678,5.180607795715332,1009.0368041992188,7.03680419921875,,,,,3.404613875547296
2008293N09060,UNNAMED,2008-10-22 12:00:00,13.7,52.6,25.0,1002.0,75.0,0,2008,10,2,-0.8660254037844386,0.5000000000000001,0.29999999999999893,-0.29999999999999716,0.6999999999999993,-0.6999999999999957,-1.0,-1.0,-5.0,7.751630854412794,-0.6968301666264064,0.7172361667396693,,,1.0,,,-3.0,,,-3.0,,,-3.0,0.0,26.0,1.0,test,,,,,,,,,,,,,,,,,,,77.48078918457031,18.11336898803711,25.853397369384766,0.060960277915000916,60.23735809326172,-2.976297616958618,5.549387454986572,0.5391979217529297,7.4781575202941895,-4.6717681884765625,4.414522647857666,1008.3080444335938,6.30804443359375,,,,,3.454094889850196
2008293N09060,UNNAMED,2008-10-22 15:00:00,13.7,52.3,26.0,1002.0,78.0,0,2008,10,2,-0.8660254037844386,0.5000000000000001,0.1999999999999993,-0.5,0.5,-0.8000000000000043,0.0,1.0,0.0,9.735771962000237,-0.9246947307636589,0.3807094100464609,,,-1.0,,,-4.0,,,-4.0,,,-4.0,0.0,26.0,1.0,test,,,,,,,,,,,,,,,,,,,74.76992797851562,16.625774383544922,25.858844757080078,0.8511042594909668,56.807098388671875,-3.1536779403686523,4.814165115356445,-0.0389380156993866,6.755374431610107,-4.484939098358154,3.656092405319214,1009.777587890625,7.777587890625,,,,,3.454094889850196
2008293N09060,UNNAMED,2008-10-22 18:00:00,13.7,52.0,26.0,1002.0,81.0,0,2008,10,2,-0.8660254037844386,0.5000000000000001,0.0,-0.6000000000000014,0.29999999999999893,-0.8999999999999986,1.0,0.0,0.0,10.803140439813852,-1.0,6.123233995736766e-17,,,-4.0,,,-4.0,,,-4.0,,,-4.0,0.0,26.0,1.0,test,,,,,,,,,,,,,,,,,,,,15.072033882141113,,,,-3.6580073833465576,4.297520160675049,-0.7217256426811218,6.502528190612793,-4.842613697052002,2.962747812271118,1011.4215698242188,9.42156982421875,,,,,3.454094889850196
2008293N09060,UNNAMED,2008-10-22 21:00:00,13.7,51.7,25.0,1002.0,84.0,0,2008,10,2,-0.8660254037844386,0.5000000000000001,0.0,-0.5999999999999943,0.1999999999999993,-1.0999999999999943,-1.0,-1.0,-1.0,10.803140439813722,-1.0,6.123233995736766e-17,,,-3.0,,,-3.0,,,-3.0,,,,,25.0,1.0,test,,,,,,,,,,,,,,,,,,,,13.766156196594238,,,,-3.577260732650757,3.7902777194976807,-0.8308007717132568,6.005861759185791,-4.628993034362793,2.461442708969116,1009.9837036132812,7.98370361328125,,,,,3.454094889850196
2008293N09060,UNNAMED,2008-10-23 00:00:00,13.7,51.4,22.0,1002.0,87.0,0,2008,10,2,-0.8660254037844386,0.5000000000000001,0.0,-0.6000000000000014,0.0,-1.2000000000000028,-4.0,-3.0,-4.0,10.803140439813852,-1.0,6.123233995736766e-17,,,0.0,,,0.0,,,0.0,,,,,22.0,1.0,test,,,,,,,,,,,,,,,,,,,,14.11445140838623,,,,-3.5336837768554688,2.9569573402404785,-1.6495264768600464,5.254800796508789,-4.064285755157471,1.5822176933288574,1009.63720703125,7.63720703125,,,,,3.454094889850196
2008293N09060,UNNAMED,2008-10-23 03:00:00,13.7,51.1,22.0,1002.0,90.0,0,2008,10,2,-0.8660254037844386,0.5000000000000001,0.0,-0.6000000000000014,0.0,-1.1999999999999957,-3.0,-4.0,-3.0,10.803140439813852,-1.0,6.123233995736766e-17,,,0.0,,,0.0,,,,,,,,22.0,1.0,test,,,,,,,,,,,,,,,,,,,,14.498797416687012,,,,-4.243373870849609,2.7736117839813232,-2.0272045135498047,4.814700603485107,-5.033177375793457,1.6664670705795288,1011.0648193359375,9.0648193359375,,,,,3.454094889850196
2008293N09060,UNNAMED,2008-10-23 06:00:00,13.8,50.8,22.0,1002.0,93.0,0,2008,10,2,-0.8660254037844386,0.5000000000000001,0.10000000000000142,-0.6000000000000014,0.10000000000000142,-1.2000000000000028,0.0,-4.0,-4.0,10.95640152788404,-0.9855907158908855,0.16914768916450398,,,0.0,,,0.0,,,,,,,,22.0,1.0,test,,,,,,,,,,,,,,,,,,,,12.84088134765625,,,,-4.759725570678711,2.9679386615753174,-2.4709274768829346,4.608570575714111,-5.566452980041504,2.2033181190490723,1012.73193359375,10.73193359375,,,,,3.4788196520175396
2008293N09060,UNNAMED,2008-10-23 09:00:00,13.9,50.5,22.0,1002.0,96.0,0,2008,10,2,-0.8660254037844386,0.5000000000000001,0.20000000000000107,-0.6000000000000014,0.20000000000000107,-1.2000000000000028,0.0,-3.0,-4.0,11.412538240293836,-0.9457915224151581,0.3247743772646135,,,0.0,,,,,,,,,,,22.0,1.0,test,,,,,,,,,,,,,,,,,,,,10.59195613861084,,,,-4.556838035583496,2.9447124004364014,-2.359415292739868,4.4037885665893555,-5.3176751136779785,2.3293874263763428,1010.8485717773438,8.84857177734375,,,,,3.5035338170969097
2008293N09060,UNNAMED,2008-10-23 12:00:00,14.1,50.2,22.0,1002.0,99.0,0,2008,10,2,-0.8660254037844386,0.5000000000000001,0.29999999999999893,-0.5999999999999943,0.40000000000000036,-1.1999999999999957,0.0,0.0,-3.0,12.13326357753674,-0.8888368578693708,0.4582237882224186,,,0.0,,,,,,,,,,,22.0,1.0,test,,,,,,,,,,,,,,,,,,,,,,,,-4.715381622314453,2.5087406635284424,-2.1465091705322266,3.854884624481201,-5.879578590393066,1.8379908800125122,1010.3110961914062,8.31109619140625,,,,,3.5529300548897096
2008293N09060,UNNAMED,2008-10-23 15:00:00,14.5,49.9,22.0,1002.0,102.0,0,2008,10,2,-0.8660254037844386,0.5000000000000001,0.5999999999999996,-0.6000000000000014,0.8000000000000007,-1.2000000000000028,0.0,0.0,-4.0,15.476929448569733,-0.6955719300109137,0.7184564636642171,,,,,,,,,,,,,,22.0,1.0,test,,,,,,,,,,,,,,,,,,,,,,,,-4.561007499694824,2.6523759365081787,-2.206265687942505,3.4424326419830322,-5.510022163391113,2.253770589828491,1012.0106811523438,10.01068115234375,,,,,3.6515920551307848
2008293N09060,UNNAMED,2008-10-23 18:00:00,15.0,49.5,22.0,1002.0,105.0,0,2008,10,2,-0.8660254037844386,0.5000000000000001,0.9000000000000004,-0.7000000000000028,1.1999999999999993,-1.2999999999999972,0.0,0.0,-4.0,20.86183550177789,-0.6006525294441933,0.7995101868471048,,,,,,,,,,,,,,22.0,1.0,test,,,,,,,,,,,,,,,,,,,,,,,,-4.750096797943115,3.0231575965881348,-2.551476240158081,3.0583581924438477,-5.521758079528809,3.0172438621520996,1013.4773559570312,11.47735595703125,,,,,3.774668717584183
2008298N16085,RASHMI,2008-10-24 12:00:00,16.0,85.5,18.0,1004.0,6.0,1,2008,10,2,-0.8660254037844386,0.5000000000000001,0.0,0.5,,,5.0,,,8.907291189988447,1.0,6.123233995736766e-17,0.10000000000000142,0.5,4.0,0.3999999999999986,1.0,4.0,0.6999999999999993,1.5,8.0,1.3999999999999986,1.7999999999999972,7.0,0.0,45.0,3.0,test,29.436920166015625,-1.90576171875,10.828363418579102,15.25503921508789,92.16272735595703,-0.4667279124259949,7.7877044677734375,0.581756591796875,18.619140625,22.16796875,-3.41436767578125,-2.083740234375,2.76422119140625,0.0,305.1708068847656,22.167200088500977,-2.52655029296875,8.456671714782715,89.03427124023438,14.882771492004395,29.389835357666016,2.6336307525634766,81.57286071777344,1.1829369068145752,0.7248130440711975,2.9563770294189453,0.5595686435699463,0.25417906045913696,0.8793926239013672,1007.7467651367188,3.74676513671875,0.0,0.0,152.26239013671875,134.26239013671875,4.019950324706279
2008298N16085,RASHMI,2008-10-24 15:00:00,16.0,85.8,20.0,1004.0,9.0,1,2008,10,2,-0.8660254037844386,0.5000000000000001,0.0,0.5999999999999943,,,4.0,,,10.688749427986034,1.0,6.123233995736766e-17,0.1999999999999993,0.4000000000000057,2.0,0.5,0.9000000000000057,5.0,1.0,1.4000000000000057,5.0,1.6000000000000014,1.5,6.0,0.0,45.0,3.0,test,29.502544403076172,-2.270251512527466,16.922880172729492,13.558892250061035,89.51776123046875,-5.382223129272461,10.513684272766113,0.9247344732284546,20.248828887939453,22.50030517578125,1.805261254310608,-2.5274901390075684,2.535186767578125,0.0,321.8493957519531,24.097644805908203,-2.5565185546875,7.826015472412109,88.27616119384766,15.000295639038086,29.421483993530273,1.791885256767273,80.89068603515625,0.493907630443573,0.9308025240898132,2.426372528076172,0.9332482814788818,-0.5732932686805725,0.9654706716537476,1010.1773071289062,6.17730712890625,0.0,0.0,153.0418243408203,133.0418243408203,4.019950324706279
2008298N16085,RASHMI,2008-10-24 18:00:00,16.1,86.0,22.0,1004.0,12.0,1,2008,10,2,-0.8660254037844386,0.5000000000000001,0.10000000000000142,0.5,0.10000000000000142,1.0,4.0,9.0,,9.093664641736572,0.9790134327531873,0.20379572735663595,0.29999999999999716,0.5,0.0,0.5999999999999979,1.0,4.0,1.2999999999999972,1.2999999999999972,3.0,1.7999999999999972,1.4000000000000057,3.0,0.0,45.0,3.0,test,29.5068416595459,-2.976391553878784,13.976083755493164,8.767624855041504,87.41001892089844,3.6063382625579834,6.439871311187744,0.805133044719696,24.520702362060547,22.760705947875977,0.04323730617761612,-3.2236084938049316,2.043499708175659,0.0,323.59698486328125,25.59618377685547,-3.150146484375,6.0599212646484375,88.79074096679688,14.5789213180542,29.43683433532715,1.5379407405853271,79.78411102294922,0.6266905069351196,1.5137519836425781,2.4015138149261475,1.5082329511642456,-0.3274216055870056,1.5434515476226807,1009.6052856445312,5.60528564453125,0.0,0.0,153.31790161132812,131.31790161132812,4.044412366692539
2008298N16085,RASHMI,2008-10-24 21:00:00,16.2,86.2,22.0,1004.0,15.0,1,2008,10,2,-0.8660254037844386,0.5000000000000001,0.1999999999999993,0.4000000000000057,0.1999999999999993,1.0,2.0,6.0,,8.025797221609173,0.8869719599638712,0.4618232803116889,0.3000000000000007,0.5,3.0,0.8000000000000007,1.0,3.0,1.4000000000000021,1.0999999999999943,4.0,1.6999999999999993,1.2000000000000028,7.0,0.0,45.0,3.0,test,29.515827178955078,-2.9943554401397705,14.92305850982666,10.693506240844727,87.55573272705078,5.948362350463867,8.466970443725586,0.6908685564994812,28.767578125,21.84697151184082,-3.9412500858306885,-2.1764185428619385,3.2469310760498047,0.0,327.1663818359375,28.32193946838379,-3.1376953125,9.218851089477539,87.13338470458984,14.864725112915039,29.449094772338867,1.8411465883255005,77.24958801269531,1.0627881288528442,1.7233705520629883,2.6684014797210693,1.5277601480484009,0.2214835286140442,1.8215177059173584,1007.8306274414062,3.83062744140625,0.0,0.0,153.50094604492188,131.50094604492188,4.068862088697328
2008298N16085,RASHMI,2008-10-25 00:00:00,16.4,86.5,22.0,1004.0,18.0,1,2008,10,2,-0.8660254037844386,0.5000000000000001,0.29999999999999716,0.5,0.3999999999999986,1.0,0.0,4.0,,10.484725234749666,0.8478279513820799,0.5302714067864356,0.3000000000000007,0.5,4.0,1.0,0.7999999999999972,3.0,1.5,0.9000000000000057,3.0,1.7000000000000028,1.0999999999999943,8.0,0.0,45.0,3.0,test,29.134380340576172,-3.1800780296325684,17.349498748779297,7.052028656005859,90.12276458740234,15.461014747619629,11.003213882446289,0.905590832233429,32.21699142456055,21.000829696655273,-1.902380347251892,-2.2611451148986816,2.553149461746216,0.0,331.49853515625,26.041688919067383,-3.49859619140625,13.152449607849121,88.3779525756836,16.268930435180664,29.0673828125,1.8864799737930298,79.10955047607422,0.7717460989952087,2.144198179244995,2.683480739593506,2.2501986026763916,-0.4462725818157196,1.965639352798462,1008.509521484375,4.509521484375,0.0,0.0,146.91070556640625,124.91070556640625,4.117724274887879
2008298N16085,RASHMI,2008-10-25 03:00:00,16.5,86.7,25.0,1004.0,21.0,1,2008,10,2,-0.8660254037844386,0.5000000000000001,0.3000000000000007,0.5,0.5,0.9000000000000057,3.0,5.0,,10.48084267743453,0.8477050597612018,0.5304678422442375,0.5,0.5,0.0,1.1000000000000014,0.5999999999999943,1.0,1.3999999999999986,0.7000000000000028,4.0,2.0,1.2000000000000028,5.0,0.0,45.0,3.0,test,29.163288116455078,-3.70306396484375,21.33877944946289,7.909763813018799,87.65403747558594,-0.1419469118118286,6.036764621734619,0.38299864530563354,30.846485137939453,21.156818389892578,1.4022216796875,-2.269030809402466,2.0057740211486816,0.0,339.1771545410156,25.75856590270996,-3.92510986328125,11.439400672912598,88.88737487792969,16.42226219177246,29.109121322631836,1.515795111656189,79.10398864746094,0.3913145661354065,2.6453404426574707,2.5643744468688965,2.370983839035034,-1.0173701047897339,2.7587156295776367,1010.4614868164062,6.46148681640625,0.0,0.0,147.7363739013672,122.73637390136719,4.142136590230948
2008298N16085,RASHMI,2008-10-25 06:00:00,16.7,87.0,26.0,1003.0,24.0,1,2008,10,2,-0.8660254037844386,0.5000000000000001,0.3000000000000007,0.5,0.5999999999999979,1.0,4.0,4.0,13.0,10.473010457334675,0.8474566820130098,0.5308645515680063,0.6999999999999993,0.29999999999999716,-1.0,1.1999999999999993,0.4000000000000057,-1.0,1.4000000000000021,0.5999999999999943,4.0,1.9000000000000021,1.0,5.0,0.0,45.0,3.0,test,29.22344398498535,-3.6676392555236816,15.205533981323242,11.553531646728516,86.71752166748047,-6.473104953765869,3.707019090652466,0.42628782987594604,32.565818786621094,21.284801483154297,0.24313965439796448,-1.9832763671875,1.760736107826233,0.0,346.7945861816406,25.18416976928711,-4.219970703125,8.461962699890137,88.46400451660156,15.976799011230469,29.167312622070312,1.2111128568649292,78.6048355102539,0.8414505124092102,3.270545244216919,2.985534906387329,2.6769354343414307,-0.5200408697128296,3.6357903480529785,1009.3684692382812,6.36846923828125,0.0,0.0,148.80210876464844,122.80210876464844,4.190923293592169
2008298N16085,RASHMI,2008-10-25 09:00:00,17.0,87.2,25.0,1002.0,27.0,1,2008,10,2,-0.8660254037844386,0.5000000000000001,0.5,0.5,0.8000000000000007,1.0,0.0,3.0,9.0,12.82135216791162,0.6911407493446801,0.7227201841620823,0.6000000000000014,0.09999999999999432,1.0,0.8999999999999986,0.20000000000000284,4.0,1.5,0.7000000000000028,5.0,1.8000000000000007,0.7999999999999972,5.0,0.0,45.0,3.0,test,29.2968807220459,-3.937121629714966,11.977170944213867,14.340554237365723,87.59209442138672,-2.2092957496643066,3.513327121734619,0.5971130132675171,29.616992950439453,21.158740997314453,-4.146643161773682,-3.1379151344299316,2.294677734375,0.0,342.7745666503906,25.684955596923828,-4.3685302734375,8.37031078338623,87.65763092041016,16.113441467285156,29.20726203918457,1.5122385025024414,76.92459869384766,1.6784424781799316,3.260698080062866,3.7203259468078613,2.2956976890563965,0.443276584148407,3.8677711486816406,1006.4271850585938,4.42718505859375,0.0,0.0,149.370361328125,124.370361328125,4.264007416017337
2008298N16085,RASHMI,2008-10-25 12:00:00,17.4,87.3,25.0,1002.0,30.0,1,2008,10,2,-0.8660254037844386,0.5000000000000001,0.6999999999999993,0.29999999999999716,1.0,0.7999999999999972,-1.0,3.0,7.0,14.01566446222751,0.3785291579122994,0.9255893671657024,0.5,0.10000000000000853,0.0,0.7000000000000028,0.29999999999999716,5.0,1.2000000000000028,0.7000000000000028,6.0,2.3000000000000007,1.1000000000000085,10.0,0.0,45.0,3.0,test,29.300395965576172,-4.892646312713623,13.887642860412598,10.446381568908691,84.98040008544922,1.0572444200515747,3.8052215576171875,0.9623071551322937,42.59164047241211,21.531288146972656,-3.441586971282959,-3.732167959213257,2.208580255508423,0.0,309.4134521484375,27.29911231994629,-5.075927734375,8.11177921295166,88.4544906616211,17.593685150146484,29.224225997924805,1.0476577281951904,80.37397003173828,1.7828742265701294,2.9863674640655518,3.896162986755371,1.4799797534942627,0.5355905294418335,3.908641815185547,1007.1697387695312,5.16973876953125,0.0,0.0,149.35098266601562,124.35098266601562,4.361270722421219
2008298N16085,RASHMI,2008-10-25 15:00:00,17.6,87.3,26.0,1002.0,33.0,1,2008,10,2,-0.8660254037844386,0.5000000000000001,0.6000000000000014,0.09999999999999432,1.1000000000000014,0.5999999999999943,1.0,1.0,6.0,11.258943317992765,0.15689754848167303,0.9876148840921957,0.29999999999999716,0.10000000000000853,3.0,0.8999999999999986,0.6000000000000085,4.0,1.1999999999999993,0.7000000000000028,4.0,2.799999999999997,1.5,14.0,0.0,45.0,3.0,test,29.276491165161133,-5.384987831115723,18.572694778442383,8.797684669494629,82.74795532226562,3.4907917976379395,2.338204860687256,0.8784838914871216,48.39152526855469,21.06924819946289,1.281823754310608,-3.5204784870147705,2.250370979309082,0.0,288.7463073730469,28.067594528198242,-5.4088134765625,8.983798027038574,86.4184799194336,17.480810165405273,29.219066619873047,1.399925708770752,77.60603332519531,1.5888242721557617,3.2681782245635986,3.4381401538848877,1.410312294960022,0.5822492241859436,4.4470062255859375,1009.5079345703125,7.5079345703125,0.0,0.0,149.224365234375,123.224365234375,4.409822960682633
2008298N16085,RASHMI,2008-10-25 18:00:00,17.9,87.4,25.0,1002.0,36.0,1,2008,10,2,-0.8660254037844386,0.5000000000000001,0.5,0.10000000000000853,1.1999999999999993,0.4000000000000057,0.0,-1.0,3.0,9.432574972330645,0.18696298032752073,0.9823669599426943,0.20000000000000284,0.19999999999998863,5.0,0.7000000000000028,0.5999999999999943,6.0,1.8000000000000007,1.0,10.0,3.1000000000000014,1.8999999999999915,15.0,0.0,45.0,3.0,test,29.24590492248535,-5.668918609619141,14.948722839355469,7.446718692779541,83.47113037109375,4.97468376159668,1.476914644241333,0.3094201683998108,45.57667922973633,21.250995635986328,1.027712345123291,-2.815171003341675,2.3422582149505615,0.0,262.9345397949219,27.97673988342285,-5.70745849609375,10.245030403137207,85.18720245361328,17.33588981628418,29.23927116394043,1.0792006254196167,75.50859832763672,2.058988571166992,3.8214378356933594,3.388399600982666,1.7065343856811523,1.4505127668380737,5.20303201675415,1009.3147583007812,7.31475830078125,0.0,0.0,149.28118896484375,124.28118896484375,4.482550385315946
2008298N16085,RASHMI,2008-10-25 21:00:00,17.9,87.4,29.0,1001.0,39.0,1,2008,10,2,-0.8660254037844386,0.5000000000000001,0.29999999999999716,0.10000000000000853,0.8999999999999986,0.20000000000000284,3.0,4.0,7.0,5.832743917628982,0.30235209258194234,0.9531963135216799,0.6000000000000014,0.5,1.0,0.9000000000000021,0.5999999999999943,1.0,2.5,1.3999999999999915,11.0,4.0,2.3999999999999915,16.0,0.0,45.0,3.0,test,29.24590492248535,-5.366498947143555,16.40345573425293,10.135350227355957,86.123046875,-10.821465492248535,3.005328893661499,0.5720672607421875,43.977577209472656,20.60104751586914,-2.836230516433716,-1.5261157751083374,2.509531259536743,0.0,262.9345397949219,26.684572219848633,-5.83697509765625,11.823002815246582,83.90473937988281,18.060104370117188,29.23927116394043,0.7698199152946472,74.79999542236328,2.511187791824341,3.5323877334594727,3.6318283081054688,1.4966086149215698,2.093393564224243,4.913711071014404,1007.0681762695312,6.06817626953125,0.0,0.0,149.28118896484375,120.28118896484375,4.482550385315946
2008298N16085,RASHMI,2008-10-26 00:00:00,18.1,87.6,30.0,1000.0,42.0,1,2008,10,2,-0.8660254037844386,0.5000000000000001,0.20000000000000284,0.19999999999998863,0.7000000000000028,0.29999999999999716,5.0,5.0,8.0,5.113734560393896,0.6889459195955621,0.7248127481443917,0.5,0.4000000000000057,1.0,1.5999999999999979,0.8000000000000114,5.0,2.8999999999999986,1.7000000000000028,10.0,4.899999999999999,2.6000000000000085,5.0,0.0,45.0,3.0,test,27.82478141784668,-6.380974292755127,19.32269859313965,9.656227111816406,94.13743591308594,-11.93321418762207,1.081129789352417,1.2020385265350342,52.99265670776367,21.702932357788086,-2.942082405090332,-2.015571355819702,0.48872193694114685,0.0,254.36868286132812,28.297372817993164,-6.9237060546875,14.023747444152832,85.97727966308594,19.774415969848633,28.198354721069336,0.8253918886184692,77.13214874267578,2.4271256923675537,4.429375171661377,4.214788436889648,2.6348953247070312,1.5129194259643555,5.629307746887207,1007.61572265625,7.61572265625,0.0,0.04486137256026268,128.22227478027344,98.22227478027344,4.530967185020519
2008298N16085,RASHMI,2008-10-26 03:00:00,18.5,87.9,30.0,1000.0,45.0,1,2008,10,2,-0.8660254037844386,0.5000000000000001,0.6000000000000014,0.5,0.8999999999999986,0.6000000000000085,1.0,4.0,5.0,14.172570357574875,0.6200289607564237,0.7845789238969584,0.3000000000000007,0.09999999999999432,0.0,1.8999999999999986,0.8999999999999915,10.0,3.3999999999999986,1.8999999999999915,15.0,5.399999999999999,2.799999999999997,0.0,0.0,45.0,3.0,test,27.91411781311035,-6.870617866516113,27.425758361816406,5.250861644744873,94.73689270019531,1.1483731269836426,2.4716460704803467,0.820330798625946,55.051170349121094,21.677709579467773,0.86236572265625,-2.8002562522888184,0.7549194097518921,0.0,240.0509796142578,30.982219696044922,-7.2193603515625,15.167319297790527,82.11495208740234,19.21532440185547,28.28281593322754,0.30915242433547974,73.59749603271484,2.3684728145599365,5.042000770568848,3.429107666015625,2.759458303451538,2.020812749862671,6.608156681060791,1009.5227661132812,9.52276611328125,0.0,0.8941362500190735,129.6714324951172,99.67143249511719,4.627634569943146
2008298N16085,RASHMI,2008-10-26 06:00:00,18.6,88.0,31.0,1000.0,48.0,1,2008,10,2,-0.8660254037844386,0.5000000000000001,0.5,0.4000000000000057,0.7000000000000028,0.5999999999999943,1.0,6.0,5.0,11.628643781752707,0.6041811371353406,0.7968470076055043,1.0999999999999979,0.4000000000000057,4.0,2.3999999999999986,1.2999999999999972,9.0,4.399999999999999,2.200000000000003,4.0,6.399999999999999,2.5999999999999943,-9.0,0.0,45.0,3.0,test,27.982868194580078,-6.876953125,35.38106918334961,19.549022674560547,96.03106689453125,-3.6517865657806396,2.2542052268981934,-0.01748352125287056,48.6279296875,21.32733154296875,0.5505005121231079,-3.259021043777466,0.6208740472793579,0.0,240.0509796142578,36.30131912231445,-7.43316650390625,12.297028541564941,75.756591796875,18.585330963134766,28.319786071777344,-0.3940775990486145,65.56441497802734,2.8898308277130127,5.354495048522949,3.54087495803833,3.1247944831848145,2.8579535484313965,6.833230972290039,1008.2085571289062,8.20855712890625,0.0,0.8405511379241943,130.72320556640625,99.72320556640625,4.651766358664912
2008298N16085,RASHMI,2008-10-26 09:00:00,18.8,88.0,30.0,1000.0,51.0,1,2008,10,2,-0.8660254037844386,0.5000000000000001,0.3000000000000007,0.09999999999999432,0.9000000000000021,0.5999999999999943,0.0,1.0,5.0,5.8299795301271615,0.30092348219120574,0.9536482883463478,1.5999999999999979,0.7999999999999972,10.0,3.099999999999998,1.7999999999999972,15.0,5.099999999999998,2.700000000000003,0.0,,,,,45.0,3.0,test,27.998687744140625,-6.112719535827637,35.145511627197266,23.659297943115234,95.24699401855469,-0.11276879906654358,14.877038955688477,0.5941925048828125,48.6005859375,21.306591033935547,-2.463366746902466,-2.0999999046325684,0.867138683795929,0.0,224.9998321533203,36.5131950378418,-7.9014892578125,9.155632019042969,69.56861877441406,19.51008415222168,28.339475631713867,-0.42075493931770325,58.08583450317383,3.6853339672088623,5.031094074249268,4.03065824508667,2.8603122234344482,3.8364171981811523,6.424448490142822,1005.8432006835938,5.84320068359375,0.0,0.7626553773880005,131.2386932373047,101.23869323730469,4.69998735238082
2008298N16085,RASHMI,2008-10-26 12:00:00,19.7,88.4,35.0,996.0,54.0,1,2008,10,2,-0.8660254037844386,0.5000000000000001,1.0999999999999979,0.4000000000000057,1.5999999999999979,0.8000000000000114,4.0,5.0,10.0,21.547318512302514,0.3238974327458418,0.9460922011414389,1.3000000000000007,0.8999999999999915,5.0,3.3000000000000007,1.7999999999999972,0.0,5.300000000000001,2.1999999999999886,-13.0,,,,,45.0,3.0,test,28.544780731201172,-6.879716873168945,19.199748992919922,17.966909408569336,93.44989013671875,-6.26289701461792,7.218928337097168,0.8931952118873596,57.538475036621094,21.822725296020508,-2.339428663253784,-3.8733251094818115,1.4303516149520874,0.0,194.33607482910156,33.941078186035156,-8.2835693359375,12.520203590393066,75.76669311523438,20.560640335083008,28.57146644592285,1.580817461013794,66.40998840332031,3.719179630279541,5.790947437286377,4.017683506011963,2.607882499694824,3.795649766921997,7.854962348937988,1006.4873657226562,10.48736572265625,0.5392329692840576,0.995583713054657,138.76422119140625,103.76422119140625,4.9162646678939135
2008298N16085,RASHMI,2008-10-26 15:00:00,20.4,88.8,40.0,996.0,57.0,1,2008,10,2,-0.8660254037844386,0.5000000000000001,1.5999999999999979,0.7999999999999972,1.8999999999999986,0.8999999999999915,10.0,10.0,14.0,32.74666224299387,0.42435295154943026,0.9054968649925227,1.5,1.0,5.0,3.5,1.9000000000000057,-10.0,,,,,,,,45.0,3.0,test,29.015836715698242,-8.037917137145996,29.49350357055664,17.78156089782715,94.42829895019531,-1.3694579601287842,4.959758758544922,0.8975353837013245,66.708984375,20.957773208618164,0.2524780333042145,-5.914560317993164,1.5228784084320068,0.0,150.11325073242188,42.996490478515625,-9.1419677734375,14.28602409362793,78.97002410888672,21.891393661499023,28.78810691833496,1.6653615236282349,70.50238800048828,3.824746608734131,6.770235538482666,3.1682488918304443,3.049316167831421,4.451939105987549,9.40116024017334,1009.5640258789062,13.56402587890625,0.8315262794494629,0.9977627396583557,144.226318359375,104.226318359375,5.083644452550817
2008298N16085,RASHMI,2008-10-26 18:00:00,21.0,89.3,40.0,994.0,60.0,1,2008,10,2,-0.8660254037844386,0.5000000000000001,1.3000000000000007,0.8999999999999915,2.3999999999999986,1.2999999999999972,5.0,9.0,15.0,28.686332499239768,0.542816734382688,0.8398511730503889,2.0,0.9000000000000057,-5.0,4.0,1.2999999999999972,-18.0,,,,,,,,45.0,3.0,test,29.1955623626709,-9.7379150390625,32.25236892700195,12.361092567443848,91.5645523071289,-3.782703399658203,14.224716186523438,1.625482201576233,75.8314437866211,21.152563095092773,-2.6598753929138184,-7.474011421203613,2.56512451171875,0.0,89.59525299072266,37.49747848510742,-10.1951904296875,16.280569076538086,84.45616149902344,22.711851119995117,29.013904571533203,2.389312744140625,74.86479187011719,4.313296318054199,7.811229228973389,2.7141709327697754,3.9971323013305664,5.523874759674072,10.705528259277344,1009.531982421875,15.531982421875,0.9639720320701599,0.9990769028663635,147.84043884277344,107.84043884277344,5.2265098497585685
2008298N16085,RASHMI,2008-10-26 21:00:00,21.9,89.8,45.0,984.0,63.0,1,2008,10,2,-0.8660254037844386,0.5000000000000001,1.5,1.0,3.099999999999998,1.7999999999999972,5.0,15.0,16.0,32.6870438895535,0.5260532409563395,0.8504516374723088,2.0,0.9000000000000057,-15.0,,,,,,,,,,,45.0,3.0,test,,-10.066916465759277,27.810894012451172,16.684677124023438,90.93012237548828,-3.6753454208374023,44.917999267578125,1.0258599519729614,69.29582214355469,20.937559127807617,-8.155034065246582,-8.04830551147461,,0.4391389787197113,11.119500160217285,51.97050094604492,-10.6563720703125,20.341135025024414,87.2229995727539,22.80010414123535,29.225494384765625,1.9064208269119263,77.36367797851562,5.377768039703369,8.497343063354492,2.7205753326416016,4.490372180938721,7.298731803894043,11.65510082244873,1008.7001953125,24.7001953125,0.9939326047897339,0.9999986886978149,150.29220581054688,105.29220581054688,5.439728418642112
2008298N16085,RASHMI,2008-10-27 00:00:00,23.0,90.2,35.0,992.0,66.0,1,2008,10,2,-0.8660254037844386,0.5000000000000001,2.0,0.9000000000000057,3.3000000000000007,1.7999999999999972,-5.0,0.0,5.0,40.11906011866438,0.38269417407921685,0.9238750830744522,2.0,0.3999999999999915,-13.0,,,,,,,,,,,35.0,3.0,test,,-9.060510635375977,57.01898193359375,30.46437644958496,97.30064392089844,4.242914199829102,33.275115966796875,1.287725806236267,75.4849624633789,20.920679092407227,-7.362878322601318,-8.595263481140137,,0.9499987959861755,0.0,67.37854766845703,-10.58197021484375,21.986839294433594,84.21611785888672,23.332090377807617,28.479127883911133,2.6662590503692627,76.3829345703125,6.244212627410889,9.937870025634766,3.1426124572753906,5.540339946746826,8.473551750183105,13.320347785949707,1010.1353759765625,18.1353759765625,0.9895457029342651,0.9994423985481262,132.46217346191406,97.46217346191406,5.698500924113266
2008298N16085,RASHMI,2008-10-27 03:00:00,23.9,90.7,30.0,1002.0,69.0,1,2008,10,2,-0.8660254037844386,0.5000000000000001,2.0,0.9000000000000057,3.5,1.9000000000000057,-15.0,-10.0,0.0,40.07927605996683,0.3804726976611416,0.9247921530454578,,,,,,,,,,,,,,30.0,2.0,test,,-9.001447677612305,66.81392669677734,30.601781845092773,98.5443115234375,7.821256637573242,15.749825477600098,0.8969897627830505,63.394100189208984,20.82341957092285,-3.534243106842041,-8.846166610717773,,0.9506045579910278,0.0,78.15496063232422,-9.77838134765625,24.614233016967773,84.86686706542969,23.291400909423828,28.37759017944336,2.931428909301758,75.76725006103516,6.304208278656006,11.085899353027344,2.6996567249298096,6.25449800491333,8.824538230895996,14.732329368591309,1012.460693359375,10.460693359375,0.9997499585151672,0.9999866485595703,,,5.908665929914871
2008298N16085,RASHMI,2008-10-27 06:00:00,25.0,90.6,22.0,1002.0,72.0,1,2008,10,2,-0.8660254037844386,0.5000000000000001,2.0,0.3999999999999915,4.0,1.2999999999999972,-13.0,-18.0,-9.0,37.668978281031464,0.1783552390292911,0.9839661623810061,,,,,,,,,,,,,,22.0,1.0,test,,-7.572509765625,41.73472213745117,29.11579704284668,96.8054428100586,7.043233394622803,29.532052993774414,0.7347076535224915,66.765625,17.69354248046875,-1.594628930091858,-6.771508693695068,,0.996469259262085,0.0,62.73188018798828,-8.79266357421875,25.282482147216797,81.4968032836914,22.887195587158203,28.317047119140625,2.718799591064453,70.17327117919922,7.539689540863037,11.93887710571289,3.397581100463867,6.2045207023620605,10.383014678955078,16.038990020751953,1011.6953735351562,9.69537353515625,0.9960080981254578,0.9957093596458435,,,6.163549252878709
2008317N11089,KHAI-MUK,2008-11-12 00:00:00,10.9,89.2,18.0,1002.0,6.0,1,2008,11,2,-0.5000000000000004,0.8660254037844384,0.40000000000000036,0.20000000000000284,,,5.0,,,8.258297361345127,0.44072401481273243,0.897642658727484,0.5,-0.6000000000000085,0.0,0.5999999999999996,-1.4000000000000057,0.0,0.6999999999999993,-2.299999999999997,0.0,0.6999999999999993,-3.200000000000003,0.0,0.0,40.0,3.0,test,28.340065002441406,-1.5618774890899658,14.53858470916748,9.06801986694336,86.6557846069336,-2.4378550052642822,2.2678167819976807,0.35453370213508606,11.464961051940918,22.028322219848633,-2.138598680496216,-1.448825716972351,2.047375440597534,0.0,400.3763122558594,17.525291442871094,-1.75567626953125,4.644408226013184,88.0255126953125,11.495126724243164,28.52869987487793,1.1757123470306396,81.166015625,-2.7276864051818848,2.321261167526245,-2.241615056991577,2.1790223121643066,-3.0874907970428467,2.424736738204956,1007.8636474609375,5.8636474609375,0.0,0.0,135.47140502929688,117.47140502929688,2.757805759653173
2008317N11089,KHAI-MUK,2008-11-12 03:00:00,11.2,89.0,18.0,1002.0,9.0,1,2008,11,2,-0.5000000000000004,0.8660254037844384,0.5,-0.20000000000000284,,,2.0,,,9.954056090394507,-0.3652692179231761,0.9309019274004062,0.3000000000000007,-0.7999999999999972,0.0,0.40000000000000036,-1.5999999999999943,0.0,0.40000000000000036,-2.5999999999999943,0.0,0.40000000000000036,-3.299999999999997,0.0,0.0,40.0,3.0,test,28.362407684326172,-1.448400855064392,15.866766929626465,7.28883171081543,87.4490966796875,-3.515575885772705,3.8675339221954346,0.5505005121231079,15.603320121765137,21.842315673828125,2.42596435546875,-1.105871558189392,2.3675904273986816,0.0,408.9962463378906,17.1619873046875,-1.62017822265625,4.778468608856201,87.78302001953125,11.528284072875977,28.49445343017578,1.6568902730941772,80.39871215820312,-2.8981194496154785,2.4704554080963135,-2.5355143547058105,2.0907487869262695,-3.1584932804107666,2.7774806022644043,1010.1163330078125,8.1163330078125,0.0,0.0,135.18978881835938,117.18978881835938,2.832752625062315
2008317N11089,KHAI-MUK,2008-11-12 06:00:00,11.4,88.6,18.0,1002.0,12.0,1,2008,11,2,-0.5000000000000004,0.8660254037844384,0.5,-0.6000000000000085,0.9000000000000004,-0.4000000000000057,0.0,5.0,,14.30650625378209,-0.7618998749834412,0.6476948204982164,0.09999999999999964,-0.7999999999999972,0.0,0.1999999999999993,-1.6999999999999886,0.0,0.1999999999999993,-2.5999999999999943,0.0,0.29999999999999893,-3.0,0.0,0.0,40.0,3.0,test,28.363618850708008,-1.7538305521011353,14.706735610961914,6.3116960525512695,82.79425811767578,-2.112800121307373,2.6906204223632812,0.37445372343063354,15.729413986206055,21.167177200317383,0.9391137957572937,-1.642492651939392,2.003554582595825,0.0,444.0183410644531,15.381575584411621,-1.85968017578125,5.202403545379639,88.36872100830078,11.836505889892578,28.482431411743164,1.8439213037490845,81.99481964111328,-2.5537989139556885,2.5627856254577637,-2.1513924598693848,2.0327706336975098,-2.7760305404663086,3.006077766418457,1008.9404296875,6.9404296875,0.0,0.0,135.2925567626953,117.29255676269531,2.882674183557252
2008317N11089,KHAI-MUK,2008-11-12 09:00:00,11.5,88.2,18.0,1002.0,15.0,1,2008,11,2,-0.5000000000000004,0.8660254037844384,0.3000000000000007,-0.7999999999999972,0.8000000000000007,-1.0,0.0,2.0,,15.5558404148043,-0.9339491331424243,0.35740595504623895,0.09999999999999964,-0.7999999999999972,0.0,0.09999999999999964,-1.7999999999999972,0.0,0.09999999999999964,-2.5,0.0,0.3000000000000007,-2.700000000000003,2.0,0.0,40.0,3.0,test,28.338970184326172,-1.5751464366912842,14.920769691467285,7.202108860015869,87.21553039550781,3.6675994396209717,3.0175209045410156,0.1714935302734375,15.591405868530273,21.183399200439453,-4.23675537109375,-2.53424072265625,1.9883301258087158,0.0,482.68780517578125,15.16837215423584,-1.65869140625,6.7711591720581055,88.50057983398438,11.89014720916748,28.476707458496094,1.7288635969161987,82.00847625732422,-2.1916794776916504,2.4221625328063965,-1.6213041543960571,1.642167568206787,-2.477930784225464,3.059739112854004,1006.2781372070312,4.27813720703125,0.0,0.0,135.689697265625,117.689697265625,2.907621829127287
2008317N11089,KHAI-MUK,2008-11-12 12:00:00,11.5,87.8,18.0,1002.0,18.0,1,2008,11,2,-0.5000000000000004,0.8660254037844384,0.09999999999999964,-0.7999999999999972,0.5999999999999996,-1.4000000000000057,0.0,0.0,,14.646087754443458,-0.9919620798599014,0.1265354974701513,0.09999999999999964,-0.8999999999999915,0.0,0.09999999999999964,-1.7999999999999972,0.0,0.1999999999999993,-2.200000000000003,0.0,0.3000000000000007,-2.3999999999999915,7.0,0.0,40.0,3.0,test,28.352252960205078,-2.1562867164611816,14.88774585723877,10.056059837341309,78.699951171875,0.9998271465301514,2.7749030590057373,-0.2280426025390625,16.775196075439453,21.809473037719727,-3.5787353515625,-2.424731492996216,2.3076109886169434,0.0,523.9041137695312,16.56794548034668,-2.28857421875,8.405360221862793,85.51042938232422,12.72889518737793,28.483718872070312,2.5300331115722656,79.07237243652344,-2.6309006214141846,2.592109441757202,-1.4578243494033813,1.162819504737854,-3.314542055130005,3.657613515853882,1006.5409545898438,4.54095458984375,0.0,0.0,135.94117736816406,117.94117736816406,2.907621829127287
2008317N11089,KHAI-MUK,2008-11-12 15:00:00,11.6,87.4,18.0,1002.0,21.0,1,2008,11,2,-0.5000000000000004,0.8660254037844384,0.09999999999999964,-0.7999999999999972,0.40000000000000036,-1.5999999999999943,0.0,0.0,,14.64094839359875,-0.9919564129404065,0.1265799147827242,0.0,-1.0,0.0,0.0,-1.7000000000000028,0.0,0.20000000000000107,-1.9000000000000057,2.0,0.40000000000000036,-2.1000000000000085,7.0,0.0,40.0,3.0,test,28.34990882873535,-2.201730966567993,14.842358589172363,7.023653984069824,77.47312927246094,-0.8867948651313782,5.087756633758545,0.19507507979869843,18.247148513793945,21.57476806640625,1.4571044445037842,-2.8656909465789795,2.2802953720092773,0.0,563.8342895507812,16.880388259887695,-2.33868408203125,7.742734909057617,85.11821746826172,12.506299018859863,28.488697052001953,2.3147037029266357,78.22451782226562,-2.835418701171875,2.8433618545532227,-1.9650514125823975,1.33150315284729,-3.228808641433716,3.9263293743133545,1008.7536010742188,6.75360107421875,0.0,0.0,135.91001892089844,117.91001892089844,2.932560617576978
2008317N11089,KHAI-MUK,2008-11-12 18:00:00,11.6,86.9,18.0,1002.0,24.0,1,2008,11,2,-0.5000000000000004,0.8660254037844384,0.09999999999999964,-0.8999999999999915,0.1999999999999993,-1.6999999999999886,0.0,0.0,5.0,16.443349650401537,-0.9936284777281206,0.11270513851505538,0.0,-0.9000000000000057,0.0,0.09999999999999964,-1.3000000000000114,0.0,0.20000000000000107,-1.5,7.0,0.5999999999999996,-1.7000000000000028,7.0,0.0,40.0,3.0,test,28.339204788208008,-2.046699285507202,16.616466522216797,4.947710990905762,82.26911163330078,-1.7610872983932495,4.6152873039245605,0.6038445830345154,19.847227096557617,21.418672561645508,1.4163671731948853,-2.6412768363952637,1.8739978075027466,0.0,615.670166015625,18.077280044555664,-2.081298828125,7.668060302734375,84.76457977294922,12.365362167358398,28.506933212280273,2.112358570098877,78.83196258544922,-2.5457820892333984,3.0604610443115234,-1.8347446918487549,1.6106237173080444,-2.8013179302215576,4.0433526039123535,1008.2838745117188,6.28387451171875,0.0,0.0,136.49798583984375,118.49798583984375,2.932560617576978
2008317N11089,KHAI-MUK,2008-11-12 21:00:00,11.6,86.4,18.0,1002.0,27.0,1,2008,11,2,-0.5000000000000004,0.8660254037844384,0.0,-1.0,0.09999999999999964,-1.7999999999999972,0.0,0.0,2.0,18.153978313199843,-1.0,6.123233995736766e-17,0.0,-0.7000000000000028,0.0,0.20000000000000107,-0.9000000000000057,2.0,0.40000000000000036,-1.1000000000000085,7.0,0.7000000000000011,-1.3000000000000114,11.0,0.0,40.0,3.0,test,28.46666717529297,-2.2879908084869385,17.589054107666016,4.705248832702637,85.69530487060547,1.6437106132507324,2.899416208267212,0.39264893531799316,20.989727020263672,21.52190589904785,-3.064440965652466,-1.9095410108566284,2.453605890274048,0.0,638.8397216796875,17.904876708984375,-2.43133544921875,8.391639709472656,84.0197982788086,12.153904914855957,28.528257369995117,1.5441182851791382,78.09101867675781,-2.0491838455200195,2.864922046661377,-1.4134280681610107,1.6691876649856567,-2.284942865371704,3.640363931655884,1006.505859375,4.505859375,0.0,0.0,137.40591430664062,119.40591430664062,2.932560617576978
2008317N11089,KHAI-MUK,2008-11-13 00:00:00,11.6,86.0,18.0,1002.0,30.0,1,2008,11,2,-0.5000000000000004,0.8660254037844384,0.0,-0.9000000000000057,0.09999999999999964,-1.7999999999999972,0.0,0.0,0.0,16.338580481879962,-1.0,6.123233995736766e-17,0.09999999999999964,-0.4000000000000057,0.0,0.20000000000000107,-0.5999999999999943,7.0,0.5999999999999996,-0.7999999999999972,7.0,0.9000000000000004,-0.9000000000000057,7.0,0.0,40.0,3.0,test,28.8925838470459,-2.5906004905700684,16.61933708190918,9.290447235107422,90.33098602294922,1.3777925968170166,6.638429164886475,0.09751281887292862,25.0048828125,21.17633056640625,-2.575976610183716,-1.736730933189392,2.3183350563049316,0.0,603.212158203125,20.265962600708008,-2.7347412109375,8.225930213928223,87.17636108398438,13.989850044250488,28.728538513183594,2.0632920265197754,80.2346420288086,-2.322624921798706,2.8768341541290283,-1.0385725498199463,1.7829285860061646,-2.9820494651794434,3.6894333362579346,1006.8877563476562,4.88775634765625,0.0,0.0,142.33419799804688,124.33419799804688,2.932560617576978
2008317N11089,KHAI-MUK,2008-11-13 03:00:00,11.6,85.7,18.0,1002.0,33.0,1,2008,11,2,-0.5000000000000004,0.8660254037844384,0.0,-0.7000000000000028,0.0,-1.7000000000000028,0.0,0.0,0.0,12.707784819239942,-1.0,6.123233995736766e-17,0.20000000000000107,-0.20000000000000284,2.0,0.40000000000000036,-0.4000000000000057,7.0,0.7000000000000011,-0.6000000000000085,11.0,1.3000000000000007,-0.7000000000000028,12.0,0.0,40.0,3.0,test,28.87578773498535,-2.8120996952056885,18.59071159362793,12.258306503295898,91.9597396850586,2.722006320953369,3.273524284362793,0.11275512725114822,24.697851181030273,21.72686767578125,1.806616187095642,-1.170739769935608,2.0492382049560547,0.0,575.4657592773438,19.861600875854492,-2.896240234375,7.381507873535156,88.29704284667969,14.144268035888672,28.71887969970703,2.2429990768432617,81.7838363647461,-2.5951907634735107,2.9544482231140137,-1.1415048837661743,1.8755590915679932,-3.350071907043457,3.7190425395965576,1009.3095703125,7.3095703125,0.0,0.0,142.3643341064453,124.36433410644531,2.932560617576978
2008317N11089,KHAI-MUK,2008-11-13 06:00:00,11.7,85.6,18.0,1002.0,36.0,1,2008,11,2,-0.5000000000000004,0.8660254037844384,0.09999999999999964,-0.4000000000000057,0.09999999999999964,-1.3000000000000114,0.0,0.0,0.0,7.491816018762442,-0.9689211103102272,0.2473699294481778,0.10000000000000142,-0.19999999999998863,7.0,0.5,-0.3999999999999915,7.0,0.8000000000000007,-0.5,7.0,1.6000000000000014,-0.6999999999999886,12.0,0.0,40.0,3.0,test,28.8554744720459,-2.5647997856140137,19.071063995361328,9.091133117675781,91.84716033935547,4.5111517906188965,0.8025174140930176,0.0019628906156867743,21.41277313232422,21.228418350219727,1.5775854587554932,-1.1997485160827637,1.550783634185791,0.0,568.7499389648438,20.21502113342285,-2.61956787109375,6.615869045257568,85.90968322753906,13.553526878356934,28.702434539794922,2.2072746753692627,78.90341186523438,-2.28293776512146,2.9796218872070312,-0.7672349214553833,1.8740055561065674,-3.066765069961548,3.7352235317230225,1008.5164794921875,6.5164794921875,0.0,0.0,142.12353515625,124.12353515625,2.9574904729384492
2008317N11089,KHAI-MUK,2008-11-13 09:00:00,11.8,85.5,20.0,1002.0,39.0,1,2008,11,2,-0.5000000000000004,0.8660254037844384,0.20000000000000107,-0.20000000000000284,0.20000000000000107,-0.9000000000000057,2.0,2.0,2.0,5.186692022923926,-0.6995155988459684,0.7146173290448297,0.1999999999999993,-0.20000000000000284,5.0,0.5,-0.4000000000000057,9.0,1.0999999999999996,-0.5,10.0,1.8999999999999986,-1.0,10.0,0.0,40.0,3.0,test,28.82695960998535,-2.735107421875,20.519311904907227,11.620075225830078,92.49830627441406,-7.673771381378174,1.0196685791015625,0.12203063815832138,22.320117950439453,21.233154296875,-3.567492723464966,-1.991369605064392,2.0499510765075684,0.0,558.75341796875,20.716596603393555,-2.73797607421875,7.409282684326172,83.05740356445312,12.645974159240723,28.693737030029297,2.1276891231536865,74.40089416503906,-1.7554645538330078,2.8190932273864746,-0.29217395186424255,1.5765596628189087,-2.5548255443573,3.6387104988098145,1005.8516845703125,3.8516845703125,0.0,0.0,141.9476776123047,121.94767761230469,2.982411319271039
2008317N11089,KHAI-MUK,2008-11-13 12:00:00,11.8,85.4,25.0,1002.0,42.0,1,2008,11,2,-0.5000000000000004,0.8660254037844384,0.10000000000000142,-0.19999999999998863,0.20000000000000107,-0.5999999999999943,7.0,7.0,7.0,4.07408486081976,-0.8905489454421779,0.45488743197831366,0.3999999999999986,-0.20000000000000284,0.0,0.6999999999999993,-0.30000000000001137,0.0,1.5,-0.5,5.0,2.1999999999999993,-1.3000000000000114,10.0,0.0,40.0,3.0,test,28.814380645751953,-3.1099658012390137,21.997913360595703,17.442237854003906,91.62640380859375,-7.832030296325684,2.328301191329956,0.14374206960201263,26.65445327758789,21.749040603637695,-3.244682550430298,-1.7566088438034058,2.5694591999053955,0.0,548.5040893554688,23.315916061401367,-3.2139892578125,7.279311180114746,82.43299865722656,13.356817245483398,28.688283920288086,1.839218020439148,73.0269775390625,-1.9632045030593872,2.1336002349853516,-0.1790354698896408,1.2511364221572876,-2.978667974472046,2.7280259132385254,1006.240478515625,4.240478515625,0.0,0.0,142.0782470703125,117.0782470703125,2.982411319271039
2008317N11089,KHAI-MUK,2008-11-13 15:00:00,12.0,85.3,25.0,1002.0,45.0,1,2008,11,2,-0.5000000000000004,0.8660254037844384,0.1999999999999993,-0.20000000000000284,0.40000000000000036,-0.4000000000000057,5.0,7.0,7.0,5.1848261397531905,-0.6992527780868818,0.7148745011103543,0.3000000000000007,-0.20000000000000284,4.0,0.9000000000000004,-0.29999999999999716,5.0,1.6999999999999993,-0.7999999999999972,5.0,2.4000000000000004,-1.7000000000000028,10.0,0.0,40.0,3.0,test,28.74883460998535,-3.132189989089966,24.136734008789062,10.256808280944824,95.4340591430664,-6.88511848449707,5.019097805023193,0.412423700094223,30.243946075439453,21.53118324279785,1.890356421470642,-1.8331420421600342,2.199963331222534,0.0,534.2220458984375,24.905405044555664,-3.18511962890625,6.185128688812256,81.15355682373047,13.071991920471191,28.662139892578125,1.2440699338912964,72.32429504394531,-2.4102115631103516,2.1177825927734375,-0.5905352830886841,1.1832666397094727,-3.464120864868164,2.733096122741699,1008.6596069335938,6.65960693359375,0.0,0.0,141.59625244140625,116.59625244140625,3.032225681224366
2008317N11089,KHAI-MUK,2008-11-13 18:00:00,12.2,85.2,25.0,1002.0,48.0,1,2008,11,2,-0.5000000000000004,0.8660254037844384,0.3999999999999986,-0.20000000000000284,0.5,-0.3999999999999915,0.0,7.0,7.0,8.250890313381518,-0.4390789205252096,0.8984484968824962,0.3000000000000007,-0.10000000000000853,0.0,1.1000000000000014,-0.29999999999999716,5.0,1.8000000000000007,-1.1000000000000085,10.0,2.200000000000001,-1.7000000000000028,10.0,0.0,40.0,3.0,test,28.674108505249023,-3.4243335723876953,27.199033737182617,10.50181770324707,93.0948715209961,1.2623716592788696,9.276520729064941,0.5451349020004272,32.020545959472656,21.217321395874023,1.3250439167022705,-2.054448127746582,2.3127734661102295,0.0,520.9423828125,29.37918472290039,-3.53411865234375,8.156880378723145,80.13677978515625,13.627604484558105,28.636503219604492,1.4181461334228516,72.84358215332031,-2.497091770172119,2.1085407733917236,-0.7222092747688293,1.3117040395736694,-3.55124831199646,2.6159067153930664,1008.3399658203125,6.3399658203125,0.0,0.0,141.02481079101562,116.02481079101562,3.0820030964646796
2008317N11089,KHAI-MUK,2008-11-13 21:00:00,12.3,85.1,29.0,1002.0,51.0,1,2008,11,2,-0.5000000000000004,0.8660254037844384,0.3000000000000007,-0.20000000000000284,0.5,-0.4000000000000057,4.0,9.0,11.0,6.635171338402881,-0.5457913951195794,0.8379210899681564,0.5999999999999996,-0.09999999999999432,1.0,1.3999999999999986,-0.5999999999999943,1.0,2.0999999999999996,-1.5,6.0,2.0999999999999996,-2.0,11.0,0.0,40.0,3.0,test,28.65492820739746,-3.8250732421875,26.638856887817383,10.37829875946045,86.58602142333984,4.06513786315918,9.63277816772461,0.24788574874401093,34.159568786621094,20.883358001708984,-3.0725951194763184,-1.3947681188583374,2.0378148555755615,0.0,509.3587341308594,26.977214813232422,-3.92010498046875,10.137421607971191,81.74110412597656,14.494309425354004,28.623579025268555,1.32478928565979,74.9843978881836,-2.367011308670044,1.7973220348358154,-0.5208219289779663,1.2586840391159058,-3.4896557331085205,2.1092488765716553,1006.4415283203125,4.4415283203125,0.0,0.0,140.86700439453125,111.86700439453125,3.1068777595115136
2008317N11089,KHAI-MUK,2008-11-14 00:00:00,12.5,85.1,25.0,1002.0,54.0,1,2008,11,2,-0.5000000000000004,0.8660254037844384,0.3000000000000007,-0.10000000000000853,0.6999999999999993,-0.30000000000001137,0.0,0.0,7.0,5.846747900014566,-0.30945760038510695,0.9509132418700937,0.8000000000000007,-0.19999999999998863,5.0,1.5,-1.0,10.0,1.9000000000000004,-1.5999999999999943,10.0,1.9000000000000004,-2.0999999999999943,15.0,0.0,40.0,3.0,test,28.5683650970459,-4.17388916015625,28.908103942871094,9.915910720825195,86.49837493896484,-7.228829860687256,3.033827304840088,0.6451690793037415,36.521873474121094,20.71698570251465,-2.386889696121216,-1.1323730945587158,2.300036668777466,0.0,507.5345764160156,30.09148597717285,-4.5802001953125,10.031400680541992,84.34110260009766,16.46588706970215,28.49359703063965,1.2546976804733276,78.38584899902344,-3.022258996963501,1.7742282152175903,-0.6004544496536255,1.093114972114563,-4.556851863861084,2.152865409851074,1007.0372314453125,5.0372314453125,0.0,0.0,139.0613250732422,114.06132507324219,3.15659861759608
2008317N11089,KHAI-MUK,2008-11-14 03:00:00,12.9,85.0,30.0,1000.0,57.0,1,2008,11,2,-0.5000000000000004,0.8660254037844384,0.5999999999999996,-0.09999999999999432,0.9000000000000004,-0.29999999999999716,1.0,5.0,12.0,11.265284570317478,-0.1603577940582702,0.9870589536014378,0.7999999999999989,-0.5,0.0,1.5,-1.4000000000000057,5.0,1.5,-1.9000000000000057,10.0,1.5,-2.4000000000000057,5.0,0.0,40.0,3.0,test,28.57500648498535,-4.894238471984863,30.12191390991211,10.394468307495117,86.64574432373047,-6.114327907562256,5.687997341156006,0.6804779171943665,44.327537536621094,20.687580108642578,0.837902843952179,-2.374218702316284,1.4533812999725342,0.0,496.3233337402344,30.85354232788086,-5.185302734375,9.553409576416016,84.32611083984375,17.421457290649414,28.441930770874023,1.427513599395752,78.4669418334961,-3.7352893352508545,2.0012810230255127,-1.3563984632492065,1.0792914628982544,-5.267710208892822,2.5613725185394287,1009.3865966796875,9.3865966796875,0.0,0.0,138.08753967285156,108.08753967285156,3.255924341926917
2008317N11089,KHAI-MUK,2008-11-14 06:00:00,13.3,84.9,30.0,1000.0,60.0,1,2008,11,2,-0.5000000000000004,0.8660254037844384,0.8000000000000007,-0.19999999999998863,1.1000000000000014,-0.29999999999999716,5.0,5.0,12.0,15.258484727343296,-0.2363988008248388,0.9716561155926402,0.6999999999999993,-0.8000000000000114,5.0,1.0999999999999996,-1.4000000000000057,5.0,1.0999999999999996,-1.9000000000000057,10.0,1.0999999999999996,-2.4000000000000057,0.0,0.0,40.0,3.0,test,28.530786514282227,-5.073549747467041,29.83308982849121,6.529993057250977,87.69441986083984,-1.0805407762527466,4.507540225982666,0.981522798538208,45.66398620605469,20.633594512939453,-0.002968749962747097,-3.1411962509155273,1.6667261123657227,0.0,473.2756652832031,31.021894454956055,-5.23785400390625,9.977494239807129,85.4652099609375,17.836706161499023,28.393966674804688,1.803848385810852,78.55189514160156,-3.8449220657348633,2.184946298599243,-1.5459673404693604,1.1716063022613525,-5.355216979980469,2.8246095180511475,1008.4444580078125,8.4444580078125,0.0,0.0,137.1138458251953,107.11384582519531,3.355091377098753
2008317N11089,KHAI-MUK,2008-11-14 09:00:00,13.7,84.5,30.0,1000.0,63.0,1,2008,11,2,-0.5000000000000004,0.8660254037844384,0.7999999999999989,-0.5,1.3999999999999986,-0.5999999999999943,0.0,1.0,10.0,17.34524111813005,-0.5190251880539288,0.8547589450632171,0.7000000000000011,-0.9000000000000057,5.0,0.7000000000000011,-1.4000000000000057,10.0,0.7000000000000011,-1.9000000000000057,5.0,0.7000000000000011,-2.5,0.0,0.0,40.0,3.0,test,28.31719398498535,-5.506591796875,28.737794876098633,3.063180685043335,86.09671783447266,0.5765999555587769,3.0238113403320312,0.242340087890625,45.29863357543945,20.84918212890625,-4.719262599945068,-4.37261962890625,1.181738257408142,0.0,412.7109069824219,28.799375534057617,-5.55322265625,9.818078994750977,84.7809066772461,17.005510330200195,28.329063415527344,1.985416293144226,77.60075378417969,-3.5507419109344482,2.0539443492889404,-1.3275703191757202,0.9285566210746765,-5.039686679840088,2.7308311462402344,1005.9431762695312,5.94317626953125,0.0,0.0,134.78665161132812,104.78665161132812,3.454094889850196
2008317N11089,KHAI-MUK,2008-11-14 12:00:00,14.0,84.1,35.0,998.0,66.0,1,2008,11,2,-0.5000000000000004,0.8660254037844384,0.6999999999999993,-0.8000000000000114,1.5,-1.0,5.0,10.0,10.0,19.37105721437097,-0.7426339346670121,0.6696975728498588,0.40000000000000036,-0.5999999999999943,0.0,0.40000000000000036,-1.0999999999999943,5.0,0.40000000000000036,-1.5999999999999943,-5.0,0.5,-2.5,-5.0,0.0,40.0,3.0,test,28.175395965576172,-5.541589260101318,28.773258209228516,4.077149391174316,90.89773559570312,-5.1726226806640625,6.362056732177734,0.15818481147289276,50.9921875,20.988079071044922,-3.5682373046875,-4.143640041351318,1.103186011314392,0.0,361.9228515625,31.47012710571289,-5.56121826171875,13.953594207763672,85.09770202636719,18.398195266723633,28.274471282958984,1.9022771120071411,77.16816711425781,-4.291053295135498,1.9365242719650269,-1.6620527505874634,0.3312087655067444,-6.279491901397705,2.902660846710205,1006.4365844726562,8.43658447265625,0.0,0.0065582203678786755,133.40504455566406,98.40504455566406,3.5282373098046738
2008317N11089,KHAI-MUK,2008-11-14 15:00:00,14.4,83.6,35.0,996.0,69.0,1,2008,11,2,-0.5000000000000004,0.8660254037844384,0.7000000000000011,-0.9000000000000057,1.5,-1.4000000000000057,5.0,5.0,10.0,20.71917093714335,-0.7797242823694867,0.6261230258370867,0.0,-0.5,5.0,0.0,-1.0,0.0,0.0,-1.5999999999999943,-5.0,0.09999999999999964,-2.5,-5.0,0.0,40.0,3.0,test,28.172740936279297,-6.2122802734375,28.339797973632812,10.281208038330078,87.39382934570312,-5.777705669403076,22.85064697265625,0.7039563059806824,58.32609558105469,21.131208419799805,-0.35285890102386475,-5.046596527099609,1.088314175605774,0.0,297.2322082519531,56.3058967590332,-6.981689453125,18.428760528564453,83.92752075195312,19.97402000427246,28.184783935546875,2.860867738723755,76.78923797607422,-4.740869045257568,2.2442030906677246,-2.3890440464019775,0.22614482045173645,-6.547740936279297,3.4372124671936035,1008.5734252929688,12.57342529296875,0.0,0.9963122010231018,133.169189453125,98.169189453125,3.6269430523896755
2008317N11089,KHAI-MUK,2008-11-14 18:00:00,14.4,83.5,35.0,996.0,72.0,1,2008,11,2,-0.5000000000000004,0.8660254037844384,0.40000000000000036,-0.5999999999999943,1.0999999999999996,-1.4000000000000057,0.0,5.0,10.0,13.074743796258614,-0.8237377823993486,0.5669709567939115,0.0,-0.5,5.0,0.0,-1.0,-5.0,0.09999999999999964,-1.9000000000000057,-5.0,0.40000000000000036,-2.9000000000000057,-5.0,0.0,40.0,3.0,test,28.208209991455078,-6.631176948547363,22.288211822509766,11.31567668914795,77.050048828125,0.3353007435798645,10.583780288696289,0.7272735834121704,56.933006286621094,20.746166229248047,-0.47999268770217896,-4.581250190734863,1.1767151355743408,0.0,292.19488525390625,68.67871856689453,-9.04461669921875,16.057621002197266,82.70616912841797,20.438383102416992,28.17371368408203,2.4209587574005127,75.95579528808594,-4.987056255340576,2.6883602142333984,-2.6161255836486816,0.5942885875701904,-6.792239189147949,3.9020934104919434,1008.4024658203125,12.4024658203125,0.0,0.9583173990249634,133.392822265625,98.392822265625,3.6269430523896755
2008317N11089,KHAI-MUK,2008-11-14 21:00:00,14.4,83.1,40.0,994.0,75.0,1,2008,11,2,-0.5000000000000004,0.8660254037844384,0.0,-0.5,0.7000000000000011,-1.4000000000000057,5.0,10.0,11.0,8.975133716808177,-1.0,6.123233995736766e-17,0.0,-0.5,-5.0,0.0,-1.0999999999999943,-10.0,0.09999999999999964,-2.0,-10.0,0.5,-2.8999999999999915,-10.0,0.0,40.0,3.0,test,28.3466854095459,-7.448315620422363,28.79139518737793,14.726280212402344,86.1850814819336,-2.9208309650421143,25.684778213500977,0.6879010200500488,58.93992233276367,21.133544921875,-3.4826440811157227,-4.341306209564209,1.2718371152877808,0.0,272.89031982421875,58.198543548583984,-9.5760498046875,18.19320297241211,82.8546371459961,19.48431968688965,28.147048950195312,1.7666233777999878,75.78778076171875,-4.813381671905518,2.636751651763916,-2.598733901977539,0.6434618234634399,-6.5090155601501465,3.733673572540283,1006.8290405273438,12.82904052734375,0.00028916532755829394,0.9362059235572815,134.14657592773438,94.14657592773438,3.6269430523896755
2008317N11089,KHAI-MUK,2008-11-15 00:00:00,14.4,83.0,40.0,994.0,78.0,1,2008,11,2,-0.5000000000000004,0.8660254037844384,0.0,-0.5,0.40000000000000036,-1.0999999999999943,5.0,5.0,15.0,8.975133716808177,-1.0,6.123233995736766e-17,0.0,-0.5,-10.0,0.09999999999999964,-1.4000000000000057,-10.0,0.40000000000000036,-2.4000000000000057,-10.0,0.6999999999999993,-3.299999999999997,-10.0,0.0,40.0,3.0,test,28.363677978515625,-8.520398139953613,43.43913269042969,7.380356311798096,77.99884796142578,1.5737768411636353,21.1195011138916,-0.31987303495407104,63.001564025878906,19.273059844970703,-3.3685302734375,-5.383032321929932,0.9345458745956421,0.0,267.6369323730469,56.670955657958984,-9.54296875,16.20853042602539,84.15222930908203,20.204660415649414,28.138748168945312,1.5442715883255005,76.75952911376953,-5.021882057189941,3.1493186950683594,-2.193056344985962,0.5395042300224304,-7.065669536590576,4.60700798034668,1006.8952026367188,12.89520263671875,0.16571588814258575,0.9989169239997864,134.24188232421875,94.24188232421875,3.6269430523896755
2008317N11089,KHAI-MUK,2008-11-15 03:00:00,14.4,82.6,35.0,996.0,81.0,1,2008,11,2,-0.5000000000000004,0.8660254037844384,0.0,-0.5,0.0,-1.0,-5.0,0.0,5.0,8.975133716808177,-1.0,6.123233995736766e-17,0.0,-0.5999999999999943,-5.0,0.09999999999999964,-1.5,-5.0,0.5,-2.3999999999999915,-5.0,0.7999999999999989,-3.5999999999999943,-10.0,0.0,35.0,3.0,test,28.382038116455078,-8.619023323059082,43.53667449951172,12.292330741882324,71.55696105957031,-0.6113169193267822,9.350973129272461,-0.8572869896888733,62.069923400878906,18.732826232910156,-0.5623852610588074,-4.856472015380859,0.4721118211746216,0.0,243.9602508544922,48.35975646972656,-9.235107421875,11.546262741088867,79.12067413330078,20.45401382446289,28.127208709716797,0.195036843419075,70.59278106689453,-5.32561731338501,3.4494259357452393,-2.8894858360290527,0.37656494975090027,-7.083258628845215,5.220991134643555,1008.9342041015625,12.9342041015625,0.45210227370262146,0.9967678189277649,134.30322265625,99.30322265625,3.6269430523896755
2008317N11089,KHAI-MUK,2008-11-15 06:00:00,14.4,82.5,30.0,996.0,84.0,1,2008,11,2,-0.5000000000000004,0.8660254037844384,0.0,-0.5,0.0,-1.0,-10.0,-5.0,0.0,8.975133716808177,-1.0,6.123233995736766e-17,0.09999999999999964,-0.9000000000000057,0.0,0.40000000000000036,-1.9000000000000057,0.0,0.6999999999999993,-2.799999999999997,0.0,1.0,-3.700000000000003,-8.0,0.0,30.0,2.0,test,28.37774085998535,-8.298376083374023,41.08053970336914,10.837085723876953,65.49067687988281,-2.6485424041748047,1.6854400634765625,-1.1321014165878296,56.387107849121094,19.794158935546875,1.230371117591858,-3.2256102561950684,0.24998779594898224,0.0,237.10836791992188,44.75075149536133,-8.60626220703125,7.987475872039795,74.77942657470703,19.493759155273438,28.12639045715332,-0.22950641810894012,64.12081909179688,-5.087133407592773,3.8128340244293213,-3.134701728820801,0.5464620590209961,-6.475035190582275,5.718775272369385,1008.43212890625,12.43212890625,0.6789848208427429,0.9901371002197266,134.29470825195312,104.29470825195312,3.6269430523896755
2008317N11089,KHAI-MUK,2008-11-15 09:00:00,14.4,82.0,30.0,996.0,87.0,1,2008,11,2,-0.5000000000000004,0.8660254037844384,0.0,-0.5999999999999943,0.0,-1.0999999999999943,-5.0,-10.0,0.0,10.770160460169711,-1.0,6.123233995736766e-17,0.09999999999999964,-0.9000000000000057,0.0,0.5,-1.7999999999999972,0.0,0.7999999999999989,-3.0,-5.0,,,,,30.0,2.0,test,28.270122528076172,-8.106542587280273,40.18638610839844,11.828141212463379,68.05599212646484,-2.9001927375793457,2.585217237472534,-0.719439685344696,58.923439025878906,21.166906356811523,-3.5437254905700684,-4.968237400054932,0.2605346739292145,0.0,198.48167419433594,43.564762115478516,-8.3062744140625,8.513705253601074,74.92530059814453,19.343734741210938,28.122621536254883,-0.2399349957704544,61.826961517333984,-4.363518238067627,3.717741012573242,-2.9797518253326416,0.4257325530052185,-5.406214714050293,5.583940505981445,1005.853515625,9.853515625,0.8667974472045898,0.9867953658103943,133.1556396484375,103.1556396484375,3.6269430523896755
2008317N11089,KHAI-MUK,2008-11-15 12:00:00,14.5,81.6,30.0,996.0,90.0,1,2008,11,2,-0.5000000000000004,0.8660254037844384,0.09999999999999964,-0.9000000000000057,0.09999999999999964,-1.4000000000000057,0.0,-10.0,-5.0,16.253974332482922,-0.9934786533103824,0.1140182679073356,0.3000000000000007,-1.0,0.0,0.5999999999999996,-1.8999999999999915,0.0,0.9000000000000004,-2.799999999999997,-8.0,,,,,30.0,2.0,test,28.1191463470459,-7.822619438171387,37.29142761230469,6.934980869293213,74.17445373535156,1.4300271272659302,9.23938274383545,-0.28542786836624146,62.60332107543945,21.090618133544922,-3.871508836746216,-4.318151950836182,0.06619872897863388,0.0,167.18260192871094,57.83082962036133,-8.28778076171875,13.284147262573242,78.30485534667969,18.626922607421875,28.10700035095215,0.8744297027587891,66.53799438476562,-4.452386379241943,3.2550337314605713,-3.267909049987793,-0.14178195595741272,-5.346919059753418,5.042665958404541,1006.0177612304688,10.01776123046875,0.9781635999679565,0.9983441233634949,131.47787475585938,101.47787475585938,3.6515920551307848
2008317N11089,KHAI-MUK,2008-11-15 15:00:00,14.5,81.1,30.0,996.0,93.0,1,2008,11,2,-0.5000000000000004,0.8660254037844384,0.09999999999999964,-0.9000000000000057,0.09999999999999964,-1.5,0.0,-5.0,-5.0,16.253974332482922,-0.9934786533103824,0.1140182679073356,0.40000000000000036,-0.8999999999999915,0.0,0.6999999999999993,-2.0999999999999943,-5.0,,,,,,,,30.0,2.0,test,27.95781898498535,-9.734888076782227,49.343017578125,3.1993908882141113,63.1941032409668,-9.125828742980957,26.98202133178711,1.2147979736328125,84.01445007324219,22.179418563842773,-1.9362304210662842,-6.677966117858887,1.41278076171875,0.0,114.93803405761719,76.80571746826172,-10.2412109375,20.653867721557617,80.27620697021484,19.84151268005371,28.10043716430664,1.915286660194397,66.76284790039062,-4.629641532897949,3.195735454559326,-4.120415687561035,-0.14882723987102509,-5.2100653648376465,4.909128189086914,1008.662109375,12.662109375,0.9994271397590637,0.9982832074165344,129.48648071289062,99.48648071289062,3.6515920551307848
2008317N11089,KHAI-MUK,2008-11-15 18:00:00,14.8,80.6,30.0,996.0,96.0,1,2008,11,2,-0.5000000000000004,0.8660254037844384,0.3000000000000007,-1.0,0.40000000000000036,-1.9000000000000057,0.0,0.0,-5.0,18.76041473495337,-0.9550777369505036,0.2963553886493456,0.29999999999999893,-0.8999999999999915,0.0,0.5999999999999996,-1.7999999999999972,-8.0,,,,,,,,30.0,2.0,test,27.784420013427734,-9.788349151611328,58.0139045715332,4.968801975250244,55.929115295410156,-7.431599140167236,47.87876510620117,0.9631518721580505,77.6207046508789,22.252042770385742,-2.7626953125,-7.247685432434082,1.7284424304962158,0.0,62.52754211425781,101.6661376953125,-10.57861328125,21.476699829101562,81.90795135498047,18.68442153930664,28.059083938598633,1.6525241136550903,69.48428344726562,-4.324944496154785,3.3807764053344727,-4.404023170471191,0.6032570004463196,-4.627005577087402,4.732142448425293,1008.5808715820312,12.58087158203125,0.981400191783905,0.9977622032165527,127.65230560302734,97.65230560302734,3.7254720228871565
2008317N11089,KHAI-MUK,2008-11-15 21:00:00,14.9,80.2,30.0,996.0,99.0,1,2008,11,2,-0.5000000000000004,0.8660254037844384,0.40000000000000036,-0.8999999999999915,0.5,-1.7999999999999972,0.0,0.0,-10.0,17.741372475549294,-0.9085220573117515,0.41783689566387333,0.29999999999999893,-1.2000000000000028,-5.0,,,,,,,,,,,30.0,2.0,test,,-7.406696796417236,50.81294631958008,5.928485870361328,56.89606475830078,-7.753367900848389,24.184457778930664,0.23612670600414276,61.20320129394531,18.806058883666992,-2.3698363304138184,-4.256381988525391,,0.2259162962436676,20.897823333740234,95.62590026855469,-9.1004638671875,16.728824615478516,80.33844757080078,17.710186004638672,28.010520935058594,0.2882053554058075,67.06755828857422,-3.9057247638702393,3.233893394470215,-4.162530422210693,1.2442902326583862,-4.151307582855225,4.172537803649902,1007.3475952148438,11.34759521484375,0.9679251313209534,0.99773108959198,126.75131225585938,96.75131225585938,3.750076081926721
2008317N11089,KHAI-MUK,2008-11-16 00:00:00,15.1,79.7,30.0,998.0,102.0,1,2008,11,2,-0.5000000000000004,0.8660254037844384,0.29999999999999893,-0.8999999999999915,0.5999999999999996,-1.8999999999999915,0.0,0.0,-10.0,17.036108808603913,-0.9452486808759593,0.32635093274305016,0.3000000000000007,-0.9000000000000057,-8.0,,,,,,,,,,,30.0,2.0,test,,-6.234758377075195,52.4112548828125,7.539992332458496,59.22590255737305,-3.3092448711395264,28.066295623779297,0.4946087598800659,59.934295654296875,19.11772918701172,-0.09571044892072678,-3.299616813659668,,0.9949381351470947,0.0,66.31956481933594,-6.58502197265625,13.710249900817871,76.59535217285156,16.69602394104004,27.924341201782227,0.24927294254302979,64.51209259033203,-3.868382692337036,3.4045660495758057,-3.6047210693359375,1.555985450744629,-4.363168239593506,4.414067268371582,1007.5757446289062,9.57574462890625,0.9914940595626831,0.9956232905387878,125.57366180419922,95.57366180419922,3.799249854946112
2008317N11089,KHAI-MUK,2008-11-16 03:00:00,15.2,79.0,25.0,1004.0,105.0,1,2008,11,2,-0.5000000000000004,0.8660254037844384,0.29999999999999893,-1.2000000000000028,0.6999999999999993,-2.0999999999999943,-5.0,-5.0,-10.0,22.16947043131611,-0.9680430521359878,0.2507840688944196,,,,,,,,,,,,,,25.0,1.0,test,,-4.304980278015137,42.16654968261719,16.168521881103516,69.09136962890625,8.541131019592285,16.275217056274414,0.6166412234306335,45.820899963378906,19.575572967529297,2.815869092941284,-1.744897484779358,,0.9950447082519531,0.0,43.83149719238281,-4.30682373046875,8.776061058044434,74.7610092163086,15.82402229309082,27.82065773010254,0.07849578559398651,63.208160400390625,-3.8522274494171143,3.5144317150115967,-3.8891031742095947,1.5789560079574585,-4.137228965759277,4.644099712371826,1009.5173950195312,5.51739501953125,0.9835667610168457,0.9896672964096069,,,3.8238194191340993
2008317N11089,KHAI-MUK,2008-11-16 06:00:00,15.4,78.8,22.0,1004.0,108.0,1,2008,11,2,-0.5000000000000004,0.8660254037844384,0.3000000000000007,-0.9000000000000057,0.5999999999999996,-1.7999999999999972,-8.0,-8.0,-8.0,17.01439705105433,-0.945104797003396,0.326767383135419,,,,,,,,,,,,,,22.0,1.0,test,,-2.2657299041748047,21.662290573120117,12.673651695251465,72.88401794433594,8.909838676452637,7.694721221923828,1.3436779975891113,36.589881896972656,19.781930923461914,3.36322021484375,0.26524901390075684,,0.9990907311439514,0.0,33.00807571411133,-3.15179443359375,3.8567609786987305,72.42821502685547,13.523738861083984,27.781200408935547,0.31363019347190857,61.00276184082031,-3.429811477661133,3.7841808795928955,-3.7547900676727295,1.7698525190353394,-3.476057529449463,5.113142490386963,1008.86572265625,4.86572265625,0.9985235333442688,0.9912670850753784,,,3.8729235286511168
2008329N09082,NISHA,2008-11-24 18:00:00,9.0,81.1,18.0,1001.0,12.0,1,2008,11,2,-0.5000000000000004,0.8660254037844384,0.09999999999999964,-0.20000000000000284,0.3000000000000007,-0.7000000000000028,5.0,5.0,,4.103228185444539,-0.8921918716103077,0.4516565777584739,0.09999999999999964,-0.19999999999998863,4.0,0.3000000000000007,-0.3999999999999915,8.0,0.1999999999999993,-0.3999999999999915,12.0,0.6999999999999993,-0.5999999999999943,12.0,0.0,45.0,3.0,test,28.252300262451172,-2.41265869140625,9.183199882507324,10.448055267333984,93.94943237304688,1.5084826946258545,11.483868598937988,0.322012335062027,23.8193359375,21.564538955688477,1.224755883216858,-0.9322265386581421,2.20147705078125,0.2334192544221878,30.931907653808594,29.125452041625977,-2.51171875,17.360219955444336,90.78632354736328,14.596260070800781,28.455881118774414,2.836953639984131,84.47880554199219,-2.183905839920044,1.3675185441970825,-2.4182519912719727,-0.32394877076148987,-1.8746345043182373,2.644575357437134,1012.4613647460938,11.46136474609375,0.4630076587200165,0.2482011318206787,133.63719177246094,115.63719177246094,2.281471525039735
2008329N09082,NISHA,2008-11-24 21:00:00,9.0,81.0,20.0,1001.0,15.0,1,2008,11,2,-0.5000000000000004,0.8660254037844384,0.0,-0.20000000000000284,0.1999999999999993,-0.5,4.0,7.0,,3.66086683441593,-1.0,6.123233995736766e-17,0.1999999999999993,-0.20000000000000284,5.0,0.3000000000000007,-0.29999999999999716,5.0,0.40000000000000036,-0.29999999999999716,10.0,1.0,-0.7000000000000028,10.0,0.0,45.0,3.0,test,28.288238525390625,-2.7197265625,16.760021209716797,9.550851821899414,99.88778686523438,-1.1341444253921509,23.069854736328125,0.5662689208984375,28.4404296875,21.39141845703125,-3.44683837890625,-0.668701171875,3.3841552734375,0.38432013988494873,26.12228012084961,24.106958389282227,-3.02838134765625,18.92967987060547,88.84490203857422,13.647457122802734,28.462539672851562,3.4837472438812256,81.25041198730469,-1.7729648351669312,1.0704025030136108,-2.1050076484680176,-0.2498110830783844,-1.2710657119750977,2.059758424758911,1010.5750732421875,9.5750732421875,0.5893419981002808,0.055378735065460205,133.73326110839844,113.73326110839844,2.281471525039735
2008329N09082,NISHA,2008-11-25 00:00:00,9.1,80.9,22.0,1001.0,18.0,1,2008,11,2,-0.5000000000000004,0.8660254037844384,0.09999999999999964,-0.19999999999998863,0.1999999999999993,-0.3999999999999915,4.0,9.0,,4.102320352700828,-0.892141266420728,0.45175652817554246,0.20000000000000107,-0.20000000000000284,4.0,0.09999999999999964,-0.20000000000000284,8.0,0.5999999999999996,-0.4000000000000057,8.0,1.0,-0.5,8.0,0.0,45.0,3.0,test,,-4.248598575592041,37.309715270996094,10.418728828430176,98.11006164550781,0.908214807510376,47.35541534423828,1.072332739830017,40.20320129394531,20.84142303466797,-4.141071796417236,-2.894118547439575,,0.4507698714733124,15.673368453979492,42.27749252319336,-4.5142822265625,21.859600067138672,88.8461685180664,15.546852111816406,28.243549346923828,4.716487407684326,81.2660140991211,-1.9434800148010254,0.6107446551322937,-1.989179253578186,-0.5207651853561401,-1.4690752029418945,1.5564936399459839,1010.7314453125,9.7314453125,0.529967725276947,0.056901607662439346,130.7174835205078,108.71748352050781,2.3066088844528387
2008329N09082,NISHA,2008-11-25 03:00:00,9.2,80.8,25.0,1001.0,21.0,1,2008,11,2,-0.5000000000000004,0.8660254037844384,0.1999999999999993,-0.20000000000000284,0.1999999999999993,-0.4000000000000057,5.0,9.0,,5.208177242355779,-0.7025146027553608,0.7116693283509397,0.10000000000000142,-0.09999999999999432,0.0,0.20000000000000107,-0.09999999999999432,5.0,0.8000000000000007,-0.5,5.0,1.200000000000001,-0.3999999999999915,15.0,0.0,45.0,3.0,test,,-5.031101226806641,33.59392166137695,9.723930358886719,94.07440948486328,-8.266146659851074,30.756059646606445,0.6426013112068176,38.330936431884766,21.369361877441406,-0.9140210151672363,-4.14407205581665,,0.5449493527412415,5.224455833435059,39.14869689941406,-5.03753662109375,17.49348258972168,85.8446273803711,16.69906997680664,28.24587059020996,4.5749711990356445,78.40789794921875,-2.444887399673462,0.8122750520706177,-2.2812600135803223,-0.1012098640203476,-2.0512516498565674,1.4901890754699707,1012.9835205078125,11.9835205078125,0.18393228948116302,0.8387261629104614,131.40638732910156,106.40638732910156,2.3317392175352576
2008329N09082,NISHA,2008-11-25 06:00:00,9.3,80.7,26.0,1001.0,24.0,1,2008,11,2,-0.5000000000000004,0.8660254037844384,0.20000000000000107,-0.20000000000000284,0.3000000000000007,-0.3999999999999915,4.0,8.0,13.0,5.207446782578246,-0.7024134601047017,0.7117691557406379,-0.10000000000000142,0.0,4.0,0.3999999999999986,-0.20000000000000284,4.0,0.7999999999999989,-0.29999999999999716,4.0,1.299999999999999,-0.29999999999999716,14.0,0.0,45.0,3.0,test,,-5.470407485961914,34.63715362548828,10.873847961425781,92.21672821044922,0.45072534680366516,3.5631885528564453,1.2087914943695068,49.858436584472656,21.225914001464844,-0.8287158012390137,-4.541250228881836,,0.5703812837600708,4.179564952850342,73.22721099853516,-5.51226806640625,15.874151229858398,85.34654235839844,17.813447952270508,28.248336791992188,4.875625133514404,78.3301773071289,-2.4301135540008545,1.027632236480713,-1.7642638683319092,0.06543809920549393,-2.366536855697632,1.6011998653411865,1012.1568603515625,11.1568603515625,0.13171708583831787,0.9857190251350403,131.8978729248047,105.89787292480469,2.3568624477356392
2008329N09082,NISHA,2008-11-25 09:00:00,9.3,80.7,25.0,1001.0,27.0,1,2008,11,2,-0.5000000000000004,0.8660254037844384,0.10000000000000142,-0.09999999999999432,0.3000000000000007,-0.29999999999999716,0.0,5.0,12.0,2.6037233912890434,-0.7024134601046734,0.7117691557406659,0.09999999999999964,0.0,5.0,0.6999999999999993,-0.4000000000000057,5.0,1.0999999999999996,-0.29999999999999716,15.0,1.299999999999999,-0.4000000000000057,20.0,0.0,45.0,3.0,test,,-6.389633655548096,40.62042999267578,10.771166801452637,91.84709167480469,-2.529667615890503,5.922224044799805,0.841660737991333,54.287384033203125,21.855785369873047,-4.930361270904541,-5.881994724273682,,0.5703812837600708,4.179564952850342,90.39057922363281,-7.32501220703125,23.907657623291016,86.0549545288086,17.03852081298828,28.248336791992188,3.301403760910034,78.9146728515625,-2.0511879920959473,1.0582225322723389,-1.009270429611206,0.09588675200939178,-2.278738021850586,1.5788768529891968,1009.2234497070312,8.22344970703125,0.2416897863149643,0.8040379285812378,131.8978729248047,106.89787292480469,2.3568624477356392
2008329N09082,NISHA,2008-11-25 12:00:00,9.2,80.7,30.0,1001.0,30.0,1,2008,11,2,-0.5000000000000004,0.8660254037844384,-0.10000000000000142,0.0,0.09999999999999964,-0.20000000000000284,4.0,8.0,17.0,1.853250000000026,1.2246467991473532e-16,-1.0,0.5,-0.20000000000000284,0.0,0.9000000000000004,-0.29999999999999716,0.0,1.4000000000000004,-0.29999999999999716,10.0,1.700000000000001,-0.4000000000000057,15.0,0.0,45.0,3.0,test,,-6.936638355255127,42.41696548461914,9.08416748046875,93.91741180419922,0.41682061553001404,7.732556343078613,1.301411747932434,62.985782623291016,21.85245132446289,-4.084518909454346,-4.823525428771973,,0.6921055316925049,0.0,58.709930419921875,-7.59747314453125,24.870262145996094,86.91899871826172,16.650680541992188,28.24013328552246,2.537447452545166,81.00550079345703,-2.4789891242980957,1.1202462911605835,-0.8722028136253357,0.29568347334861755,-2.9931280612945557,1.5581111907958984,1009.1961059570312,8.19610595703125,0.10860567539930344,0.9880272150039673,131.55889892578125,101.55889892578125,2.3317392175352576
2008329N09082,NISHA,2008-11-25 15:00:00,9.4,80.7,30.0,1001.0,33.0,1,2008,11,2,-0.5000000000000004,0.8660254037844384,0.09999999999999964,0.0,0.20000000000000107,-0.09999999999999432,5.0,5.0,14.0,1.8532499999999932,0.0,1.0,0.5999999999999996,-0.4000000000000057,0.0,1.0,-0.29999999999999716,10.0,1.1999999999999993,-0.4000000000000057,15.0,1.5999999999999996,-0.5,15.0,0.0,45.0,3.0,test,,-7.922382831573486,48.54298782348633,9.32475757598877,87.33663940429688,5.751377582550049,3.942314386367798,1.4296191930770874,73.87394714355469,20.80426025390625,1.2020801305770874,-3.978286027908325,,0.4250822961330414,12.538694381713867,54.022186279296875,-8.229736328125,19.116933822631836,86.76168060302734,17.857614517211914,28.230928421020508,3.559610366821289,78.74116516113281,-2.659684181213379,1.3523930311203003,-1.11607825756073,0.32255375385284424,-3.01811146736145,1.905787467956543,1011.810546875,10.810546875,0.049827538430690765,0.9893430471420288,132.208740234375,102.208740234375,2.3819784985242674
2008329N09082,NISHA,2008-11-25 18:00:00,9.7,80.5,30.0,1002.0,36.0,1,2008,11,2,-0.5000000000000004,0.8660254037844384,0.5,-0.20000000000000284,0.3999999999999986,-0.20000000000000284,0.0,4.0,12.0,9.96049816583759,-0.3667999177700425,0.9302998550595878,0.40000000000000036,-0.09999999999999432,0.0,0.9000000000000004,-0.09999999999999432,10.0,1.200000000000001,-0.20000000000000284,15.0,1.4000000000000004,-0.29999999999999716,15.0,0.0,45.0,3.0,test,,-6.759802341461182,37.539485931396484,11.668453216552734,95.38809204101562,-4.569993495941162,3.489288330078125,1.8192474842071533,58.545310974121094,21.39013671875,3.215527296066284,-1.137487769126892,,0.19357895851135254,22.23900032043457,46.38728713989258,-7.742919921875,17.344623565673828,86.97551727294922,17.039236068725586,28.2170467376709,3.108386516571045,78.3141098022461,-2.582587480545044,1.7271921634674072,-1.178741216659546,0.8512349724769592,-2.7658047676086426,2.143265724182129,1011.6597900390625,9.6597900390625,0.6212459802627563,0.9968115091323853,133.04579162597656,103.04579162597656,2.4572828094519106
2008329N09082,NISHA,2008-11-25 21:00:00,10.0,80.3,30.0,1002.0,39.0,1,2008,11,2,-0.5000000000000004,0.8660254037844384,0.5999999999999996,-0.4000000000000057,0.6999999999999993,-0.4000000000000057,0.0,5.0,10.0,13.301835457607554,-0.5488250021093432,0.8359372686151034,0.40000000000000036,0.10000000000000853,10.0,0.5999999999999996,0.0,15.0,1.0,-0.09999999999999432,15.0,1.0999999999999996,-0.20000000000000284,15.0,0.0,45.0,3.0,test,28.24517250061035,-5.590283393859863,25.119300842285156,12.809305191040039,98.77776336669922,-1.640056848526001,21.815296173095703,1.8397185802459717,44.96562576293945,22.18524169921875,-1.3425171375274658,1.166894555091858,2.053741455078125,0.0,60.26226806640625,49.64482498168945,-7.57574462890625,15.720121383666992,84.28748321533203,16.611282348632812,28.202991485595703,2.8002071380615234,75.1814193725586,-2.129190683364868,1.8440157175064087,-0.7496988773345947,1.0519295930862427,-2.30043625831604,2.1718087196350098,1009.8042602539062,7.80426025390625,0.9901642799377441,0.9971105456352234,133.1464385986328,103.14643859863281,2.5325197527300456
2008329N09082,NISHA,2008-11-26 00:00:00,10.1,80.4,30.0,1000.0,42.0,1,2008,11,2,-0.5000000000000004,0.8660254037844384,0.40000000000000036,-0.09999999999999432,0.9000000000000004,-0.29999999999999716,0.0,0.0,8.0,7.634230846140469,-0.23899336489280035,0.9710212003541513,0.5,0.0,10.0,0.8000000000000007,-0.10000000000000853,15.0,1.0,-0.20000000000000284,15.0,1.200000000000001,-0.4000000000000057,15.0,0.0,45.0,3.0,test,28.235816955566406,-7.763415336608887,52.03504943847656,9.76132583618164,101.53990936279297,-1.1946651935577393,35.384681701660156,1.6078845262527466,63.79039001464844,21.162961959838867,-4.446872711181641,-1.9234814643859863,2.114341974258423,0.0,64.18302154541016,64.045654296875,-9.12030029296875,14.94916820526123,89.02088165283203,17.874954223632812,28.128541946411133,3.2638399600982666,79.38165283203125,-2.0982906818389893,1.6449155807495117,-0.6405817866325378,1.1374627351760864,-2.326035737991333,1.7176233530044556,1009.9326782226562,9.93267822265625,0.898315966129303,0.9971376657485962,132.6540069580078,102.65400695800781,2.5575834066707586
2008329N09082,NISHA,2008-11-26 03:00:00,10.4,80.4,40.0,1000.0,45.0,1,2008,11,2,-0.5000000000000004,0.8660254037844384,0.40000000000000036,0.10000000000000853,1.0,-0.29999999999999716,10.0,10.0,15.0,7.633818362812334,0.23878008902657905,0.9710736682067221,0.1999999999999993,-0.10000000000000853,5.0,0.5999999999999996,-0.20000000000000284,5.0,0.6999999999999993,-0.30000000000001137,5.0,1.0999999999999996,-0.8000000000000114,0.0,0.0,45.0,3.0,test,28.242027282714844,-8.45949935913086,42.205902099609375,14.470739364624023,87.490966796875,-2.201596736907959,28.135129928588867,1.249700903892517,70.00109100341797,21.180461883544922,-1.0625463724136353,-3.6284399032592773,2.3026416301727295,0.0,70.17584991455078,69.20010375976562,-9.9158935546875,15.599370956420898,88.68219757080078,18.265697479248047,28.117130279541016,3.9444525241851807,79.13510131835938,-2.6635169982910156,1.992632508277893,-0.9885460734367371,1.2431490421295166,-3.1159934997558594,2.222952127456665,1012.12109375,12.12109375,0.997038722038269,0.9980683922767639,132.68907165527344,92.68907165527344,2.6327273181632167
2008329N09082,NISHA,2008-11-26 06:00:00,10.6,80.4,40.0,1000.0,48.0,1,2008,11,2,-0.5000000000000004,0.8660254037844384,0.5,0.0,0.9000000000000004,-0.09999999999999432,10.0,10.0,14.0,9.26625,0.0,1.0,0.3000000000000007,-0.10000000000000853,5.0,0.5,-0.20000000000000284,5.0,0.7000000000000011,-0.4000000000000057,5.0,1.0999999999999996,-1.0,4.0,0.0,45.0,3.0,test,28.222026824951172,-7.583315372467041,32.78424835205078,19.605735778808594,88.34650421142578,0.19983619451522827,29.202346801757812,1.4481738805770874,62.2783203125,21.128219604492188,1.3198730945587158,-3.5758349895477295,2.359438419342041,0.0,67.91793060302734,68.28762817382812,-10.2896728515625,14.823378562927246,89.2099838256836,17.710641860961914,28.109838485717773,3.2994139194488525,81.71334838867188,-2.609398365020752,2.1971139907836914,-0.8745426535606384,1.150891661643982,-3.1951467990875244,2.595837116241455,1011.4778442382812,11.47784423828125,0.9952425360679626,0.9955305457115173,132.64869689941406,92.64869689941406,2.6827832876060334
2008329N09082,NISHA,2008-11-26 09:00:00,10.6,80.3,45.0,996.0,51.0,1,2008,11,2,-0.5000000000000004,0.8660254037844384,0.1999999999999993,-0.10000000000000853,0.5999999999999996,0.0,5.0,15.0,20.0,4.129946689337575,-0.4410771065191999,0.8974692117864826,0.40000000000000036,-0.09999999999999432,0.0,0.5,-0.20000000000000284,0.0,0.9000000000000004,-0.7000000000000028,-5.0,1.200000000000001,-1.2000000000000028,-15.0,0.0,45.0,3.0,test,28.19390296936035,-5.923454761505127,24.54386329650879,20.859682083129883,94.7937240600586,-1.3877253532409668,23.416805267333984,1.8417870998382568,46.32804870605469,21.491369247436523,-1.3328979015350342,-2.3306446075439453,2.747927188873291,0.0,57.469017028808594,54.858924865722656,-9.94964599609375,14.522727012634277,86.67894744873047,17.237648010253906,28.105266571044922,1.181576132774353,78.39949798583984,-2.179763078689575,2.211597204208374,-0.3970557451248169,0.8393464088439941,-2.879188060760498,2.8356144428253174,1008.7158203125,12.7158203125,0.9935126900672913,0.9936730861663818,132.34698486328125,87.34698486328125,2.6827832876060334
2008329N09082,NISHA,2008-11-26 12:00:00,10.9,80.3,45.0,996.0,54.0,1,2008,11,2,-0.5000000000000004,0.8660254037844384,0.3000000000000007,-0.10000000000000853,0.8000000000000007,-0.10000000000000853,5.0,15.0,15.0,5.8500039862892885,-0.3110792725218577,0.9503839677768516,0.1999999999999993,-0.09999999999999432,0.0,0.40000000000000036,-0.29999999999999716,0.0,0.7999999999999989,-0.8999999999999915,-1.0,0.9000000000000004,-1.7000000000000028,-25.0,0.0,45.0,3.0,test,28.145503997802734,-7.365869045257568,43.14812088012695,14.04170036315918,93.0499267578125,5.11724328994751,19.510635375976562,1.6626538038253784,55.4685173034668,21.72968101501465,-2.3947412967681885,-2.2278051376342773,2.148289680480957,0.0,57.469017028808594,56.32246398925781,-8.97393798828125,14.961027145385742,85.22559356689453,14.806011199951172,28.087162017822266,0.5436044931411743,77.53463745117188,-2.27579927444458,2.196258068084717,-1.1928434371948242,0.02849229983985424,-2.570094108581543,3.4604287147521973,1008.8028564453125,12.8028564453125,0.9936967492103577,0.9990612268447876,131.3749542236328,86.37495422363281,2.757805759653173
2008329N09082,NISHA,2008-11-26 15:00:00,11.0,80.2,45.0,998.0,57.0,1,2008,11,2,-0.5000000000000004,0.8660254037844384,0.40000000000000036,-0.09999999999999432,0.5999999999999996,-0.20000000000000284,0.0,5.0,15.0,7.632958780315302,-0.2383349144260848,0.9711830252663557,0.09999999999999964,-0.10000000000000853,0.0,0.5,-0.6000000000000085,-5.0,0.8000000000000007,-1.1000000000000085,-15.0,0.9000000000000004,-2.0,-14.0,0.0,45.0,3.0,test,28.092144012451172,-8.900487899780273,60.36942672729492,9.598170280456543,87.81007385253906,5.7669267654418945,44.149024963378906,1.3443084955215454,69.89863586425781,21.833765029907227,0.68621826171875,-2.806872606277466,1.9343140125274658,0.042893387377262115,47.020103454589844,62.098899841308594,-9.46563720703125,14.647933006286621,84.7434310913086,14.787508010864258,28.082054138183594,-0.07878711074590683,76.32892608642578,-2.5426063537597656,2.0752651691436768,-1.8796558380126953,-0.15853534638881683,-2.480767011642456,3.3800902366638184,1011.2847900390625,13.2847900390625,0.9948148131370544,0.9904912710189819,130.9577178955078,85.95771789550781,2.782796550370605
2008329N09082,NISHA,2008-11-26 18:00:00,11.1,80.2,45.0,998.0,60.0,1,2008,11,2,-0.5000000000000004,0.8660254037844384,0.1999999999999993,-0.09999999999999432,0.5,-0.20000000000000284,0.0,5.0,15.0,4.128604819566875,-0.44048309514261275,0.8977609051933505,0.20000000000000107,-0.20000000000000284,0.0,0.5999999999999996,-0.7999999999999972,-1.0,0.7000000000000011,-1.6000000000000085,-25.0,1.0,-2.5,-19.0,0.0,45.0,3.0,test,28.060348510742188,-9.329331398010254,59.62125778198242,9.005321502685547,77.84066009521484,5.440067291259766,43.526611328125,1.43115234375,70.42808532714844,21.82904624938965,0.7105371356010437,-2.3216161727905273,1.5520800352096558,0.03629154711961746,47.020103454589844,65.13555908203125,-9.49395751953125,17.067733764648438,85.01988220214844,15.005047798156738,28.074295043945312,0.34836360812187195,76.3014144897461,-2.4335341453552246,2.1719038486480713,-2.189077854156494,0.18522058427333832,-2.0094313621520996,3.2850444316864014,1011.2149658203125,13.2149658203125,0.9947541356086731,0.996036171913147,130.7716827392578,85.77168273925781,2.807778864207139
2008329N09082,NISHA,2008-11-26 21:00:00,11.1,80.1,45.0,996.0,63.0,1,2008,11,2,-0.5000000000000004,0.8660254037844384,0.09999999999999964,-0.10000000000000853,0.5,-0.20000000000000284,0.0,0.0,15.0,2.596492069822636,-0.700399069452197,0.7137514577992095,0.40000000000000036,-0.5,-5.0,0.7000000000000011,-1.0,-15.0,0.8000000000000007,-1.8999999999999915,-14.0,1.200000000000001,-3.0,-23.0,0.0,45.0,3.0,test,28.028003692626953,-8.911084175109863,49.497623443603516,7.297708034515381,77.19515991210938,-3.9535202980041504,21.664201736450195,1.389652132987976,67.6361312866211,22.027326583862305,-2.3515965938568115,-1.8727514743804932,2.5490307807922363,0.10887464135885239,36.57119369506836,58.13554763793945,-9.2200927734375,18.466238021850586,86.15638732910156,14.894866943359375,28.071060180664062,1.1120922565460205,77.5009536743164,-2.3075976371765137,1.9596561193466187,-2.2820444107055664,0.3821636438369751,-1.7473270893096924,2.7507026195526123,1009.1607666015625,13.1607666015625,0.9948475360870361,0.9911354184150696,130.76983642578125,85.76983642578125,2.807778864207139
2008329N09082,NISHA,2008-11-27 00:00:00,11.3,80.0,45.0,996.0,66.0,1,2008,11,2,-0.5000000000000004,0.8660254037844384,0.20000000000000107,-0.20000000000000284,0.40000000000000036,-0.29999999999999716,0.0,0.0,15.0,5.1912243276202465,-0.7001524115543785,0.7139934177529847,0.3999999999999986,-0.5999999999999943,-1.0,0.5,-1.4000000000000057,-25.0,0.7999999999999989,-2.299999999999997,-19.0,1.1999999999999993,-3.5999999999999943,-27.0,0.0,45.0,3.0,test,27.595172882080078,-7.843786716461182,46.282859802246094,6.514775276184082,93.06035614013672,-3.0324554443359375,6.884789943695068,1.1955963373184204,61.03730392456055,22.33991050720215,-0.860766589641571,-0.8881469964981079,1.3155944347381592,0.1311236172914505,26.12228012084961,49.806480407714844,-7.8865966796875,21.711198806762695,88.25220489501953,13.915091514587402,27.641469955444336,2.2376692295074463,80.36553955078125,-2.3773458003997803,2.1280813217163086,-2.411555290222168,0.9030519723892212,-1.7537237405776978,2.6403656005859375,1009.6852416992188,13.68524169921875,0.9970355033874512,0.9950049519538879,124.24453735351562,79.24453735351562,2.8577177568617267
2008329N09082,NISHA,2008-11-27 03:00:00,11.5,79.6,40.0,1000.0,69.0,1,2008,11,2,-0.5000000000000004,0.8660254037844384,0.40000000000000036,-0.5,0.5,-0.6000000000000085,-5.0,-5.0,0.0,11.721906701309445,-0.7746373969329081,0.6324056477238388,0.3000000000000007,-0.5,-10.0,0.40000000000000036,-1.3999999999999915,-9.0,0.8000000000000007,-2.5,-18.0,,,,,44.0,3.0,test,,-7.172375679016113,46.64573669433594,11.101020812988281,95.59759521484375,-0.5076789855957031,4.926684379577637,0.8116058111190796,57.244140625,21.344585418701172,2.252124071121216,-1.449377417564392,,0.8225369453430176,0.0,50.43596267700195,-7.58197021484375,20.904569625854492,88.89875793457031,14.887651443481445,27.611801147460938,4.234724044799805,79.51001739501953,-3.042722702026367,2.2624359130859375,-3.001875638961792,1.1573578119277954,-2.6078569889068604,2.6000380516052246,1011.8883666992188,11.88836669921875,0.9955272674560547,0.9892848134040833,123.7895278930664,83.7895278930664,2.907621829127287
2008329N09082,NISHA,2008-11-27 06:00:00,11.7,79.4,44.0,1000.0,72.0,1,2008,11,2,-0.5000000000000004,0.8660254037844384,0.3999999999999986,-0.5999999999999943,0.5999999999999996,-0.7999999999999972,-1.0,-1.0,4.0,13.172369009296942,-0.826614258606302,0.5627689290186104,0.10000000000000142,-0.8000000000000114,-24.0,0.40000000000000036,-1.7000000000000028,-18.0,0.8000000000000007,-3.0,-26.0,,,,,44.0,3.0,test,,-7.2039475440979,50.7679557800293,12.847576141357422,92.93836212158203,-1.4042872190475464,6.120139122009277,0.9596380591392517,62.1086311340332,20.92466163635254,0.5278613567352295,-2.102976083755493,,0.9937631487846375,0.0,54.4377326965332,-7.44268798828125,20.0698299407959,90.37361145019531,15.54279613494873,27.583555221557617,4.030920505523682,81.280517578125,-3.374281167984009,2.409213066101074,-3.062910318374634,1.381177306175232,-3.2559421062469482,2.6721575260162354,1011.4688110351562,11.46881103515625,0.9922409057617188,0.9807597398757935,122.8014907836914,78.8014907836914,2.9574904729384492
2008329N09082,NISHA,2008-11-27 09:00:00,11.8,79.1,30.0,1000.0,75.0,1,2008,11,2,-0.5000000000000004,0.8660254037844384,0.3000000000000007,-0.5,0.7000000000000011,-1.0,-10.0,-15.0,-15.0,10.638774336319887,-0.8525822293407683,0.5225930943021784,0.09999999999999964,-0.8999999999999915,1.0,0.5,-2.0,-8.0,,,,,,,,31.0,2.0,test,,-6.520739555358887,61.464256286621094,8.79128646850586,92.40388488769531,-0.4646824896335602,15.717324256896973,0.802717924118042,56.94402313232422,20.341787338256836,-5.146257400512695,-3.1370458602905273,,0.9955422878265381,0.0,65.3690414428711,-7.24993896484375,20.799198150634766,89.62305450439453,15.547064781188965,27.568706512451172,3.2682294845581055,79.5106201171875,-3.117558717727661,2.548530101776123,-2.518419027328491,1.3482593297958374,-3.237391948699951,2.9679574966430664,1008.2657470703125,8.2657470703125,0.9932709336280823,0.9747281670570374,122.99434661865234,92.99434661865234,2.982411319271039
2008329N09082,NISHA,2008-11-27 12:00:00,11.8,78.6,20.0,1000.0,78.0,1,2008,11,2,-0.5000000000000004,0.8660254037844384,0.10000000000000142,-0.8000000000000114,0.5,-1.4000000000000057,-24.0,-25.0,-25.0,14.630538124522303,-0.9919449156457322,0.12666998193961074,0.29999999999999893,-0.8999999999999915,6.0,0.6999999999999993,-2.1999999999999886,-2.0,,,,,,,,31.0,2.0,test,,-3.2282519340515137,37.425010681152344,17.125520706176758,97.23389434814453,-3.6718287467956543,27.00536346435547,0.8562505841255188,38.511680603027344,19.488319396972656,-3.259655714035034,-1.8191747665405273,,0.9974387288093567,0.0,48.339149475097656,-5.4002685546875,17.879253387451172,89.39657592773438,14.001038551330566,27.556930541992188,3.029261589050293,80.17253875732422,-3.6448915004730225,2.722435712814331,-2.988801956176758,1.499932050704956,-3.727222204208374,3.1649999618530273,1008.1318359375,8.1318359375,0.9855510592460632,0.9811443090438843,,,2.982411319271039
2008329N09082,NISHA,2008-11-27 15:00:00,11.9,78.2,31.0,1000.0,81.0,1,2008,11,2,-0.5000000000000004,0.8660254037844384,0.09999999999999964,-0.8999999999999915,0.40000000000000036,-1.3999999999999915,1.0,-9.0,-14.0,16.425678594865513,-0.9936147170723519,0.11282638883359726,0.40000000000000036,-1.1000000000000085,-9.0,,,,,,,,,,,31.0,2.0,test,,-1.921176791191101,31.60343360900879,20.58246421813965,99.38878631591797,-1.5545825958251953,29.496971130371094,1.3799841403961182,32.955352783203125,19.576040267944336,2.2730274200439453,-1.8546044826507568,,0.9920385479927063,0.0,48.8065299987793,-4.07977294921875,13.700145721435547,89.728759765625,13.58954906463623,27.662031173706055,3.238945722579956,81.02774810791016,-4.033835411071777,2.9420053958892822,-3.4577720165252686,1.6750633716583252,-4.106043815612793,3.4574317932128906,1010.362060546875,10.362060546875,0.9838865995407104,0.9497107863426208,,,3.0073230806615263
2008329N09082,NISHA,2008-11-27 18:00:00,12.1,77.7,26.0,1000.0,84.0,1,2008,11,2,-0.5000000000000004,0.8660254037844384,0.29999999999999893,-0.8999999999999915,0.40000000000000036,-1.7000000000000028,6.0,-18.0,-19.0,17.230328606340898,-0.9465107383793074,0.3226723138613821,0.40000000000000036,-1.2999999999999972,-8.0,,,,,,,,,,,26.0,1.0,test,,-1.0949267148971558,16.220293045043945,16.055274963378906,97.90099334716797,0.132071390748024,28.030073165893555,1.191125512123108,27.5216007232666,19.457603454589844,1.9910937547683716,-1.982058048248291,,0.9768973588943481,0.0,49.01185607910156,-2.95416259765625,10.405250549316406,88.02394104003906,13.370359420776367,28.235553741455078,2.803130626678467,77.3763656616211,-3.873021125793457,3.439420223236084,-3.563986301422119,2.175863742828369,-3.7650363445281982,3.9829187393188477,1010.5728759765625,10.5728759765625,0.9867247939109802,0.9780987501144409,,,3.0571190451019183
2008329N09082,NISHA,2008-11-27 21:00:00,12.3,77.1,22.0,1000.0,87.0,1,2008,11,2,-0.5000000000000004,0.8660254037844384,0.40000000000000036,-1.1000000000000085,0.5,-2.0,-9.0,-8.0,-23.0,21.252566844519016,-0.9371953498492621,0.3488049257406195,,,,,,,,,,,,,,22.0,1.0,test,,-0.13212402164936066,28.528039932250977,15.734503746032715,96.77392578125,-1.0958243608474731,18.07594108581543,0.8656725883483887,17.506601333618164,19.415082931518555,-2.8850367069244385,-1.1949145793914795,,0.9887586832046509,0.0,37.41649627685547,-1.14837646484375,6.963062763214111,85.520751953125,13.38776969909668,28.929899215698242,1.9535224437713623,71.96248626708984,-3.353123188018799,3.671797275543213,-3.5108916759490967,2.258955478668213,-2.9311368465423584,4.309979438781738,1008.8886108398438,8.88861083984375,0.9635916352272034,0.9360800981521606,,,3.1068777595115136
2008329N09082,NISHA,2008-11-28 00:00:00,12.5,76.4,18.0,1000.0,90.0,1,2008,11,2,-0.5000000000000004,0.8660254037844384,0.40000000000000036,-1.2999999999999972,0.6999999999999993,-2.1999999999999886,-8.0,-2.0,-27.0,24.661668404758384,-0.9537541050141131,0.30058793583363935,,,,,,,,,,,,,,18.0,1.0,test,,0.45667725801467896,4.482778072357178,14.736944198608398,85.51683807373047,-1.1756556034088135,1.7701148986816406,0.562774658203125,13.123437881469727,19.997161865234375,-2.399609327316284,-0.3717407286167145,,0.9139808416366577,0.0,28.089351654052734,-1.761474609375,3.5432651042938232,79.83992004394531,11.323807716369629,28.782745361328125,0.7752709984779358,63.692108154296875,-2.700831651687622,3.8932111263275146,-3.903822660446167,2.5196008682250977,-1.5165756940841675,4.58016300201416,1009.3169555664062,9.31695556640625,0.9765997529029846,0.9956021904945374,,,3.15659861759608
2008338N06092,UNNAMED,2008-12-03 00:00:00,5.8,91.5,18.0,1006.0,0.0,1,2008,12,2,-2.4492935982947064e-16,1.0,,,,,,,,,,,,,0.0,,,4.0,,,8.0,,,8.0,0.0,31.0,2.0,test,28.473491668701172,-1.4449462890625,8.647788047790527,13.735203742980957,86.79739379882812,-3.75761079788208,9.269421577453613,0.23861083388328552,9.845117568969727,22.314563751220703,-1.442968726158142,-0.861218273639679,1.8597412109375,0.0,393.40704345703125,27.02306365966797,-1.9791259765625,11.124513626098633,89.0102767944336,11.26743221282959,28.521312713623047,2.172666549682617,82.00531768798828,-4.636321544647217,2.161001205444336,-3.3886523246765137,-0.2687366306781769,-5.7786784172058105,3.4523468017578125,1008.8370361328125,2.8370361328125,0.0,0.0,137.035400390625,119.035400390625,1.4738252493755262
2008338N06092,UNNAMED,2008-12-03 03:00:00,5.9,91.4,18.0,1006.0,3.0,1,2008,12,2,-2.4492935982947064e-16,1.0,,,,,,,,,,,,,2.0,,,7.0,,,8.0,,,7.0,0.0,31.0,2.0,test,28.4816951751709,-1.3932958841323853,11.258209228515625,14.719955444335938,88.18333435058594,-2.0750844478607178,3.2151598930358887,0.4108734130859375,14.010781288146973,22.610157012939453,2.0921361446380615,-0.21766112744808197,1.5769238471984863,0.0,404.9637145996094,24.865184783935547,-1.9151611328125,7.003100872039795,88.44957733154297,11.128103256225586,28.528438568115234,2.3258979320526123,80.50527954101562,-4.972617149353027,2.034895181655884,-3.663316488265991,-0.22890020906925201,-6.226814270019531,3.229520082473755,1010.949951171875,4.949951171875,0.0,0.0,137.08851623535156,119.08851623535156,1.499146915012565
2008338N06092,UNNAMED,2008-12-03 06:00:00,5.9,91.3,18.0,1006.0,6.0,1,2008,12,2,-2.4492935982947064e-16,1.0,0.10000000000000053,-0.20000000000000284,,,0.0,,,4.126441130423099,-0.8934735466023311,0.4491158219455779,,,4.0,,,8.0,,,8.0,,,8.0,0.0,31.0,2.0,test,28.5012264251709,-1.2317700386047363,13.996305465698242,11.41354751586914,86.04698181152344,4.3693342208862305,3.2983593940734863,-0.05507263168692589,12.4447660446167,21.820436477661133,1.284704566001892,-0.11148681491613388,2.019991397857666,0.0,415.3444519042969,25.405977249145508,-1.66558837890625,8.106832504272461,86.50690460205078,10.097399711608887,28.537342071533203,2.640742778778076,78.80916595458984,-4.854915142059326,1.7380534410476685,-3.5145978927612305,-0.31734126806259155,-6.2268757820129395,2.850126028060913,1009.603515625,3.603515625,0.0,0.0,137.68524169921875,119.68524169921875,1.499146915012565
2008338N06092,UNNAMED,2008-12-03 09:00:00,5.9,91.2,20.0,1006.0,9.0,1,2008,12,2,-2.4492935982947064e-16,1.0,0.0,-0.20000000000000284,,,2.0,,,3.6868659916448583,-1.0,6.123233995736766e-17,,,5.0,,,6.0,,,5.0,,,5.0,0.0,31.0,2.0,test,28.519001007080078,-1.7197167873382568,16.841575622558594,9.220305442810059,82.73592376708984,6.107339382171631,2.5521459579467773,0.12472900748252869,9.47445297241211,23.452190399169922,-3.9869189262390137,-1.835268497467041,1.9557483196258545,0.0,425.72918701171875,21.140621185302734,-1.9500732421875,7.182224273681641,86.47295379638672,9.358595848083496,28.549217224121094,2.423959970474243,77.15229797363281,-4.507030010223389,1.424342155456543,-3.305133581161499,-0.5711195468902588,-5.872765064239502,2.5828778743743896,1007.1925048828125,1.1925048828125,0.0,0.0,137.7076416015625,117.7076416015625,1.499146915012565
2008338N06092,UNNAMED,2008-12-03 12:00:00,6.0,91.1,22.0,1006.0,12.0,1,2008,12,2,-2.4492935982947064e-16,1.0,0.09999999999999964,-0.20000000000000284,0.20000000000000018,-0.4000000000000057,4.0,4.0,,4.125841990150492,-0.8934407604514446,0.44918104096671807,,,4.0,,,4.0,,,4.0,,,3.0,0.0,31.0,2.0,test,28.5256404876709,-2.087841749191284,21.09394073486328,9.585433006286621,84.86116790771484,2.3054752349853516,2.1843903064727783,0.03457336500287056,14.41015625,22.124584197998047,-2.21337890625,-0.9664062261581421,1.3786499500274658,0.0,437.1825866699219,21.67523193359375,-2.114501953125,5.364659309387207,90.09274291992188,10.991960525512695,28.555377960205078,2.887040376663208,80.13581085205078,-4.884154796600342,1.4382953643798828,-3.7081241607666016,-0.4043862223625183,-6.245591640472412,2.554901599884033,1008.29443359375,2.29443359375,0.0,0.0,138.18576049804688,116.18576049804688,1.5244640139881118
2008338N06092,UNNAMED,2008-12-03 15:00:00,6.1,91.0,25.0,1006.0,15.0,1,2008,12,2,-2.4492935982947064e-16,1.0,0.1999999999999993,-0.20000000000000284,0.1999999999999993,-0.4000000000000057,5.0,7.0,,5.2269640013641725,-0.7050964171492098,0.7091114457709363,,,1.0,,,0.0,,,0.0,,,1.0,0.0,31.0,2.0,test,28.547515869140625,-2.04486083984375,18.507638931274414,7.730912208557129,88.73018646240234,4.508663177490234,3.284165859222412,0.12697753310203552,16.565235137939453,22.48834228515625,2.64447021484375,-1.361047387123108,2.529834032058716,0.0,449.2640075683594,20.342021942138672,-2.2015380859375,7.912825107574463,90.30735778808594,11.296000480651855,28.561275482177734,2.746018171310425,81.76322174072266,-5.323031902313232,1.5007034540176392,-3.876359701156616,-0.36695635318756104,-6.799635887145996,2.698941230773926,1010.2305297851562,4.23052978515625,0.0,0.0,138.40139770507812,113.40139770507812,1.549776469181892
2008338N06092,UNNAMED,2008-12-03 18:00:00,6.2,90.8,26.0,1006.0,18.0,1,2008,12,2,-2.4492935982947064e-16,1.0,0.20000000000000018,-0.29999999999999716,0.2999999999999998,-0.5,4.0,8.0,,6.654954756349522,-0.8305437113109555,0.5569534483256426,,,0.0,,,0.0,,,-1.0,,,-1.0,0.0,31.0,2.0,test,28.580093383789062,-2.295827627182007,21.790225982666016,5.528590679168701,96.69747161865234,2.2413580417633057,8.696595191955566,0.33911803364753723,20.278827667236328,22.183565139770508,0.9022436738014221,-0.98712158203125,2.932314395904541,0.0,471.5780334472656,27.25690460205078,-2.43408203125,11.14789867401123,90.3039779663086,12.140107154846191,28.577938079833984,2.893629550933838,81.96334075927734,-5.326414108276367,1.4857337474822998,-3.60133957862854,-0.2660153806209564,-6.841733455657959,2.660086154937744,1009.7355346679688,3.73553466796875,0.0,0.0,138.87158203125,112.87158203125,1.5750842034877783
2008338N06092,UNNAMED,2008-12-03 21:00:00,6.3,90.6,26.0,1006.0,21.0,1,2008,12,2,-2.4492935982947064e-16,1.0,0.20000000000000018,-0.4000000000000057,0.39999999999999947,-0.6000000000000085,1.0,6.0,,8.247969043913136,-0.8933390175884554,0.449383354892116,,,-1.0,,,-1.0,,,0.0,,,0.0,0.0,31.0,2.0,test,28.60064125061035,-2.496640682220459,23.354164123535156,3.5623176097869873,86.61805725097656,11.157082557678223,14.4461088180542,0.8492602705955505,23.298046112060547,22.366586685180664,-2.565788507461548,0.13582031428813934,3.074852228164673,0.0,494.0763244628906,32.049373626708984,-2.6015625,15.630544662475586,91.25938415527344,12.58279800415039,28.599132537841797,3.707350015640259,82.23452758789062,-5.280513286590576,1.1184132099151611,-3.2860498428344727,-0.5056496262550354,-6.905163288116455,2.1950786113739014,1008.3805541992188,2.38055419921875,0.0,0.0,139.3015594482422,113.30155944824219,1.6003871398140226
2008338N06092,UNNAMED,2008-12-04 00:00:00,6.4,90.5,26.0,1006.0,24.0,1,2008,12,2,-2.4492935982947064e-16,1.0,0.20000000000000018,-0.29999999999999716,0.40000000000000036,-0.5999999999999943,0.0,4.0,8.0,6.653186108455903,-0.8304444064071671,0.5571015058919225,,,0.0,,,-1.0,,,-1.0,,,4.0,0.0,31.0,2.0,test,28.560504913330078,-2.97467041015625,33.32343292236328,3.6559863090515137,91.27609252929688,8.805804252624512,19.164281845092773,0.783337414264679,25.366405487060547,22.535747528076172,-1.644995093345642,-0.9097656011581421,2.0653319358825684,0.0,506.4884338378906,36.514610290527344,-3.1192626953125,17.90767478942871,93.6459732055664,12.959797859191895,28.524078369140625,4.696051120758057,85.96585845947266,-5.805209636688232,1.0085214376449585,-3.7086620330810547,-0.8430557250976562,-7.558887481689453,2.332883358001709,1008.9769897460938,2.97698974609375,0.0,0.0,138.82606506347656,112.82606506347656,1.625685201083492
2008338N06092,UNNAMED,2008-12-04 03:00:00,6.5,90.3,25.0,1006.0,27.0,1,2008,12,2,-2.4492935982947064e-16,1.0,0.20000000000000018,-0.29999999999999716,0.40000000000000036,-0.7000000000000028,-1.0,0.0,7.0,6.652280898660314,-0.830393546025743,0.5571773135356395,,,0.0,,,1.0,,,1.0,,,5.0,0.0,31.0,2.0,test,28.569488525390625,-2.7915892601013184,33.806312561035156,3.7376725673675537,97.13137817382812,5.218979358673096,15.8331937789917,0.6041015386581421,24.013280868530273,22.204248428344727,2.3315062522888184,-0.39387208223342896,1.538598656654358,0.0,529.04345703125,37.45119857788086,-3.23675537109375,13.591590881347656,91.83354949951172,12.968515396118164,28.542469024658203,4.61258602142334,83.46163940429688,-6.464681148529053,0.9137169122695923,-4.212023735046387,-0.7047591209411621,-8.280853271484375,2.057797908782959,1011.1764526367188,5.17645263671875,0.0,0.0,139.0930938720703,114.09309387207031,1.6509783102339053
2008338N06092,UNNAMED,2008-12-04 06:00:00,6.7,90.0,26.0,1006.0,30.0,1,2008,12,2,-2.4492935982947064e-16,1.0,0.2999999999999998,-0.5,0.5,-0.7999999999999972,0.0,0.0,8.0,10.751996625948328,-0.8559310285752897,0.517090006016406,,,-1.0,,,-1.0,,,4.0,,,5.0,0.0,31.0,2.0,test,28.611480712890625,-2.4523682594299316,16.62932586669922,7.8034491539001465,86.96312713623047,1.0439609289169312,6.792929172515869,0.12713317573070526,17.999217987060547,21.978979110717773,1.0880126953125,-0.30598145723342896,1.6507689952850342,0.0,564.6670532226562,30.37921142578125,-3.29669189453125,10.648770332336426,90.74337005615234,12.734366416931152,28.57000160217285,4.044993877410889,82.58477783203125,-6.573802947998047,0.8670046329498291,-4.218127727508545,-0.6856334805488586,-8.458696365356445,1.8905055522918701,1010.3284912109375,4.3284912109375,0.0,0.0,139.57955932617188,113.57955932617188,1.7015493640040948
2008338N06092,UNNAMED,2008-12-04 09:00:00,6.9,89.8,25.0,1006.0,33.0,1,2008,12,2,-2.4492935982947064e-16,1.0,0.40000000000000036,-0.5,0.6000000000000005,-0.7999999999999972,0.0,-1.0,5.0,11.814258494935515,-0.7786470664745628,0.627462146962315,,,1.0,,,1.0,,,5.0,1.299999999999999,-1.8999999999999915,5.0,0.0,31.0,2.0,test,28.647964477539062,-2.4704761505126953,18.49030113220215,8.302264213562012,86.23003387451172,-0.3409976065158844,4.21645975112915,-0.5859222412109375,17.989765167236328,21.741416931152344,-3.8862109184265137,-1.244104027748108,2.6866283416748047,0.0,590.513427734375,26.358854293823242,-3.2275390625,12.201546669006348,89.75138854980469,12.291016578674316,28.583024978637695,3.530421018600464,81.42943572998047,-6.442450523376465,0.9077228307723999,-3.983813762664795,-0.7240247130393982,-8.384770393371582,1.8576120138168335,1008.3719482421875,2.3719482421875,0.0,0.0,139.9723358154297,114.97233581542969,1.7520996849322603
2008338N06092,UNNAMED,2008-12-04 12:00:00,7.1,89.6,25.0,1006.0,36.0,1,2008,12,2,-2.4492935982947064e-16,1.0,0.39999999999999947,-0.4000000000000057,0.6999999999999993,-0.9000000000000057,-1.0,-1.0,3.0,10.44344817294184,-0.7043800604674287,0.7098230275328502,,,0.0,,,5.0,,,6.0,1.5,-2.0999999999999943,5.0,0.0,31.0,2.0,test,28.68269157409668,-2.3934595584869385,28.041969299316406,9.70129680633545,83.34077453613281,-3.1752853393554688,10.019815444946289,-0.5191241502761841,21.35464859008789,21.390544891357422,-1.716953158378601,-0.5166650414466858,2.5434937477111816,0.0,616.7374877929688,38.21718215942383,-2.5968017578125,16.053876876831055,88.70559692382812,11.814506530761719,28.594627380371094,2.341050624847412,81.05859375,-6.732477188110352,0.7421777248382568,-4.113891124725342,-0.7596150040626526,-8.771499633789062,1.6221299171447754,1009.4446411132812,3.44464111328125,0.0,0.0,140.1028289794922,115.10282897949219,1.8026286570786936
2008338N06092,UNNAMED,2008-12-04 15:00:00,7.1,89.4,26.0,1006.0,39.0,1,2008,12,2,-2.4492935982947064e-16,1.0,0.1999999999999993,-0.3999999999999915,0.5999999999999996,-0.8999999999999915,1.0,1.0,1.0,8.237182952376283,-0.8930427669356121,0.44997179514274666,,,0.0,,,4.0,1.0999999999999996,-1.5,4.0,1.5,-2.3000000000000114,5.0,0.0,31.0,2.0,test,28.717926025390625,-3.065195322036743,31.876811981201172,7.552214622497559,84.48371887207031,1.9936245679855347,32.43496322631836,-0.004625244066119194,27.561758041381836,21.894058227539062,2.5067505836486816,-1.7201391458511353,2.4603137969970703,0.0,636.7703247070312,37.61537170410156,-3.1285400390625,17.19089698791504,87.81924438476562,12.926977157592773,28.611717224121094,2.393561601638794,80.8886489868164,-7.401134967803955,1.0768120288848877,-4.738439083099365,-0.5272611379623413,-9.500014305114746,1.9767533540725708,1011.5807495117188,5.58074951171875,0.0,0.0,140.39817810058594,114.39817810058594,1.8026286570786936
2008338N06092,UNNAMED,2008-12-04 18:00:00,7.3,89.1,25.0,1006.0,42.0,1,2008,12,2,-2.4492935982947064e-16,1.0,0.20000000000000018,-0.5,0.5999999999999996,-0.9000000000000057,0.0,-1.0,-1.0,9.910359795863688,-0.9274276684168412,0.3740025666421309,,,5.0,,,6.0,1.2999999999999998,-1.5999999999999943,5.0,1.2999999999999998,-2.3999999999999915,5.0,0.0,31.0,2.0,test,28.704605102539062,-2.88372802734375,18.766443252563477,7.174123287200928,77.6026611328125,1.125372052192688,50.83849334716797,-0.4678979516029358,21.586406707763672,21.512758255004883,0.8373486399650574,-1.3394067287445068,2.557985782623291,0.0,666.8585815429688,32.71854782104492,-3.36895751953125,18.273372650146484,86.59000396728516,13.993748664855957,28.628028869628906,2.94252610206604,79.53987121582031,-7.370830059051514,1.3768270015716553,-4.651113510131836,-0.17632970213890076,-9.538007736206055,2.218242645263672,1011.4450073242188,5.44500732421875,0.0,0.0,140.4124298095703,115.41242980957031,1.853135664763816
2008338N06092,UNNAMED,2008-12-04 21:00:00,7.5,88.8,26.0,1005.0,45.0,1,2008,12,2,-2.4492935982947064e-16,1.0,0.40000000000000036,-0.6000000000000085,0.5999999999999996,-1.0,0.0,1.0,0.0,13.284928601437406,-0.8298404505428374,0.5580007407189176,,,4.0,0.6999999999999993,-0.8999999999999915,4.0,1.0999999999999996,-1.7000000000000028,5.0,1.0,-2.5999999999999943,5.0,0.0,31.0,2.0,test,28.66655921936035,-2.772204637527466,14.524483680725098,5.183755397796631,74.41243743896484,-1.4745875597000122,35.31216812133789,-0.4635772705078125,21.538476943969727,21.362903594970703,-2.295031785964966,-0.12022705376148224,2.499755859375,0.0,670.363037109375,28.818334579467773,-3.542236328125,17.112281799316406,82.79443359375,14.462580680847168,28.632617950439453,3.4886348247528076,74.27802276611328,-7.122633934020996,1.4471923112869263,-4.428619861602783,0.03496934473514557,-9.31092357635498,2.1732590198516846,1010.2468872070312,5.24688720703125,0.0,0.0,140.1885986328125,114.1885986328125,1.903620092575676
2008338N06092,UNNAMED,2008-12-05 00:00:00,7.7,88.6,30.0,1004.0,48.0,1,2008,12,2,-2.4492935982947064e-16,1.0,0.40000000000000036,-0.5,0.6000000000000005,-1.0,5.0,5.0,4.0,11.801462321458764,-0.7780983258032839,0.6281424960804091,,,1.0,0.8999999999999995,-1.0999999999999943,0.0,0.8999999999999995,-1.8999999999999915,0.0,0.7000000000000002,-3.0,1.0,0.0,31.0,2.0,test,28.111499786376953,-2.7996044158935547,17.99189567565918,5.391277313232422,78.92926788330078,3.503584623336792,18.075199127197266,0.019819946959614754,26.0751953125,21.535486221313477,-1.5553516149520874,-0.5651171803474426,2.0517749786376953,0.0,666.448486328125,32.32501983642578,-3.0604248046875,18.334678649902344,85.0904769897461,14.247443199157715,28.382305145263672,3.4642229080200195,72.89523315429688,-7.5586371421813965,1.7452841997146606,-4.863351345062256,-0.3063577711582184,-9.744837760925293,3.074117660522461,1011.268310546875,7.268310546875,0.0,0.0,132.90325927734375,102.90325927734375,1.9540813253774552
2008338N06092,UNNAMED,2008-12-05 03:00:00,7.7,88.5,30.0,1004.0,51.0,1,2008,12,2,-2.4492935982947064e-16,1.0,0.20000000000000018,-0.29999999999999716,0.6000000000000005,-0.9000000000000057,4.0,4.0,5.0,6.640334484265934,-0.8297200777565314,0.5581797135042579,0.4999999999999991,-0.5999999999999943,0.0,0.8999999999999995,-1.4000000000000057,1.0,0.7999999999999998,-2.299999999999997,1.0,0.6000000000000005,-3.4000000000000057,0.0,0.0,31.0,2.0,test,28.099468231201172,-3.253344774246216,21.84996795654297,9.619640350341797,77.95985412597656,5.604980945587158,4.5046844482421875,-0.23760680854320526,23.788671493530273,22.148815155029297,2.1868653297424316,-0.16611328721046448,1.408288598060608,0.0,673.2245483398438,34.93229293823242,-3.2705078125,18.569538116455078,83.29582977294922,14.533239364624023,28.384824752807617,2.9487087726593018,69.6585693359375,-7.8401079177856445,1.7044681310653687,-5.480635166168213,-0.3752034604549408,-9.817777633666992,3.060051441192627,1013.6791381835938,9.67913818359375,0.0,0.0,132.9989471435547,102.99894714355469,1.9540813253774552
2008338N06092,UNNAMED,2008-12-05 06:00:00,7.9,88.2,31.0,1004.0,54.0,1,2008,12,2,-2.4492935982947064e-16,1.0,0.20000000000000018,-0.3999999999999915,0.6000000000000005,-0.8999999999999915,1.0,6.0,5.0,8.225120187038454,-0.8927099524401267,0.45063171305884203,0.6999999999999993,-0.7000000000000028,-1.0,0.6999999999999993,-1.5,-1.0,0.5,-2.6000000000000085,0.0,0.40000000000000036,-3.4000000000000057,0.0,0.0,31.0,2.0,test,28.0734920501709,-3.4236791133880615,23.382461547851562,6.330044269561768,81.22869110107422,3.180347204208374,7.751032829284668,-0.24162781238555908,26.1961727142334,22.173749923706055,0.9672704935073853,-0.9572070240974426,1.995517611503601,0.0,668.45263671875,31.243146896362305,-3.60980224609375,15.19237995147705,84.36752319335938,13.41181755065918,28.379987716674805,2.815779447555542,73.76168823242188,-7.585160732269287,1.5465261936187744,-5.340156078338623,-0.44441866874694824,-9.53116226196289,2.8095905780792236,1012.7144775390625,8.7144775390625,0.0,0.0,132.00302124023438,101.00302124023438,2.004518748314954
2008338N06092,UNNAMED,2008-12-05 09:00:00,8.2,87.9,30.0,1004.0,57.0,1,2008,12,2,-2.4492935982947064e-16,1.0,0.4999999999999991,-0.5999999999999943,0.6999999999999993,-0.8999999999999915,0.0,4.0,5.0,14.387195435122031,-0.76497305185079,0.6440622873155116,0.40000000000000036,-0.8000000000000114,1.0,0.3000000000000007,-1.7000000000000028,1.0,0.10000000000000142,-2.8000000000000114,0.0,0.0,-3.4000000000000057,0.0,0.0,31.0,2.0,test,28.08849334716797,-3.0401952266693115,20.246807098388672,8.67347526550293,79.09320068359375,-0.41894587874412537,8.270018577575684,-0.14293090999126434,16.04867172241211,22.72900390625,-3.2164599895477295,-1.8467700481414795,2.450615167617798,0.0,647.4011840820312,29.48927879333496,-3.41131591796875,11.988922119140625,81.9205551147461,12.202984809875488,28.366308212280273,2.0695300102233887,70.34178924560547,-7.0834150314331055,1.3612858057022095,-4.922097682952881,-0.6695811152458191,-9.048567771911621,2.586806535720825,1010.7057495117188,6.70574951171875,0.0,0.0,131.60641479492188,101.60641479492188,2.0801288949479226
2008338N06092,UNNAMED,2008-12-05 12:00:00,8.6,87.5,30.0,1004.0,60.0,1,2008,12,2,-2.4492935982947064e-16,1.0,0.6999999999999993,-0.7000000000000028,0.8999999999999995,-1.0999999999999943,-1.0,0.0,5.0,18.243391481855877,-0.7030978508017377,0.7110931107794375,0.0,-0.7999999999999972,0.0,-0.1999999999999993,-1.9000000000000057,1.0,-0.29999999999999893,-2.700000000000003,1.0,-0.40000000000000036,-3.4000000000000057,0.0,0.0,31.0,2.0,test,28.095367431640625,-2.975341796875,18.34400177001953,6.209499359130859,73.1403579711914,2.5267603397369385,7.273007392883301,0.656817615032196,25.547069549560547,22.40655517578125,-2.7932496070861816,-1.585363745689392,1.6441650390625,0.0,613.281494140625,26.362529754638672,-3.45977783203125,10.072579383850098,76.73220825195312,13.298359870910645,28.361841201782227,1.8306400775909424,62.72568893432617,-7.785947322845459,0.8796669244766235,-5.250332832336426,-1.2185730934143066,-10.143092155456543,2.0995078086853027,1011.4234619140625,7.4234619140625,0.0,0.002669937675818801,131.974365234375,101.974365234375,2.1808533558517484
2008338N06092,UNNAMED,2008-12-05 15:00:00,8.6,87.1,31.0,1004.0,63.0,1,2008,12,2,-2.4492935982947064e-16,1.0,0.40000000000000036,-0.8000000000000114,0.8999999999999995,-1.4000000000000057,1.0,1.0,5.0,16.4270419497083,-0.8923884257605749,0.4512680994359816,-0.09999999999999964,-0.8999999999999915,0.0,-0.29999999999999893,-2.0,-1.0,-0.40000000000000036,-2.5999999999999943,-1.0,-0.40000000000000036,-3.299999999999997,-2.0,0.0,31.0,2.0,test,28.103374481201172,-2.995353937149048,17.567840576171875,6.495942115783691,71.72579956054688,4.277944564819336,9.301419258117676,-0.09351623803377151,23.358476638793945,22.459388732910156,0.9709277153015137,-2.658137321472168,1.6811596155166626,0.0,572.402587890625,27.227643966674805,-3.51702880859375,7.923890590667725,72.98393249511719,14.08279800415039,28.363643646240234,2.194659948348999,56.7483024597168,-8.200624465942383,0.763155460357666,-5.949721336364746,-1.323000192642212,-10.440706253051758,2.0025577545166016,1013.5263061523438,9.52630615234375,0.0,0.7314276099205017,131.91629028320312,100.91629028320312,2.1808533558517484
2008338N06092,UNNAMED,2008-12-05 18:00:00,8.6,86.7,30.0,1004.0,66.0,1,2008,12,2,-2.4492935982947064e-16,1.0,0.0,-0.7999999999999972,0.6999999999999993,-1.5,0.0,-1.0,5.0,14.659302105402853,-1.0,6.123233995736766e-17,-0.1999999999999993,-1.1000000000000085,1.0,-0.29999999999999893,-1.9000000000000057,1.0,-0.40000000000000036,-2.6000000000000085,0.0,-0.40000000000000036,-3.1000000000000085,0.0,0.0,31.0,2.0,test,28.08388328552246,-2.5013134479522705,15.840744018554688,5.194703578948975,71.9580307006836,4.374045372009277,8.337593078613281,0.34424254298210144,24.41667938232422,22.278352737426758,0.7770581245422363,-2.7713963985443115,1.864682674407959,0.0,531.6575317382812,24.640811920166016,-3.52630615234375,6.190810203552246,70.53694915771484,13.986656188964844,28.36502456665039,2.5537517070770264,53.071224212646484,-7.935044288635254,0.9132168889045715,-6.033187389373779,-1.1081571578979492,-9.98193073272705,2.156003713607788,1012.8052368164062,8.80523681640625,0.0,0.7315466403961182,132.0173797607422,102.01737976074219,2.1808533558517484
2008338N06092,UNNAMED,2008-12-05 21:00:00,8.5,86.2,31.0,1004.6666666666666,69.0,1,2008,12,2,-2.4492935982947064e-16,1.0,-0.09999999999999964,-0.8999999999999915,0.3000000000000007,-1.7000000000000028,0.0,1.0,5.0,16.59981821912317,-0.9937484026165707,-0.11164278882674938,-0.1999999999999993,-1.1000000000000085,-1.0,-0.3000000000000007,-1.7000000000000028,-1.0,-0.3000000000000007,-2.4000000000000057,-2.0,-0.40000000000000036,-2.9000000000000057,-6.0,0.0,31.0,2.0,test,28.112163543701172,-2.809558153152466,13.4326171875,6.325881481170654,64.90050506591797,-2.146146774291992,7.229518890380859,-0.08287353813648224,20.406641006469727,23.010875701904297,-3.173510789871216,-2.7843871116638184,2.1393065452575684,0.0,478.0937805175781,22.348541259765625,-3.07037353515625,4.775526523590088,69.10346984863281,13.256063461303711,28.372631072998047,2.1281425952911377,52.009849548339844,-7.658191680908203,0.7405457496643066,-5.915380001068115,-1.1724202632904053,-9.621639251708984,1.9324915409088135,1011.3582153320312,6.691548665364621,0.0,0.7831506133079529,132.43417358398438,101.43417358398438,2.155682013796467
2008338N06092,UNNAMED,2008-12-06 00:00:00,8.4,85.6,31.0,1005.3333333333334,72.0,1,2008,12,2,-2.4492935982947064e-16,1.0,-0.1999999999999993,-1.1000000000000085,-0.1999999999999993,-1.9000000000000057,1.0,1.0,1.0,20.504838191208467,-0.9835268278462739,-0.18076221647967763,-0.09999999999999964,-0.7999999999999972,0.0,-0.20000000000000107,-1.5,-1.0,-0.20000000000000107,-2.0,-1.0,-0.20000000000000107,-2.5,-6.0,0.0,31.0,2.0,test,28.40648078918457,-2.2759571075439453,14.396833419799805,2.743844747543335,72.21895599365234,0.5010107159614563,5.089702606201172,0.4621441662311554,21.235624313354492,22.568771362304688,-2.0486059188842773,-1.8417505025863647,1.3043115139007568,0.0,414.76690673828125,19.415332794189453,-3.017578125,5.27442741394043,70.67839813232422,13.446264266967773,28.487024307250977,0.7403338551521301,52.585540771484375,-7.936650276184082,1.0208466053009033,-5.917318820953369,-1.2626097202301025,-9.965612411499023,2.741689443588257,1011.9036865234375,6.570353190104129,0.0,0.03235733509063721,135.94796752929688,104.94796752929688,2.1305041051599236
2008338N06092,UNNAMED,2008-12-06 03:00:00,8.3,85.1,30.0,1006.0,75.0,1,2008,12,2,-2.4492935982947064e-16,1.0,-0.1999999999999993,-1.1000000000000085,-0.29999999999999893,-2.0,-1.0,-1.0,0.0,20.509919990171905,-0.9835350583609872,-0.18071742853097883,-0.10000000000000142,-0.5999999999999943,0.0,-0.10000000000000142,-1.2999999999999972,-1.0,-0.20000000000000107,-1.7999999999999972,-5.0,-0.20000000000000107,-2.299999999999997,-5.0,0.0,31.0,2.0,test,28.51651954650879,-2.0437231063842773,17.865982055664062,3.6240899562835693,74.47900390625,-0.03549116104841232,4.751701354980469,0.6069775223731995,19.249374389648438,22.574949264526367,1.759890079498291,-1.260800838470459,1.409885287284851,0.0,361.33758544921875,22.1201229095459,-2.597412109375,3.760929822921753,72.62754821777344,12.880620002746582,28.4658145904541,1.1688659191131592,55.09033966064453,-8.240710258483887,1.1461411714553833,-6.3911237716674805,-1.285321593284607,-10.140486717224121,2.8904106616973877,1013.7913208007812,7.79132080078125,0.0,0.48312345147132874,137.14817810058594,107.14817810058594,2.1053197066383937
2008338N06092,UNNAMED,2008-12-06 06:00:00,8.3,84.8,31.0,1006.0,78.0,1,2008,12,2,-2.4492935982947064e-16,1.0,-0.09999999999999964,-0.7999999999999972,-0.29999999999999893,-1.9000000000000057,0.0,1.0,0.0,14.787300238975476,-0.9921154714954874,-0.12532713680319468,-0.10000000000000142,-0.7000000000000028,-1.0,-0.10000000000000142,-1.2000000000000028,-1.0,-0.10000000000000142,-1.7000000000000028,-6.0,-0.20000000000000107,-2.200000000000003,-9.0,0.0,31.0,2.0,test,28.535816192626953,-2.363757371902466,18.21209716796875,7.815262317657471,68.35649871826172,-3.6218018531799316,5.884380340576172,0.21598388254642487,16.30679702758789,22.721479415893555,0.6964966058731079,-1.5944970846176147,1.762841820716858,0.0,331.05645751953125,20.708572387695312,-2.6553955078125,3.297555685043335,68.26567840576172,11.775242805480957,28.44974136352539,0.7618324160575867,50.82802963256836,-7.848053932189941,1.098537564277649,-6.3982157707214355,-1.399757981300354,-9.495113372802734,2.7717933654785156,1013.1192016601562,7.11920166015625,0.0025140484794974327,0.4133608341217041,137.67282104492188,106.67282104492188,2.1053197066383937
2008338N06092,UNNAMED,2008-12-06 09:00:00,8.2,84.5,30.0,1006.0,81.0,1,2008,12,2,-2.4492935982947064e-16,1.0,-0.10000000000000142,-0.5999999999999943,-0.3000000000000007,-1.7000000000000028,0.0,-1.0,0.0,11.160758889448182,-0.986117244230084,-0.16605053637993747,0.0,-0.7000000000000028,-1.0,-0.09999999999999964,-1.2000000000000028,-5.0,-0.09999999999999964,-1.7000000000000028,-5.0,-0.1999999999999993,-2.200000000000003,-5.0,0.0,30.0,2.0,test,28.526325225830078,-2.7063231468200684,16.221853256225586,7.5796380043029785,58.10645294189453,-7.569521427154541,6.301116943359375,-0.396759033203125,16.698047637939453,23.178741455078125,-4.491247653961182,-3.0707154273986816,2.1940674781799316,0.0,297.8968505859375,18.7679500579834,-2.8121337890625,3.2899868488311768,62.82002639770508,10.966597557067871,28.429964065551758,0.485678106546402,43.46249771118164,-7.23121976852417,1.1042667627334595,-6.227557182312012,-1.3648884296417236,-8.627689361572266,2.7116899490356445,1010.3895263671875,4.3895263671875,0.036621663719415665,0.13447536528110504,137.8769989013672,107.87699890136719,2.0801288949479226
2008338N06092,UNNAMED,2008-12-06 12:00:00,8.2,84.1,30.0,1004.0,84.0,1,2008,12,2,-2.4492935982947064e-16,1.0,-0.10000000000000142,-0.7000000000000028,-0.20000000000000107,-1.5,-1.0,-1.0,0.0,12.973172583920908,-0.9897439902574993,-0.14285248947485404,0.0,-0.5,0.0,0.0,-1.0,-5.0,-0.09999999999999964,-1.5,-8.0,,,-5.0,0.0,30.0,2.0,test,28.539371490478516,-2.8190648555755615,15.638362884521484,7.972185134887695,61.5399169921875,-0.885614275932312,2.0068931579589844,-0.3916851878166199,19.118358612060547,23.247783660888672,-3.4637744426727295,-2.919179677963257,0.8952661156654358,0.0,257.841796875,18.07610511779785,-2.87701416015625,3.6323423385620117,65.11257934570312,11.354010581970215,28.397789001464844,1.1662724018096924,41.577388763427734,-7.589656829833984,1.170802116394043,-6.786137104034424,-1.4297044277191162,-8.925402641296387,2.936680555343628,1010.9305419921875,6.9305419921875,0.6020763516426086,0.8811843991279602,137.67494201660156,107.67494201660156,2.0801288949479226
2008338N06092,UNNAMED,2008-12-06 15:00:00,8.2,83.8,29.0,1004.0,87.0,1,2008,12,2,-2.4492935982947064e-16,1.0,0.0,-0.7000000000000028,-0.10000000000000142,-1.2999999999999972,-1.0,-1.0,-2.0,12.840119599509071,-1.0,6.123233995736766e-17,-0.09999999999999964,-0.5,-4.0,-0.09999999999999964,-1.0,-4.0,-0.1999999999999993,-1.5,-4.0,,,-7.0,0.0,30.0,2.0,test,28.530231475830078,-2.011049747467041,17.580415725708008,3.3225762844085693,67.01985168457031,2.267934560775757,4.768009185791016,-0.046149902045726776,9.858789443969727,23.22606658935547,2.4037182331085205,-1.953039526939392,1.7015576362609863,0.0,228.17822265625,25.917957305908203,-2.104736328125,5.439275741577148,65.9730224609375,11.179559707641602,28.382532119750977,1.74057137966156,41.996673583984375,-7.66922664642334,1.3147540092468262,-7.089046955108643,-0.963469922542572,-8.86292552947998,2.8938114643096924,1012.8828125,8.8828125,0.9461402893066406,0.9974688291549683,137.09454345703125,108.09454345703125,2.0801288949479226
2008338N06092,UNNAMED,2008-12-06 18:00:00,8.2,83.6,30.0,1004.0,90.0,1,2008,12,2,-2.4492935982947064e-16,1.0,0.0,-0.5,-0.10000000000000142,-1.2000000000000028,0.0,-1.0,0.0,9.1715139996493,-1.0,6.123233995736766e-17,0.0,-0.5,-5.0,-0.09999999999999964,-1.0,-8.0,,,-5.0,,,-8.0,0.0,30.0,2.0,test,28.484683990478516,-2.238825798034668,13.529413223266602,4.96994161605835,61.98612976074219,-2.99658465385437,3.0527687072753906,-0.06567993015050888,9.501328468322754,23.670238494873047,1.8022558689117432,-1.5362036228179932,1.554294466972351,0.0,208.70401000976562,32.074092864990234,-2.6673583984375,4.573972225189209,65.57960510253906,10.092971801757812,28.37268829345703,1.2529114484786987,43.45523452758789,-7.212823390960693,1.4972987174987793,-6.898746013641357,-0.38415732979774475,-8.236549377441406,2.851375102996826,1012.5042114257812,8.50421142578125,0.9376171231269836,0.9982293248176575,136.52723693847656,106.52723693847656,2.0801288949479226
2008338N06092,UNNAMED,2008-12-06 21:00:00,8.1,83.3,25.0,1005.0,93.0,1,2008,12,2,-2.4492935982947064e-16,1.0,-0.09999999999999964,-0.5,-0.09999999999999964,-1.2000000000000028,-4.0,-5.0,-6.0,9.359127377459968,-0.9801989382482139,-0.19801525561702088,0.0,-0.5,0.0,-0.09999999999999964,-1.0,0.0,,,-3.0,,,-3.0,0.0,25.0,1.0,test,28.366636276245117,-2.251643180847168,16.355287551879883,2.7692959308624268,55.13311767578125,2.096912384033203,0.6469917297363281,0.060359496623277664,16.423202514648438,23.48271369934082,-2.6179394721984863,-0.6536230444908142,1.665653109550476,0.0,175.65057373046875,48.697479248046875,-3.10638427734375,5.263060569763184,61.74296569824219,10.008986473083496,28.36113166809082,1.0730955600738525,44.034053802490234,-6.781306266784668,1.4862332344055176,-6.560372829437256,-0.16286447644233704,-7.749825477600098,2.713942527770996,1010.8975830078125,5.8975830078125,0.9690391421318054,0.9980541467666626,135.11627197265625,110.11627197265625,2.054931746824093
2008338N06092,UNNAMED,2008-12-07 00:00:00,8.2,83.1,25.0,1006.0,96.0,1,2008,12,2,-2.4492935982947064e-16,1.0,0.0,-0.5,0.0,-1.0,-5.0,-5.0,-6.0,9.1715139996493,-1.0,6.123233995736766e-17,-0.09999999999999964,-0.5,-3.0,,,0.0,,,-3.0,,,-3.0,0.0,25.0,1.0,test,28.295991897583008,-1.8869580030441284,14.520000457763672,2.324922561645508,57.206275939941406,-4.8015055656433105,3.4841537475585938,0.666778564453125,16.20816421508789,23.823837280273438,-1.461574673652649,-0.7164233326911926,1.7267321348190308,0.0,161.5345916748047,55.7479133605957,-2.2242431640625,8.596040725708008,53.94769287109375,11.403162956237793,28.29474449157715,1.5240044593811035,36.90656280517578,-6.953328609466553,1.4255578517913818,-6.497642517089844,-0.19661273062229156,-7.986649990081787,2.836113452911377,1010.8922729492188,4.89227294921875,0.9776670336723328,0.9968364238739014,134.06353759765625,109.06353759765625,2.0801288949479226
2008338N06092,UNNAMED,2008-12-07 03:00:00,8.1,82.8,25.0,1006.0,99.0,1,2008,12,2,-2.4492935982947064e-16,1.0,0.0,-0.5,-0.09999999999999964,-1.0,0.0,-4.0,-5.0,9.173806718316051,-1.0,6.123233995736766e-17,-0.09999999999999964,-0.5,0.0,,,-3.0,,,-3.0,,,-3.0,0.0,25.0,1.0,test,28.156227111816406,-2.3495311737060547,10.451278686523438,5.305037021636963,53.82859802246094,-1.6673223972320557,0.3888130187988281,0.1936914026737213,16.776172637939453,25.64895248413086,2.78399658203125,-0.6318652629852295,1.3757836818695068,0.0,129.02490234375,27.332983016967773,-2.740966796875,6.538955211639404,54.87473678588867,10.864874839782715,28.278194427490234,0.33100181818008423,38.23176193237305,-7.361138820648193,1.6692042350769043,-6.840330123901367,0.16401544213294983,-8.403779983520508,2.9745655059814453,1013.3829956054688,7.38299560546875,0.45300590991973877,0.9918414354324341,132.29017639160156,107.29017639160156,2.054931746824093
2008338N06092,UNNAMED,2008-12-07 06:00:00,8.1,82.6,22.0,1006.0,102.0,1,2008,12,2,-2.4492935982947064e-16,1.0,-0.09999999999999964,-0.5,-0.09999999999999964,-1.0,-3.0,-8.0,-9.0,9.359127377459968,-0.9801989382482139,-0.19801525561702088,,,3.0,,,0.0,,,0.0,,,0.0,0.0,25.0,1.0,test,28.052085876464844,-1.8576122522354126,13.069064140319824,4.259705543518066,58.44676208496094,0.24580976366996765,0.1206207275390625,-0.3545568883419037,11.666640281677246,23.143117904663086,2.0022242069244385,0.12444335967302322,0.9817785620689392,0.0,111.85289764404297,31.503219604492188,-2.1619873046875,2.5504605770111084,56.924007415771484,10.971415519714355,28.256425857543945,0.25038015842437744,42.567344665527344,-7.179532527923584,1.686147689819336,-6.412887096405029,0.2879551351070404,-8.398921966552734,2.8951120376586914,1012.5885620117188,6.58856201171875,0.2255067080259323,0.989585816860199,131.3888397216797,109.38883972167969,2.054931746824093
2008338N06092,UNNAMED,2008-12-07 09:00:00,8.0,82.3,25.0,1006.0,105.0,1,2008,12,2,-2.4492935982947064e-16,1.0,-0.09999999999999964,-0.5,-0.09999999999999964,-1.0,0.0,0.0,-5.0,9.361347316939222,-0.9802084231371916,-0.19796829849978592,,,-3.0,,,-3.0,,,-3.0,,,-3.0,0.0,25.0,1.0,test,27.89068031311035,-1.87066650390625,19.52048683166504,1.103402853012085,62.26844024658203,-6.426868915557861,0.432586669921875,0.23126526176929474,17.260936737060547,23.216686248779297,-2.591747999191284,0.19063720107078552,0.9377380609512329,0.0,80.25128173828125,24.529613494873047,-2.0167236328125,4.527560710906982,61.097076416015625,11.32041072845459,28.22700309753418,0.5738818645477295,45.72269821166992,-6.623263835906982,1.8127118349075317,-5.722317218780518,0.4032958447933197,-7.876292705535889,3.0256118774414062,1009.8378295898438,3.83782958984375,0.14083655178546906,0.9910874366760254,130.2354736328125,105.2354736328125,2.029728339021786
2008338N06092,UNNAMED,2008-12-07 12:00:00,7.9,81.9,25.0,1006.0,108.0,1,2008,12,2,-2.4492935982947064e-16,1.0,-0.1999999999999993,-0.6999999999999886,-0.29999999999999893,-1.1999999999999886,3.0,0.0,-5.0,13.373525171538011,-0.9608260704942315,-0.2771520562049179,,,-3.0,,,-3.0,,,-3.0,,,-3.0,0.0,25.0,1.0,test,27.849899291992188,-1.9052904844284058,17.802762985229492,9.93032169342041,56.63652420043945,-5.6944050788879395,2.272742986679077,0.4444988965988159,15.234492301940918,23.148582458496094,-2.22601318359375,-1.0333105325698853,1.1494238376617432,0.06719031929969788,43.79458999633789,22.024545669555664,-2.021240234375,7.7399091720581055,62.278465270996094,12.61834716796875,28.200294494628906,0.33415037393569946,46.06664276123047,-6.678048610687256,1.684418797492981,-5.727417945861816,0.10805153101682663,-7.884736061096191,2.994568347930908,1009.9456176757812,3.94561767578125,0.00021069917420390993,0.8612852692604065,128.89334106445312,103.89334106445312,2.004518748314954
2008338N06092,UNNAMED,2008-12-07 15:00:00,7.7,81.5,22.0,1006.0,111.0,1,2008,12,2,-2.4492935982947064e-16,1.0,-0.2999999999999998,-0.7999999999999972,-0.39999999999999947,-1.2999999999999972,-3.0,-3.0,-7.0,15.70907369993578,-0.9352758284552559,-0.3539196585488503,,,0.0,,,0.0,,,0.0,,,0.0,0.0,22.0,1.0,test,,-1.1771240234375,16.26654624938965,10.41838264465332,54.16218185424805,-0.1857532560825348,1.2545547485351562,0.257577508687973,7.557226657867432,22.829065322875977,2.977001905441284,0.30120849609375,,0.8426459431648254,0.0,25.28156089782715,-1.83929443359375,6.101269245147705,62.7950325012207,12.496394157409668,28.189573287963867,1.350449800491333,50.03384780883789,-6.944478988647461,1.8394719362258911,-6.216794013977051,0.3356044292449951,-7.968421936035156,3.0807976722717285,1012.5079345703125,6.5079345703125,0.0,0.01831134967505932,128.06085205078125,106.06085205078125,1.9540813253774552
2008338N06092,UNNAMED,2008-12-07 18:00:00,7.5,81.0,22.0,1006.0,114.0,1,2008,12,2,-2.4492935982947064e-16,1.0,-0.40000000000000036,-0.9000000000000057,-0.5999999999999996,-1.5999999999999943,-3.0,0.0,-8.0,18.122093604959034,-0.9125080724417003,-0.4090586971679403,,,0.0,,,0.0,,,0.0,,,0.0,0.0,22.0,1.0,test,,-0.21282958984375,18.728897094726562,9.34547233581543,60.5815315246582,-10.496940612792969,4.909515380859375,0.7177734375,7.3505859375,23.0186767578125,3.16748046875,0.181884765625,,0.9394968748092651,0.0,24.303850173950195,-1.36895751953125,5.129822731018066,63.45361328125,11.341660499572754,28.2033634185791,1.5614912509918213,49.49699783325195,-6.718572616577148,1.9893198013305664,-6.240349769592285,0.6247535943984985,-7.518808841705322,3.1462645530700684,1012.34326171875,6.34326171875,0.0074791149236261845,0.0,128.32989501953125,106.32989501953125,1.903620092575676
2008338N06092,UNNAMED,2008-12-07 21:00:00,7.3,80.4,22.0,1006.0,117.0,1,2008,12,2,-2.4492935982947064e-16,1.0,-0.40000000000000036,-1.0999999999999943,-0.7000000000000002,-1.8999999999999915,0.0,-3.0,-3.0,21.536519679883213,-0.9388941404454093,-0.34420603283102996,,,0.0,,,0.0,,,0.0,,,-2.0,0.0,22.0,1.0,test,,-1.2049169540405273,15.895379066467285,2.3649744987487793,61.11018371582031,6.461638450622559,2.2790911197662354,0.36700865626335144,13.517460823059082,23.928977966308594,-2.750073194503784,-0.6869604587554932,,0.995398759841919,0.0,17.924131393432617,-1.7303466796875,4.08283805847168,67.15828704833984,10.15119457244873,28.2703914642334,1.7822459936141968,56.72251510620117,-6.463534355163574,1.9503790140151978,-6.135741710662842,0.6270523071289062,-7.089937686920166,3.0394287109375,1010.6251220703125,4.6251220703125,0.1144266277551651,0.0,139.78408813476562,117.78408813476562,1.853135664763816
2008338N06092,UNNAMED,2008-12-08 00:00:00,7.0,79.9,22.0,1006.0,120.0,1,2008,12,2,-2.4492935982947064e-16,1.0,-0.5,-1.0999999999999943,-0.9000000000000004,-2.0,0.0,-3.0,-3.0,22.25466150865846,-0.9091936852398206,-0.41637344142011995,,,0.0,,,0.0,,,0.0,,,-4.0,0.0,22.0,1.0,test,,-0.9219115972518921,12.567262649536133,6.661858558654785,68.59555053710938,-2.8244917392730713,0.98876953125,0.20896300673484802,7.573046684265137,22.779504776000977,-1.355261206626892,0.6737426519393921,,0.5693850517272949,10.448911666870117,24.14742088317871,-1.56549072265625,2.8000690937042236,65.27740478515625,10.819581031799316,28.383398056030273,1.374782681465149,54.80231857299805,-6.775630950927734,1.8198319673538208,-6.284355640411377,0.5950350761413574,-7.5170979499816895,2.7228987216949463,1010.81884765625,4.81884765625,0.0,0.0,139.37864685058594,117.37864685058594,1.777366878089352
2008338N06092,UNNAMED,2008-12-08 03:00:00,6.8,79.4,22.0,1006.0,123.0,1,2008,12,2,-2.4492935982947064e-16,1.0,-0.5,-1.0,-0.9000000000000004,-2.0999999999999943,0.0,0.0,-3.0,20.603443845144067,-0.8931581252772706,-0.4497427745402825,,,0.0,,,0.0,,,-2.0,,,-6.0,0.0,22.0,1.0,test,28.57518196105957,-1.3184595108032227,13.660512924194336,10.171167373657227,66.52061462402344,-7.063441753387451,1.251068115234375,0.17341002821922302,10.317773818969727,22.73056411743164,2.5502049922943115,0.4439428746700287,2.289309024810791,0.0,62.69347381591797,16.865283966064453,-1.48516845703125,3.9562830924987793,67.47679138183594,10.331191062927246,28.56291389465332,1.970762848854065,56.16499710083008,-7.097570419311523,1.9552135467529297,-6.890058994293213,0.8874998688697815,-7.688477039337158,2.7386889457702637,1013.1980590820312,7.19805908203125,0.0,0.0,139.77655029296875,117.77655029296875,1.726827154575671
2008338N06092,UNNAMED,2008-12-08 06:00:00,6.7,79.1,22.0,1006.0,126.0,1,2008,12,2,-2.4492935982947064e-16,1.0,-0.2999999999999998,-0.8000000000000114,-0.7999999999999998,-1.9000000000000057,0.0,0.0,0.0,15.739409938119694,-0.9355336767991247,-0.3532375115622785,,,0.0,,,0.0,,,-4.0,,,-9.0,0.0,22.0,1.0,test,28.566822052001953,-1.4762890338897705,12.83609676361084,10.94927978515625,65.05242156982422,-0.034570008516311646,1.4565467834472656,-0.32269346714019775,10.795585632324219,22.711679458618164,2.152163028717041,-0.28755369782447815,1.8110766410827637,0.0,94.85912322998047,14.670313835144043,-1.76495361328125,4.586983680725098,69.53519439697266,9.25240421295166,28.645912170410156,1.4004707336425781,60.13938522338867,-6.9907050132751465,1.8815927505493164,-7.024247169494629,1.0064929723739624,-7.4837751388549805,2.592642068862915,1012.8096923828125,6.8096923828125,0.0,0.0,139.98336791992188,117.98336791992188,1.7015493640040948
2008338N06092,UNNAMED,2008-12-08 09:00:00,6.5,78.9,22.0,1006.0,129.0,1,2008,12,2,-2.4492935982947064e-16,1.0,-0.2999999999999998,-0.5,-0.7999999999999998,-1.5,0.0,0.0,-3.0,10.755178872315604,-0.8560234392160293,-0.5169370092310677,,,0.0,,,-2.0,,,-6.0,,,-9.0,0.0,22.0,1.0,test,28.588775634765625,-0.9484497308731079,14.365872383117676,7.731888294219971,64.9050521850586,8.90852165222168,5.47027587890625,-0.01416931115090847,6.974804878234863,22.181543350219727,-2.9203858375549316,-0.539379894733429,1.674707055091858,0.0,118.28901672363281,14.826424598693848,-0.98419189453125,5.900430679321289,71.86907196044922,8.519145011901855,28.69736099243164,1.975878119468689,63.44150924682617,-6.589770793914795,1.78574800491333,-6.515763759613037,1.0044176578521729,-7.169825553894043,2.477569818496704,1009.9886474609375,3.9886474609375,0.0,0.0,140.1067352294922,118.10673522949219,1.6509783102339053
2008338N06092,UNNAMED,2008-12-08 12:00:00,6.4,78.7,22.0,1006.0,132.0,1,2008,12,2,-2.4492935982947064e-16,1.0,-0.2999999999999998,-0.3999999999999915,-0.5999999999999996,-1.2000000000000028,0.0,0.0,-3.0,9.229332893085425,-0.7981943733177636,-0.6023999853949723,,,0.0,,,-4.0,,,-9.0,,,-9.0,0.0,22.0,1.0,test,28.64842414855957,-1.1486597061157227,13.409619331359863,8.18238639831543,68.21216583251953,0.5921952724456787,4.825401306152344,-0.24834229052066803,7.017382621765137,22.813512802124023,-2.4218506813049316,-0.3458837866783142,2.0655384063720703,0.0,141.92819213867188,13.744338035583496,-1.345458984375,6.219230651855469,76.41718292236328,9.341816902160645,28.719398498535156,2.7157084941864014,68.92398071289062,-7.1144328117370605,1.5090384483337402,-6.699243545532227,0.7719230651855469,-7.882046222686768,2.1695950031280518,1010.0106811523438,4.01068115234375,0.0,0.0,140.29708862304688,118.29708862304688,1.625685201083492
2008338N06092,UNNAMED,2008-12-08 15:00:00,6.5,78.4,22.0,1006.0,135.0,1,2008,12,2,-2.4492935982947064e-16,1.0,0.0,-0.5,-0.2999999999999998,-1.0,0.0,0.0,0.0,9.206685207663178,-1.0,6.123233995736766e-17,,,-2.0,,,-6.0,,,-9.0,,,-9.0,0.0,22.0,1.0,test,28.692096710205078,-0.790454089641571,8.94304370880127,7.436862468719482,68.2648696899414,3.1473701000213623,5.877399444580078,0.21293334662914276,10.1416015625,21.890661239624023,2.2503905296325684,-0.8559814691543579,2.937652587890625,0.0,169.4906768798828,12.897266387939453,-1.2017822265625,6.525671482086182,78.48353576660156,9.51028060913086,28.73662757873535,3.1249775886535645,71.39095306396484,-7.265535354614258,1.5599538087844849,-7.082211494445801,1.049749493598938,-7.874751567840576,2.1121809482574463,1012.2216796875,6.2216796875,0.0,0.0,140.81224060058594,118.81224060058594,1.6509783102339053
2008338N06092,UNNAMED,2008-12-08 18:00:00,6.6,78.1,22.0,1006.0,138.0,1,2008,12,2,-2.4492935982947064e-16,1.0,0.1999999999999993,-0.6000000000000085,-0.10000000000000053,-1.0,0.0,0.0,0.0,11.65109552538817,-0.9480489146299195,0.3181245911101994,,,-4.0,,,-9.0,,,-9.0,,,-9.0,0.0,22.0,1.0,test,28.76006507873535,-0.8268871903419495,5.815595626831055,7.329775810241699,65.13243865966797,7.320559501647949,8.000965118408203,0.3433331251144409,8.381523132324219,22.707412719726562,2.559951066970825,-0.14223632216453552,2.6636974811553955,0.0,183.55441284179688,26.819610595703125,-1.310302734375,10.070094108581543,79.01615905761719,9.14033317565918,28.749996185302734,2.9688327312469482,71.46776580810547,-7.1298980712890625,1.6948198080062866,-7.025563716888428,1.536758303642273,-7.724050521850586,2.0415308475494385,1012.5932006835938,6.59320068359375,0.0,0.0,141.73155212402344,119.73155212402344,1.676266390218065
2008338N06092,UNNAMED,2008-12-08 21:00:00,6.7,77.7,20.0,1006.0,141.0,1,2008,12,2,-2.4492935982947064e-16,1.0,0.20000000000000018,-0.7000000000000028,0.20000000000000018,-1.2000000000000028,-2.0,-2.0,-2.0,13.406699092563153,-0.9610236237007386,0.27646626320240447,,,-4.0,,,-7.0,,,-7.0,,,,,20.0,1.0,test,28.899322509765625,-0.34447264671325684,3.1309499740600586,12.77488899230957,85.38951110839844,1.3565292358398438,9.666028022766113,0.8549407720565796,8.733750343322754,22.305025100708008,-1.6988672018051147,0.5110327005386353,3.261469841003418,0.0,172.3522491455078,32.26443099975586,-1.52716064453125,14.547818183898926,80.46729278564453,9.58857536315918,28.772541046142578,4.086797714233398,71.1103515625,-6.642673492431641,1.7035365104675293,-6.5301079750061035,1.816599726676941,-7.261939525604248,1.8658819198608398,1010.8857421875,4.8857421875,0.0,0.0,142.5773468017578,122.57734680175781,1.7015493640040948
2008338N06092,UNNAMED,2008-12-09 00:00:00,6.7,77.3,18.0,1006.0,144.0,1,2008,12,2,-2.4492935982947064e-16,1.0,0.10000000000000053,-0.7999999999999972,0.2999999999999998,-1.4000000000000057,-4.0,-4.0,-4.0,14.840914415903535,-0.9921725600868966,0.12487438092184291,,,-5.0,,,-5.0,,,-5.0,,,,,18.0,1.0,test,28.493648529052734,-0.4709521532058716,-2.730591297149658,10.702922821044922,102.36881256103516,5.17325496673584,22.506921768188477,0.23769530653953552,1.7292187213897705,22.647262573242188,-2.048093318939209,0.6089526414871216,2.9932971000671387,0.0,172.3522491455078,25.16440200805664,-1.71160888671875,15.839350700378418,81.18318176269531,8.921399116516113,28.495628356933594,3.2152488231658936,70.35910034179688,-6.2429680824279785,1.5316218137741089,-5.751214981079102,1.7636784315109253,-7.121514320373535,1.6608967781066895,1010.896484375,4.896484375,0.0,0.0,136.69384765625,118.69384765625,1.7015493640040948
